{
"type": "FeatureCollection",
"name": "osm_hospitals",
"crs": { "type": "name", "properties": { "name": "urn:ogc:def:crs:OGC:1.3:CRS84" } },
"features": [
{ "type": "Feature", "properties": { "osm_id": 360517629, "osm_type": "way", "amenity": "hospital", "name": "Joshi Multispeciality Hospital", "latitude": 18.4468831, "longitude": 73.7999103 }, "geometry": { "type": "Point", "coordinates": [ 73.7999103, 18.4468831 ] } },
{ "type": "Feature", "properties": { "osm_id": 13594692099, "osm_type": "node", "amenity": "hospital", "name": "Anuja Multispeciality Hospital", "latitude": 18.4477588, "longitude": 73.8106351 }, "geometry": { "type": "Point", "coordinates": [ 73.8106351, 18.4477588 ] } },
{ "type": "Feature", "properties": { "osm_id": 7226627660, "osm_type": "node", "amenity": "hospital", "name": "Murlidhar Pandurang Laigude Hospital", "latitude": 18.4623918, "longitude": 73.804957 }, "geometry": { "type": "Point", "coordinates": [ 73.804957, 18.4623918 ] } },
{ "type": "Feature", "properties": { "osm_id": 1762218902, "osm_type": "node", "amenity": "hospital", "name": "Trimurti Hospital", "latitude": 18.462396, "longitude": 73.8150518 }, "geometry": { "type": "Point", "coordinates": [ 73.8150518, 18.462396 ] } },
{ "type": "Feature", "properties": { "osm_id": 12942061149, "osm_type": "node", "amenity": "hospital", "name": "Morya Multispeciality Hospital", "latitude": 18.4643737, "longitude": 73.8152989 }, "geometry": { "type": "Point", "coordinates": [ 73.8152989, 18.4643737 ] } },
{ "type": "Feature", "properties": { "osm_id": 8811048175, "osm_type": "node", "amenity": "hospital", "name": "Morya Multispeciality Hospital", "latitude": 18.4643898, "longitude": 73.8153134 }, "geometry": { "type": "Point", "coordinates": [ 73.8153134, 18.4643898 ] } },
{ "type": "Feature", "properties": { "osm_id": 365655173, "osm_type": "way", "amenity": "hospital", "name": "Sharad Hospital", "latitude": 18.4684452, "longitude": 73.8189649 }, "geometry": { "type": "Point", "coordinates": [ 73.8189649, 18.4684452 ] } },
{ "type": "Feature", "properties": { "osm_id": 1309316787, "osm_type": "node", "amenity": "hospital", "name": "Dr. Naik Clinic", "latitude": 18.4745644, "longitude": 73.8140764 }, "geometry": { "type": "Point", "coordinates": [ 73.8140764, 18.4745644 ] } },
{ "type": "Feature", "properties": { "osm_id": 8814055556, "osm_type": "node", "amenity": "hospital", "name": "Late Pruthak Barate Hospital", "latitude": 18.4753187, "longitude": 73.7975854 }, "geometry": { "type": "Point", "coordinates": [ 73.7975854, 18.4753187 ] } },
{ "type": "Feature", "properties": { "osm_id": 7226627607, "osm_type": "node", "amenity": "hospital", "name": "Rural Hospital Velhe", "latitude": 18.298535, "longitude": 73.638354 }, "geometry": { "type": "Point", "coordinates": [ 73.638354, 18.298535 ] } },
{ "type": "Feature", "properties": { "osm_id": 7649461715, "osm_type": "node", "amenity": "hospital", "name": "Shree Ganesh Hospital", "latitude": 18.509568, "longitude": 73.69005 }, "geometry": { "type": "Point", "coordinates": [ 73.69005, 18.509568 ] } },
{ "type": "Feature", "properties": { "osm_id": 7649461806, "osm_type": "node", "amenity": "hospital", "name": "Shree Sai Hospital", "latitude": 18.5102804, "longitude": 73.689908 }, "geometry": { "type": "Point", "coordinates": [ 73.689908, 18.5102804 ] } },
{ "type": "Feature", "properties": { "osm_id": 11292633361, "osm_type": "node", "amenity": "hospital", "name": "Jeevan Uday Multispeciality Hospital", "latitude": 18.4429741, "longitude": 73.7807861 }, "geometry": { "type": "Point", "coordinates": [ 73.7807861, 18.4429741 ] } },
{ "type": "Feature", "properties": { "osm_id": 5695637393, "osm_type": "node", "amenity": "hospital", "name": "Metro Chemist", "latitude": 18.4598178, "longitude": 73.7859551 }, "geometry": { "type": "Point", "coordinates": [ 73.7859551, 18.4598178 ] } },
{ "type": "Feature", "properties": { "osm_id": 5695637395, "osm_type": "node", "amenity": "hospital", "name": "Damle Pediatric & general practice", "latitude": 18.4602735, "longitude": 73.7856466 }, "geometry": { "type": "Point", "coordinates": [ 73.7856466, 18.4602735 ] } },
{ "type": "Feature", "properties": { "osm_id": 1271492108, "osm_type": "way", "amenity": "hospital", "name": "Unnamed", "latitude": 18.4625338, "longitude": 73.7747535 }, "geometry": { "type": "Point", "coordinates": [ 73.7747535, 18.4625338 ] } },
{ "type": "Feature", "properties": { "osm_id": 7073916601, "osm_type": "node", "amenity": "hospital", "name": "Sanjeevani Hospital", "latitude": 18.4626294, "longitude": 73.7748331 }, "geometry": { "type": "Point", "coordinates": [ 73.7748331, 18.4626294 ] } },
{ "type": "Feature", "properties": { "osm_id": 7226627646, "osm_type": "node", "amenity": "hospital", "name": "Arvind Ganpat Bartakke Dawakhana Atulnagar", "latitude": 18.48356, "longitude": 73.792632 }, "geometry": { "type": "Point", "coordinates": [ 73.792632, 18.48356 ] } },
{ "type": "Feature", "properties": { "osm_id": 7614911547, "osm_type": "node", "amenity": "hospital", "name": "FPA , Kothrud", "latitude": 18.506552, "longitude": 73.7886402 }, "geometry": { "type": "Point", "coordinates": [ 73.7886402, 18.506552 ] } },
{ "type": "Feature", "properties": { "osm_id": 11786307337, "osm_type": "node", "amenity": "hospital", "name": "Capital Hospital", "latitude": 18.5084717, "longitude": 73.793338 }, "geometry": { "type": "Point", "coordinates": [ 73.793338, 18.5084717 ] } },
{ "type": "Feature", "properties": { "osm_id": 7072947989, "osm_type": "node", "amenity": "hospital", "name": "Borse Nursing Home", "latitude": 18.5093803, "longitude": 73.7901476 }, "geometry": { "type": "Point", "coordinates": [ 73.7901476, 18.5093803 ] } },
{ "type": "Feature", "properties": { "osm_id": 7073537787, "osm_type": "node", "amenity": "hospital", "name": "Om Hospital, Bavdhan", "latitude": 18.5164841, "longitude": 73.7818475 }, "geometry": { "type": "Point", "coordinates": [ 73.7818475, 18.5164841 ] } },
{ "type": "Feature", "properties": { "osm_id": 7054878680, "osm_type": "node", "amenity": "hospital", "name": "Chaitanya Hospital, Bhaghirathi Nagar", "latitude": 18.4778296, "longitude": 73.7977711 }, "geometry": { "type": "Point", "coordinates": [ 73.7977711, 18.4778296 ] } },
{ "type": "Feature", "properties": { "osm_id": 7043015176, "osm_type": "node", "amenity": "hospital", "name": "Chaitanya Centre For Psychological Help", "latitude": 18.4795175, "longitude": 73.8043727 }, "geometry": { "type": "Point", "coordinates": [ 73.8043727, 18.4795175 ] } },
{ "type": "Feature", "properties": { "osm_id": 7066505782, "osm_type": "node", "amenity": "hospital", "name": "Lodha Hospital, Pune", "latitude": 18.4833651, "longitude": 73.8004071 }, "geometry": { "type": "Point", "coordinates": [ 73.8004071, 18.4833651 ] } },
{ "type": "Feature", "properties": { "osm_id": 7080269598, "osm_type": "node", "amenity": "hospital", "name": "Shree Nursing and Maternity Home", "latitude": 18.4845772, "longitude": 73.8159759 }, "geometry": { "type": "Point", "coordinates": [ 73.8159759, 18.4845772 ] } },
{ "type": "Feature", "properties": { "osm_id": 7049798376, "osm_type": "node", "amenity": "hospital", "name": "Mai Mangeshkar Hospital", "latitude": 18.4851843, "longitude": 73.7997318 }, "geometry": { "type": "Point", "coordinates": [ 73.7997318, 18.4851843 ] } },
{ "type": "Feature", "properties": { "osm_id": 7049902721, "osm_type": "node", "amenity": "hospital", "name": "Kulkarni Hospital and Diagnostic Centre", "latitude": 18.4851967, "longitude": 73.8092832 }, "geometry": { "type": "Point", "coordinates": [ 73.8092832, 18.4851967 ] } },
{ "type": "Feature", "properties": { "osm_id": 5364499, "osm_type": "relation", "amenity": "hospital", "name": "Vinayak Hospital warje pune", "latitude": 18.4857183, "longitude": 73.7967635 }, "geometry": { "type": "Point", "coordinates": [ 73.7967635, 18.4857183 ] } },
{ "type": "Feature", "properties": { "osm_id": 7079392124, "osm_type": "node", "amenity": "hospital", "name": "Khenat Hospital and Maternity Home", "latitude": 18.4891281, "longitude": 73.8138248 }, "geometry": { "type": "Point", "coordinates": [ 73.8138248, 18.4891281 ] } },
{ "type": "Feature", "properties": { "osm_id": 7210920527, "osm_type": "node", "amenity": "hospital", "name": "Agrawal Hospital", "latitude": 18.4891931, "longitude": 73.8140419 }, "geometry": { "type": "Point", "coordinates": [ 73.8140419, 18.4891931 ] } },
{ "type": "Feature", "properties": { "osm_id": 10224833643, "osm_type": "node", "amenity": "hospital", "name": "Shashwat Hospital", "latitude": 18.4944973, "longitude": 73.8135873 }, "geometry": { "type": "Point", "coordinates": [ 73.8135873, 18.4944973 ] } },
{ "type": "Feature", "properties": { "osm_id": 7086532369, "osm_type": "node", "amenity": "hospital", "name": "Ambekar Hospital", "latitude": 18.5054055, "longitude": 73.817541 }, "geometry": { "type": "Point", "coordinates": [ 73.817541, 18.5054055 ] } },
{ "type": "Feature", "properties": { "osm_id": 8257680507, "osm_type": "node", "amenity": "hospital", "name": "Sathe Multispeciality Hospital", "latitude": 18.5067869, "longitude": 73.8037337 }, "geometry": { "type": "Point", "coordinates": [ 73.8037337, 18.5067869 ] } },
{ "type": "Feature", "properties": { "osm_id": 7651453386, "osm_type": "node", "amenity": "hospital", "name": "City Hospital", "latitude": 18.5071504, "longitude": 73.7997343 }, "geometry": { "type": "Point", "coordinates": [ 73.7997343, 18.5071504 ] } },
{ "type": "Feature", "properties": { "osm_id": 10595648368, "osm_type": "node", "amenity": "hospital", "name": "Unnamed", "latitude": 18.5071972, "longitude": 73.7947857 }, "geometry": { "type": "Point", "coordinates": [ 73.7947857, 18.5071972 ] } },
{ "type": "Feature", "properties": { "osm_id": 360519337, "osm_type": "way", "amenity": "hospital", "name": "Bandal complex", "latitude": 18.5072299, "longitude": 73.7947784 }, "geometry": { "type": "Point", "coordinates": [ 73.7947784, 18.5072299 ] } },
{ "type": "Feature", "properties": { "osm_id": 1109153493, "osm_type": "node", "amenity": "hospital", "name": "Sahyadri Hospital", "latitude": 18.5075061, "longitude": 73.8058341 }, "geometry": { "type": "Point", "coordinates": [ 73.8058341, 18.5075061 ] } },
{ "type": "Feature", "properties": { "osm_id": 13644813722, "osm_type": "node", "amenity": "hospital", "name": "Dr. Arundhati kale sidhaye's Vision Eye Center", "latitude": 18.508043, "longitude": 73.8059557 }, "geometry": { "type": "Point", "coordinates": [ 73.8059557, 18.508043 ] } },
{ "type": "Feature", "properties": { "osm_id": 7651453401, "osm_type": "node", "amenity": "hospital", "name": "Rode Hospital", "latitude": 18.5091812, "longitude": 73.8149589 }, "geometry": { "type": "Point", "coordinates": [ 73.8149589, 18.5091812 ] } },
{ "type": "Feature", "properties": { "osm_id": 1109153494, "osm_type": "node", "amenity": "hospital", "name": "Krishna Hospital, Pune", "latitude": 18.5092055, "longitude": 73.8128199 }, "geometry": { "type": "Point", "coordinates": [ 73.8128199, 18.5092055 ] } },
{ "type": "Feature", "properties": { "osm_id": 7069814051, "osm_type": "node", "amenity": "hospital", "name": "Kulkarni Endo Surgery Institute and Reconstructive Urology Centre", "latitude": 18.5097841, "longitude": 73.8029893 }, "geometry": { "type": "Point", "coordinates": [ 73.8029893, 18.5097841 ] } },
{ "type": "Feature", "properties": { "osm_id": 9469034214, "osm_type": "node", "amenity": "hospital", "name": "Tirupati Hospital", "latitude": 18.5167814, "longitude": 73.774807 }, "geometry": { "type": "Point", "coordinates": [ 73.774807, 18.5167814 ] } },
{ "type": "Feature", "properties": { "osm_id": 9180373001, "osm_type": "node", "amenity": "hospital", "name": "Chellaram Hospital", "latitude": 18.5196786, "longitude": 73.769934 }, "geometry": { "type": "Point", "coordinates": [ 73.769934, 18.5196786 ] } },
{ "type": "Feature", "properties": { "osm_id": 1410470137, "osm_type": "way", "amenity": "hospital", "name": "Chellaram Hospital", "latitude": 18.5197256, "longitude": 73.7699134 }, "geometry": { "type": "Point", "coordinates": [ 73.7699134, 18.5197256 ] } },
{ "type": "Feature", "properties": { "osm_id": 13069733796, "osm_type": "node", "amenity": "hospital", "name": "Tiny Sparkles Dental Clinic | Multispeciality & Pediatric Dental Clinic", "latitude": 18.521272, "longitude": 73.7741764 }, "geometry": { "type": "Point", "coordinates": [ 73.7741764, 18.521272 ] } },
{ "type": "Feature", "properties": { "osm_id": 1065055883, "osm_type": "node", "amenity": "hospital", "name": "Jeevan Deep Medicare Centre", "latitude": 18.5433023, "longitude": 73.7838607 }, "geometry": { "type": "Point", "coordinates": [ 73.7838607, 18.5433023 ] } },
{ "type": "Feature", "properties": { "osm_id": 14143960891, "osm_type": "node", "amenity": "hospital", "name": "Deshmukh Speciality Clinic", "latitude": 18.5540918, "longitude": 73.7790481 }, "geometry": { "type": "Point", "coordinates": [ 73.7790481, 18.5540918 ] } },
{ "type": "Feature", "properties": { "osm_id": 11581428805, "osm_type": "node", "amenity": "hospital", "name": "elite hospital", "latitude": 18.5576766, "longitude": 73.7712894 }, "geometry": { "type": "Point", "coordinates": [ 73.7712894, 18.5576766 ] } },
{ "type": "Feature", "properties": { "osm_id": 7649461714, "osm_type": "node", "amenity": "hospital", "name": "Gupte Hospital Extension Clinic", "latitude": 18.557773, "longitude": 73.793639 }, "geometry": { "type": "Point", "coordinates": [ 73.793639, 18.557773 ] } },
{ "type": "Feature", "properties": { "osm_id": 13629195812, "osm_type": "node", "amenity": "hospital", "name": "Vedika Clinic", "latitude": 18.5591805, "longitude": 73.7924663 }, "geometry": { "type": "Point", "coordinates": [ 73.7924663, 18.5591805 ] } },
{ "type": "Feature", "properties": { "osm_id": 14070828062, "osm_type": "node", "amenity": "hospital", "name": "Dr. Khushboo Singh Women's Clinic", "latitude": 18.5598189, "longitude": 73.7717933 }, "geometry": { "type": "Point", "coordinates": [ 73.7717933, 18.5598189 ] } },
{ "type": "Feature", "properties": { "osm_id": 7049846007, "osm_type": "node", "amenity": "hospital", "name": "Shraddha Hospital", "latitude": 18.5133532, "longitude": 73.6774479 }, "geometry": { "type": "Point", "coordinates": [ 73.6774479, 18.5133532 ] } },
{ "type": "Feature", "properties": { "osm_id": 1369534369, "osm_type": "way", "amenity": "hospital", "name": "Rural Hospital, Paud", "latitude": 18.5229043, "longitude": 73.616363 }, "geometry": { "type": "Point", "coordinates": [ 73.616363, 18.5229043 ] } },
{ "type": "Feature", "properties": { "osm_id": 1365282088, "osm_type": "way", "amenity": "hospital", "name": "Shraddha Hospital", "latitude": 18.5229367, "longitude": 73.6139804 }, "geometry": { "type": "Point", "coordinates": [ 73.6139804, 18.5229367 ] } },
{ "type": "Feature", "properties": { "osm_id": 12695936401, "osm_type": "node", "amenity": "hospital", "name": "Sai General Hospital", "latitude": 18.5232288, "longitude": 73.6194954 }, "geometry": { "type": "Point", "coordinates": [ 73.6194954, 18.5232288 ] } },
{ "type": "Feature", "properties": { "osm_id": 9732585256, "osm_type": "node", "amenity": "hospital", "name": "Symbiosis University Hospital & Research Centre", "latitude": 18.5389496, "longitude": 73.7279701 }, "geometry": { "type": "Point", "coordinates": [ 73.7279701, 18.5389496 ] } },
{ "type": "Feature", "properties": { "osm_id": 7649461731, "osm_type": "node", "amenity": "hospital", "name": "Prime Multispeciality Hospital", "latitude": 18.5535131, "longitude": 73.7537866 }, "geometry": { "type": "Point", "coordinates": [ 73.7537866, 18.5535131 ] } },
{ "type": "Feature", "properties": { "osm_id": 12085088227, "osm_type": "node", "amenity": "hospital", "name": "Unnamed", "latitude": 18.5737851, "longitude": 73.7048284 }, "geometry": { "type": "Point", "coordinates": [ 73.7048284, 18.5737851 ] } },
{ "type": "Feature", "properties": { "osm_id": 13906817551, "osm_type": "node", "amenity": "hospital", "name": "Vedant Hospital", "latitude": 18.5751216, "longitude": 73.6880802 }, "geometry": { "type": "Point", "coordinates": [ 73.6880802, 18.5751216 ] } },
{ "type": "Feature", "properties": { "osm_id": 1086836322, "osm_type": "way", "amenity": "hospital", "name": "Surya Mother and Child Care Super Speciality Hospital", "latitude": 18.5872647, "longitude": 73.7580719 }, "geometry": { "type": "Point", "coordinates": [ 73.7580719, 18.5872647 ] } },
{ "type": "Feature", "properties": { "osm_id": 359537126, "osm_type": "way", "amenity": "hospital", "name": "Helambe Hospital", "latitude": 18.5897796, "longitude": 73.7520509 }, "geometry": { "type": "Point", "coordinates": [ 73.7520509, 18.5897796 ] } },
{ "type": "Feature", "properties": { "osm_id": 7052346355, "osm_type": "node", "amenity": "hospital", "name": "Sai Shree Orthopaedic Super Speciality and Joint Replacement Centre", "latitude": 18.5601581, "longitude": 73.8052712 }, "geometry": { "type": "Point", "coordinates": [ 73.8052712, 18.5601581 ] } },
{ "type": "Feature", "properties": { "osm_id": 7045980540, "osm_type": "node", "amenity": "hospital", "name": "Latkar Hospital", "latitude": 18.5609006, "longitude": 73.8132226 }, "geometry": { "type": "Point", "coordinates": [ 73.8132226, 18.5609006 ] } },
{ "type": "Feature", "properties": { "osm_id": 2973466889, "osm_type": "node", "amenity": "hospital", "name": "AIMS Hospital", "latitude": 18.5625409, "longitude": 73.8106962 }, "geometry": { "type": "Point", "coordinates": [ 73.8106962, 18.5625409 ] } },
{ "type": "Feature", "properties": { "osm_id": 1531107141, "osm_type": "way", "amenity": "hospital", "name": "Unity Hospital", "latitude": 18.5640862, "longitude": 73.8126748 }, "geometry": { "type": "Point", "coordinates": [ 73.8126748, 18.5640862 ] } },
{ "type": "Feature", "properties": { "osm_id": 865849506, "osm_type": "node", "amenity": "hospital", "name": "Sanjeevani Vitalife Medipoint Hospital", "latitude": 18.5649263, "longitude": 73.8022626 }, "geometry": { "type": "Point", "coordinates": [ 73.8022626, 18.5649263 ] } },
{ "type": "Feature", "properties": { "osm_id": 355277879, "osm_type": "way", "amenity": "hospital", "name": "Ankura Hospital", "latitude": 18.5653971, "longitude": 73.8047303 }, "geometry": { "type": "Point", "coordinates": [ 73.8047303, 18.5653971 ] } },
{ "type": "Feature", "properties": { "osm_id": 8273719055, "osm_type": "node", "amenity": "hospital", "name": "Shree Hospital", "latitude": 18.5664237, "longitude": 73.8144112 }, "geometry": { "type": "Point", "coordinates": [ 73.8144112, 18.5664237 ] } },
{ "type": "Feature", "properties": { "osm_id": 6901880185, "osm_type": "node", "amenity": "hospital", "name": "Unnamed", "latitude": 18.571183, "longitude": 73.7948972 }, "geometry": { "type": "Point", "coordinates": [ 73.7948972, 18.571183 ] } },
{ "type": "Feature", "properties": { "osm_id": 7087636855, "osm_type": "node", "amenity": "hospital", "name": "Nityaseva Eye Hsopital and Eye Bank", "latitude": 18.575223, "longitude": 73.8173626 }, "geometry": { "type": "Point", "coordinates": [ 73.8173626, 18.575223 ] } },
{ "type": "Feature", "properties": { "osm_id": 5354797, "osm_type": "relation", "amenity": "hospital", "name": "Aundh Chest Hospital", "latitude": 18.5762117, "longitude": 73.806359 }, "geometry": { "type": "Point", "coordinates": [ 73.806359, 18.5762117 ] } },
{ "type": "Feature", "properties": { "osm_id": 14118078732, "osm_type": "node", "amenity": "hospital", "name": "Reborn Skin and Hair Clinic", "latitude": 18.561871, "longitude": 73.7850248 }, "geometry": { "type": "Point", "coordinates": [ 73.7850248, 18.561871 ] } },
{ "type": "Feature", "properties": { "osm_id": 9403075422, "osm_type": "node", "amenity": "hospital", "name": "Benecare Superspeciality Hospital", "latitude": 18.5639725, "longitude": 73.777019 }, "geometry": { "type": "Point", "coordinates": [ 73.777019, 18.5639725 ] } },
{ "type": "Feature", "properties": { "osm_id": 1410820103, "osm_type": "way", "amenity": "hospital", "name": "Jupiter Hospital", "latitude": 18.5655042, "longitude": 73.7860137 }, "geometry": { "type": "Point", "coordinates": [ 73.7860137, 18.5655042 ] } },
{ "type": "Feature", "properties": { "osm_id": 652021497, "osm_type": "way", "amenity": "hospital", "name": "Jupiter Hospital", "latitude": 18.565705, "longitude": 73.7859923 }, "geometry": { "type": "Point", "coordinates": [ 73.7859923, 18.565705 ] } },
{ "type": "Feature", "properties": { "osm_id": 10010729790, "osm_type": "node", "amenity": "hospital", "name": "Manipal Hospital", "latitude": 18.5663598, "longitude": 73.7695757 }, "geometry": { "type": "Point", "coordinates": [ 73.7695757, 18.5663598 ] } },
{ "type": "Feature", "properties": { "osm_id": 13784287147, "osm_type": "node", "amenity": "hospital", "name": "Healing Hands Clinic - Baner, Pune", "latitude": 18.5680456, "longitude": 73.7685296 }, "geometry": { "type": "Point", "coordinates": [ 73.7685296, 18.5680456 ] } },
{ "type": "Feature", "properties": { "osm_id": 6113604708, "osm_type": "node", "amenity": "hospital", "name": "Ashakiran Hospital", "latitude": 18.5719235, "longitude": 73.7811374 }, "geometry": { "type": "Point", "coordinates": [ 73.7811374, 18.5719235 ] } },
{ "type": "Feature", "properties": { "osm_id": 6665401667, "osm_type": "node", "amenity": "hospital", "name": "Ashwini Hospital", "latitude": 18.576745, "longitude": 73.7757678 }, "geometry": { "type": "Point", "coordinates": [ 73.7757678, 18.576745 ] } },
{ "type": "Feature", "properties": { "osm_id": 9954213614, "osm_type": "node", "amenity": "hospital", "name": "Mule Hospital and Chikitsalay diagnostics", "latitude": 18.5867313, "longitude": 73.7809817 }, "geometry": { "type": "Point", "coordinates": [ 73.7809817, 18.5867313 ] } },
{ "type": "Feature", "properties": { "osm_id": 5578793582, "osm_type": "node", "amenity": "hospital", "name": "Apple Hospital", "latitude": 18.5884835, "longitude": 73.7802163 }, "geometry": { "type": "Point", "coordinates": [ 73.7802163, 18.5884835 ] } },
{ "type": "Feature", "properties": { "osm_id": 1886884517, "osm_type": "node", "amenity": "hospital", "name": "Sanjiwini Hospital", "latitude": 18.4433669, "longitude": 73.848079 }, "geometry": { "type": "Point", "coordinates": [ 73.848079, 18.4433669 ] } },
{ "type": "Feature", "properties": { "osm_id": 11583657115, "osm_type": "node", "amenity": "hospital", "name": "patil hospital", "latitude": 18.4475111, "longitude": 73.8488292 }, "geometry": { "type": "Point", "coordinates": [ 73.8488292, 18.4475111 ] } },
{ "type": "Feature", "properties": { "osm_id": 7649461804, "osm_type": "node", "amenity": "hospital", "name": "Bhakare Super Speciality Hospital", "latitude": 18.448115, "longitude": 73.849133 }, "geometry": { "type": "Point", "coordinates": [ 73.849133, 18.448115 ] } },
{ "type": "Feature", "properties": { "osm_id": 8813631718, "osm_type": "node", "amenity": "hospital", "name": "Hazrat Maulana Yunus Sahab Rahmatullah Alaih Dawakhana", "latitude": 18.4482157, "longitude": 73.856594 }, "geometry": { "type": "Point", "coordinates": [ 73.856594, 18.4482157 ] } },
{ "type": "Feature", "properties": { "osm_id": 7651453397, "osm_type": "node", "amenity": "hospital", "name": "Jeevandhara Multispeciality Hospital", "latitude": 18.4491259, "longitude": 73.8577679 }, "geometry": { "type": "Point", "coordinates": [ 73.8577679, 18.4491259 ] } },
{ "type": "Feature", "properties": { "osm_id": 7651453355, "osm_type": "node", "amenity": "hospital", "name": "Shivneri Hospital", "latitude": 18.449571, "longitude": 73.85723 }, "geometry": { "type": "Point", "coordinates": [ 73.85723, 18.449571 ] } },
{ "type": "Feature", "properties": { "osm_id": 7649461741, "osm_type": "node", "amenity": "hospital", "name": "Shree Sai Prasad Hospital", "latitude": 18.4495732, "longitude": 73.8484382 }, "geometry": { "type": "Point", "coordinates": [ 73.8484382, 18.4495732 ] } },
{ "type": "Feature", "properties": { "osm_id": 7042939577, "osm_type": "node", "amenity": "hospital", "name": "Nityanand Rehabilitation and Residential Mental Heal", "latitude": 18.4565508, "longitude": 73.8515434 }, "geometry": { "type": "Point", "coordinates": [ 73.8515434, 18.4565508 ] } },
{ "type": "Feature", "properties": { "osm_id": 7226627619, "osm_type": "node", "amenity": "hospital", "name": "Bharati Vidyapeeth Dental College and Hospital", "latitude": 18.457239, "longitude": 73.855026 }, "geometry": { "type": "Point", "coordinates": [ 73.855026, 18.457239 ] } },
{ "type": "Feature", "properties": { "osm_id": 7049723536, "osm_type": "node", "amenity": "hospital", "name": "Dr Patwardhan Hospital", "latitude": 18.4573697, "longitude": 73.8507923 }, "geometry": { "type": "Point", "coordinates": [ 73.8507923, 18.4573697 ] } },
{ "type": "Feature", "properties": { "osm_id": 7065820604, "osm_type": "node", "amenity": "hospital", "name": "Sai Sneh Hospital and Diagnostic Centre Pvt Ltd", "latitude": 18.4465478, "longitude": 73.8597831 }, "geometry": { "type": "Point", "coordinates": [ 73.8597831, 18.4465478 ] } },
{ "type": "Feature", "properties": { "osm_id": 7651453384, "osm_type": "node", "amenity": "hospital", "name": "Moraya Nursing Home", "latitude": 18.4472895, "longitude": 73.8662836 }, "geometry": { "type": "Point", "coordinates": [ 73.8662836, 18.4472895 ] } },
{ "type": "Feature", "properties": { "osm_id": 8813588472, "osm_type": "node", "amenity": "hospital", "name": "Vasant More Hospital", "latitude": 18.4533972, "longitude": 73.8698521 }, "geometry": { "type": "Point", "coordinates": [ 73.8698521, 18.4533972 ] } },
{ "type": "Feature", "properties": { "osm_id": 7651453350, "osm_type": "node", "amenity": "hospital", "name": "Prerna Hospital", "latitude": 18.4553105, "longitude": 73.8690108 }, "geometry": { "type": "Point", "coordinates": [ 73.8690108, 18.4553105 ] } },
{ "type": "Feature", "properties": { "osm_id": 7651453404, "osm_type": "node", "amenity": "hospital", "name": "Siddhivinayak Hospital", "latitude": 18.4559009, "longitude": 73.8709944 }, "geometry": { "type": "Point", "coordinates": [ 73.8709944, 18.4559009 ] } },
{ "type": "Feature", "properties": { "osm_id": 7062592060, "osm_type": "node", "amenity": "hospital", "name": "Shree.J.Hospital", "latitude": 18.4653028, "longitude": 73.864194 }, "geometry": { "type": "Point", "coordinates": [ 73.864194, 18.4653028 ] } },
{ "type": "Feature", "properties": { "osm_id": 7044577805, "osm_type": "node", "amenity": "hospital", "name": "Pawar Hospital, Pune", "latitude": 18.4658771, "longitude": 73.8601231 }, "geometry": { "type": "Point", "coordinates": [ 73.8601231, 18.4658771 ] } },
{ "type": "Feature", "properties": { "osm_id": 8813532472, "osm_type": "node", "amenity": "hospital", "name": "Premchand Oswal Hospital", "latitude": 18.4677248, "longitude": 73.8683031 }, "geometry": { "type": "Point", "coordinates": [ 73.8683031, 18.4677248 ] } },
{ "type": "Feature", "properties": { "osm_id": 11939147052, "osm_type": "node", "amenity": "hospital", "name": "Vighanaharata Hospital", "latitude": 18.4692892, "longitude": 73.8642415 }, "geometry": { "type": "Point", "coordinates": [ 73.8642415, 18.4692892 ] } },
{ "type": "Feature", "properties": { "osm_id": 10172914049, "osm_type": "node", "amenity": "hospital", "name": "Unnamed", "latitude": 18.4705532, "longitude": 73.8632764 }, "geometry": { "type": "Point", "coordinates": [ 73.8632764, 18.4705532 ] } },
{ "type": "Feature", "properties": { "osm_id": 7649461749, "osm_type": "node", "amenity": "hospital", "name": "Shwas Multispeciality Hospital", "latitude": 18.4468202, "longitude": 73.8373703 }, "geometry": { "type": "Point", "coordinates": [ 73.8373703, 18.4468202 ] } },
{ "type": "Feature", "properties": { "osm_id": 7649461772, "osm_type": "node", "amenity": "hospital", "name": "Giridhar Hospital", "latitude": 18.448229, "longitude": 73.83316 }, "geometry": { "type": "Point", "coordinates": [ 73.83316, 18.448229 ] } },
{ "type": "Feature", "properties": { "osm_id": 7649461761, "osm_type": "node", "amenity": "hospital", "name": "Mayureshwar Multispeciality Hospital", "latitude": 18.4488442, "longitude": 73.832632 }, "geometry": { "type": "Point", "coordinates": [ 73.832632, 18.4488442 ] } },
{ "type": "Feature", "properties": { "osm_id": 7649461730, "osm_type": "node", "amenity": "hospital", "name": "Manas Hospital", "latitude": 18.449772, "longitude": 73.837835 }, "geometry": { "type": "Point", "coordinates": [ 73.837835, 18.449772 ] } },
{ "type": "Feature", "properties": { "osm_id": 13784439976, "osm_type": "node", "amenity": "hospital", "name": "Healing Hands Clinic - Katraj, Pune", "latitude": 18.4539864, "longitude": 73.8409138 }, "geometry": { "type": "Point", "coordinates": [ 73.8409138, 18.4539864 ] } },
{ "type": "Feature", "properties": { "osm_id": 10262969902, "osm_type": "node", "amenity": "hospital", "name": "Chavan Hospital", "latitude": 18.459162, "longitude": 73.8254504 }, "geometry": { "type": "Point", "coordinates": [ 73.8254504, 18.459162 ] } },
{ "type": "Feature", "properties": { "osm_id": 6369340352, "osm_type": "node", "amenity": "hospital", "name": "Pulse Hospital", "latitude": 18.4594817, "longitude": 73.8233106 }, "geometry": { "type": "Point", "coordinates": [ 73.8233106, 18.4594817 ] } },
{ "type": "Feature", "properties": { "osm_id": 11993232411, "osm_type": "node", "amenity": "hospital", "name": "Pulse Multispeciality Hospital", "latitude": 18.4595051, "longitude": 73.8233094 }, "geometry": { "type": "Point", "coordinates": [ 73.8233094, 18.4595051 ] } },
{ "type": "Feature", "properties": { "osm_id": 7086795229, "osm_type": "node", "amenity": "hospital", "name": "Kamaladevi Maternity Hospital & Research Home", "latitude": 18.467118, "longitude": 73.8190001 }, "geometry": { "type": "Point", "coordinates": [ 73.8190001, 18.467118 ] } },
{ "type": "Feature", "properties": { "osm_id": 7049524369, "osm_type": "node", "amenity": "hospital", "name": "Jagtap Hospital", "latitude": 18.4774187, "longitude": 73.8237825 }, "geometry": { "type": "Point", "coordinates": [ 73.8237825, 18.4774187 ] } },
{ "type": "Feature", "properties": { "osm_id": 106358633, "osm_type": "way", "amenity": "hospital", "name": "Bvmfs Bharti Hospital and Research Center", "latitude": 18.4594241, "longitude": 73.8568236 }, "geometry": { "type": "Point", "coordinates": [ 73.8568236, 18.4594241 ] } },
{ "type": "Feature", "properties": { "osm_id": 7053694071, "osm_type": "node", "amenity": "hospital", "name": "Siddhi Hospital and Laproscopy Centre Pvt Ltd", "latitude": 18.464116, "longitude": 73.859008 }, "geometry": { "type": "Point", "coordinates": [ 73.859008, 18.464116 ] } },
{ "type": "Feature", "properties": { "osm_id": 8813559775, "osm_type": "node", "amenity": "hospital", "name": "Government Hospital, Dhankawadi", "latitude": 18.4652208, "longitude": 73.8495579 }, "geometry": { "type": "Point", "coordinates": [ 73.8495579, 18.4652208 ] } },
{ "type": "Feature", "properties": { "osm_id": 7080269673, "osm_type": "node", "amenity": "hospital", "name": "Shatayu Hospital", "latitude": 18.4664871, "longitude": 73.857691 }, "geometry": { "type": "Point", "coordinates": [ 73.857691, 18.4664871 ] } },
{ "type": "Feature", "properties": { "osm_id": 7062490984, "osm_type": "node", "amenity": "hospital", "name": "Pai Hospital, Pune", "latitude": 18.4689649, "longitude": 73.8572026 }, "geometry": { "type": "Point", "coordinates": [ 73.8572026, 18.4689649 ] } },
{ "type": "Feature", "properties": { "osm_id": 10172914045, "osm_type": "node", "amenity": "hospital", "name": "bhagali clinic and nursing home", "latitude": 18.474674, "longitude": 73.8580682 }, "geometry": { "type": "Point", "coordinates": [ 73.8580682, 18.474674 ] } },
{ "type": "Feature", "properties": { "osm_id": 7651453389, "osm_type": "node", "amenity": "hospital", "name": "Parasnis Hospital", "latitude": 18.474694, "longitude": 73.858715 }, "geometry": { "type": "Point", "coordinates": [ 73.858715, 18.474694 ] } },
{ "type": "Feature", "properties": { "osm_id": 7045516002, "osm_type": "node", "amenity": "hospital", "name": "Sangam Hospital, Pune", "latitude": 18.4757105, "longitude": 73.8578707 }, "geometry": { "type": "Point", "coordinates": [ 73.8578707, 18.4757105 ] } },
{ "type": "Feature", "properties": { "osm_id": 10172942177, "osm_type": "node", "amenity": "hospital", "name": "Sangam Hospital", "latitude": 18.4757475, "longitude": 73.857877 }, "geometry": { "type": "Point", "coordinates": [ 73.857877, 18.4757475 ] } },
{ "type": "Feature", "properties": { "osm_id": 7048439619, "osm_type": "node", "amenity": "hospital", "name": "Siddhant Maternity Home", "latitude": 18.4792694, "longitude": 73.8566422 }, "geometry": { "type": "Point", "coordinates": [ 73.8566422, 18.4792694 ] } },
{ "type": "Feature", "properties": { "osm_id": 10172914048, "osm_type": "node", "amenity": "hospital", "name": "dr kashyab nursing home", "latitude": 18.4705573, "longitude": 73.8643492 }, "geometry": { "type": "Point", "coordinates": [ 73.8643492, 18.4705573 ] } },
{ "type": "Feature", "properties": { "osm_id": 10172914047, "osm_type": "node", "amenity": "hospital", "name": "isshan orthopedic hospital", "latitude": 18.4728083, "longitude": 73.8631451 }, "geometry": { "type": "Point", "coordinates": [ 73.8631451, 18.4728083 ] } },
{ "type": "Feature", "properties": { "osm_id": 10172914046, "osm_type": "node", "amenity": "hospital", "name": "sayar hospital", "latitude": 18.4734893, "longitude": 73.8626065 }, "geometry": { "type": "Point", "coordinates": [ 73.8626065, 18.4734893 ] } },
{ "type": "Feature", "properties": { "osm_id": 10172914042, "osm_type": "node", "amenity": "hospital", "name": "sahyadri hospital", "latitude": 18.4781663, "longitude": 73.8621023 }, "geometry": { "type": "Point", "coordinates": [ 73.8621023, 18.4781663 ] } },
{ "type": "Feature", "properties": { "osm_id": 7043399086, "osm_type": "node", "amenity": "hospital", "name": "Sahyadri Hospital, Bibvewadi", "latitude": 18.4781739, "longitude": 73.862105 }, "geometry": { "type": "Point", "coordinates": [ 73.862105, 18.4781739 ] } },
{ "type": "Feature", "properties": { "osm_id": 7048928941, "osm_type": "node", "amenity": "hospital", "name": "Harsh Hospital", "latitude": 18.4802908, "longitude": 73.8662057 }, "geometry": { "type": "Point", "coordinates": [ 73.8662057, 18.4802908 ] } },
{ "type": "Feature", "properties": { "osm_id": 10172914043, "osm_type": "node", "amenity": "hospital", "name": "harsh hospital", "latitude": 18.4803051, "longitude": 73.8661942 }, "geometry": { "type": "Point", "coordinates": [ 73.8661942, 18.4803051 ] } },
{ "type": "Feature", "properties": { "osm_id": 360252547, "osm_type": "way", "amenity": "hospital", "name": "Chandralok Hospital", "latitude": 18.4803325, "longitude": 73.8610232 }, "geometry": { "type": "Point", "coordinates": [ 73.8610232, 18.4803325 ] } },
{ "type": "Feature", "properties": { "osm_id": 10172942176, "osm_type": "node", "amenity": "hospital", "name": "CHandralok Hospital", "latitude": 18.4803326, "longitude": 73.8610219 }, "geometry": { "type": "Point", "coordinates": [ 73.8610219, 18.4803326 ] } },
{ "type": "Feature", "properties": { "osm_id": 7054106775, "osm_type": "node", "amenity": "hospital", "name": "Suraj Hospital", "latitude": 18.4814034, "longitude": 73.8724713 }, "geometry": { "type": "Point", "coordinates": [ 73.8724713, 18.4814034 ] } },
{ "type": "Feature", "properties": { "osm_id": 7076529383, "osm_type": "node", "amenity": "hospital", "name": "Bhandari Maternity and Nursing Home", "latitude": 18.4777164, "longitude": 73.8234164 }, "geometry": { "type": "Point", "coordinates": [ 73.8234164, 18.4777164 ] } },
{ "type": "Feature", "properties": { "osm_id": 7079665745, "osm_type": "node", "amenity": "hospital", "name": "Pharande Eye Hospital", "latitude": 18.4777316, "longitude": 73.8239729 }, "geometry": { "type": "Point", "coordinates": [ 73.8239729, 18.4777316 ] } },
{ "type": "Feature", "properties": { "osm_id": 7054762489, "osm_type": "node", "amenity": "hospital", "name": "Chinchanikar Hospital", "latitude": 18.4785438, "longitude": 73.8235485 }, "geometry": { "type": "Point", "coordinates": [ 73.8235485, 18.4785438 ] } },
{ "type": "Feature", "properties": { "osm_id": 7050255935, "osm_type": "node", "amenity": "hospital", "name": "Dr Chavans Fracture and Orthopaedic Center", "latitude": 18.4785979, "longitude": 73.8238536 }, "geometry": { "type": "Point", "coordinates": [ 73.8238536, 18.4785979 ] } },
{ "type": "Feature", "properties": { "osm_id": 1305056480, "osm_type": "node", "amenity": "hospital", "name": "Madhukar General Hospital", "latitude": 18.4789234, "longitude": 73.8241232 }, "geometry": { "type": "Point", "coordinates": [ 73.8241232, 18.4789234 ] } },
{ "type": "Feature", "properties": { "osm_id": 3719797432, "osm_type": "node", "amenity": "hospital", "name": "Patil Hospital", "latitude": 18.4791887, "longitude": 73.8247015 }, "geometry": { "type": "Point", "coordinates": [ 73.8247015, 18.4791887 ] } },
{ "type": "Feature", "properties": { "osm_id": 10108645141, "osm_type": "node", "amenity": "hospital", "name": "Aashirwad Hospital", "latitude": 18.479729, "longitude": 73.8282621 }, "geometry": { "type": "Point", "coordinates": [ 73.8282621, 18.479729 ] } },
{ "type": "Feature", "properties": { "osm_id": 7062497106, "osm_type": "node", "amenity": "hospital", "name": "Patil Hospital - Pune", "latitude": 18.4797674, "longitude": 73.8251685 }, "geometry": { "type": "Point", "coordinates": [ 73.8251685, 18.4797674 ] } },
{ "type": "Feature", "properties": { "osm_id": 4846864321, "osm_type": "node", "amenity": "hospital", "name": "Unnamed", "latitude": 18.4831808, "longitude": 73.8273409 }, "geometry": { "type": "Point", "coordinates": [ 73.8273409, 18.4831808 ] } },
{ "type": "Feature", "properties": { "osm_id": 1550971041, "osm_type": "way", "amenity": "hospital", "name": "Unnamed", "latitude": 18.4925024, "longitude": 73.8396282 }, "geometry": { "type": "Point", "coordinates": [ 73.8396282, 18.4925024 ] } },
{ "type": "Feature", "properties": { "osm_id": 7055682925, "osm_type": "node", "amenity": "hospital", "name": "Mahajan Hospital", "latitude": 18.4840672, "longitude": 73.857003 }, "geometry": { "type": "Point", "coordinates": [ 73.857003, 18.4840672 ] } },
{ "type": "Feature", "properties": { "osm_id": 8257587510, "osm_type": "node", "amenity": "hospital", "name": "Sai Allergy asthma Eye Children Hospital", "latitude": 18.4852917, "longitude": 73.8514295 }, "geometry": { "type": "Point", "coordinates": [ 73.8514295, 18.4852917 ] } },
{ "type": "Feature", "properties": { "osm_id": 7051137468, "osm_type": "node", "amenity": "hospital", "name": "Yashashree Maternity and Nursing Home", "latitude": 18.4886651, "longitude": 73.8502412 }, "geometry": { "type": "Point", "coordinates": [ 73.8502412, 18.4886651 ] } },
{ "type": "Feature", "properties": { "osm_id": 7651453365, "osm_type": "node", "amenity": "hospital", "name": "Kothari Orthopaedic Hospital", "latitude": 18.4891725, "longitude": 73.8571698 }, "geometry": { "type": "Point", "coordinates": [ 73.8571698, 18.4891725 ] } },
{ "type": "Feature", "properties": { "osm_id": 360254782, "osm_type": "way", "amenity": "hospital", "name": "Annachatre Clinic", "latitude": 18.4902121, "longitude": 73.8494687 }, "geometry": { "type": "Point", "coordinates": [ 73.8494687, 18.4902121 ] } },
{ "type": "Feature", "properties": { "osm_id": 7053195972, "osm_type": "node", "amenity": "hospital", "name": "Dr.Purohit Nursing Home", "latitude": 18.490344, "longitude": 73.8443121 }, "geometry": { "type": "Point", "coordinates": [ 73.8443121, 18.490344 ] } },
{ "type": "Feature", "properties": { "osm_id": 7651453344, "osm_type": "node", "amenity": "hospital", "name": "Shraddha Hospital", "latitude": 18.4909252, "longitude": 73.845933 }, "geometry": { "type": "Point", "coordinates": [ 73.845933, 18.4909252 ] } },
{ "type": "Feature", "properties": { "osm_id": 7087636861, "osm_type": "node", "amenity": "hospital", "name": "Dugad Hospital Pvt Ltd", "latitude": 18.4909481, "longitude": 73.8580129 }, "geometry": { "type": "Point", "coordinates": [ 73.8580129, 18.4909481 ] } },
{ "type": "Feature", "properties": { "osm_id": 7043763362, "osm_type": "node", "amenity": "hospital", "name": "Shree Balaji Eye Hospital", "latitude": 18.4910283, "longitude": 73.8581684 }, "geometry": { "type": "Point", "coordinates": [ 73.8581684, 18.4910283 ] } },
{ "type": "Feature", "properties": { "osm_id": 7651453323, "osm_type": "node", "amenity": "hospital", "name": "Suman Hospital", "latitude": 18.492348, "longitude": 73.853457 }, "geometry": { "type": "Point", "coordinates": [ 73.853457, 18.492348 ] } },
{ "type": "Feature", "properties": { "osm_id": 1550971040, "osm_type": "way", "amenity": "hospital", "name": "Clinic", "latitude": 18.4927219, "longitude": 73.8396966 }, "geometry": { "type": "Point", "coordinates": [ 73.8396966, 18.4927219 ] } },
{ "type": "Feature", "properties": { "osm_id": 1550971042, "osm_type": "way", "amenity": "hospital", "name": "Unnamed", "latitude": 18.4928026, "longitude": 73.8397815 }, "geometry": { "type": "Point", "coordinates": [ 73.8397815, 18.4928026 ] } },
{ "type": "Feature", "properties": { "osm_id": 1550971043, "osm_type": "way", "amenity": "hospital", "name": "Unnamed", "latitude": 18.4929803, "longitude": 73.839826 }, "geometry": { "type": "Point", "coordinates": [ 73.839826, 18.4929803 ] } },
{ "type": "Feature", "properties": { "osm_id": 1550971044, "osm_type": "way", "amenity": "hospital", "name": "Unnamed", "latitude": 18.4931274, "longitude": 73.8399115 }, "geometry": { "type": "Point", "coordinates": [ 73.8399115, 18.4931274 ] } },
{ "type": "Feature", "properties": { "osm_id": 1550971045, "osm_type": "way", "amenity": "hospital", "name": "Unnamed", "latitude": 18.4931587, "longitude": 73.8399385 }, "geometry": { "type": "Point", "coordinates": [ 73.8399385, 18.4931587 ] } },
{ "type": "Feature", "properties": { "osm_id": 1550971046, "osm_type": "way", "amenity": "hospital", "name": "Unnamed", "latitude": 18.4934859, "longitude": 73.840141 }, "geometry": { "type": "Point", "coordinates": [ 73.840141, 18.4934859 ] } },
{ "type": "Feature", "properties": { "osm_id": 1550971047, "osm_type": "way", "amenity": "hospital", "name": "Unnamed", "latitude": 18.4935753, "longitude": 73.8403617 }, "geometry": { "type": "Point", "coordinates": [ 73.8403617, 18.4935753 ] } },
{ "type": "Feature", "properties": { "osm_id": 7651453338, "osm_type": "node", "amenity": "hospital", "name": "Bhagirathi Children's Hospital", "latitude": 18.4947224, "longitude": 73.8229041 }, "geometry": { "type": "Point", "coordinates": [ 73.8229041, 18.4947224 ] } },
{ "type": "Feature", "properties": { "osm_id": 7651453309, "osm_type": "node", "amenity": "hospital", "name": "Anup Hospital", "latitude": 18.498738, "longitude": 73.838315 }, "geometry": { "type": "Point", "coordinates": [ 73.838315, 18.498738 ] } },
{ "type": "Feature", "properties": { "osm_id": 10172986714, "osm_type": "node", "amenity": "hospital", "name": "GLOBAL HOSPITAL & RESEARCH", "latitude": 18.5012869, "longitude": 73.8410045 }, "geometry": { "type": "Point", "coordinates": [ 73.8410045, 18.5012869 ] } },
{ "type": "Feature", "properties": { "osm_id": 7068429388, "osm_type": "node", "amenity": "hospital", "name": "Karne Hospital Pvt Ltd", "latitude": 18.4954696, "longitude": 73.8583709 }, "geometry": { "type": "Point", "coordinates": [ 73.8583709, 18.4954696 ] } },
{ "type": "Feature", "properties": { "osm_id": 7651453349, "osm_type": "node", "amenity": "hospital", "name": "Purohit Hospital", "latitude": 18.4975587, "longitude": 73.8513176 }, "geometry": { "type": "Point", "coordinates": [ 73.8513176, 18.4975587 ] } },
{ "type": "Feature", "properties": { "osm_id": 7052815781, "osm_type": "node", "amenity": "hospital", "name": "Shahade Hospital", "latitude": 18.4978682, "longitude": 73.8537562 }, "geometry": { "type": "Point", "coordinates": [ 73.8537562, 18.4978682 ] } },
{ "type": "Feature", "properties": { "osm_id": 14153069361, "osm_type": "node", "amenity": "hospital", "name": "Dr Sarodes Clinic", "latitude": 18.4986202, "longitude": 73.850348 }, "geometry": { "type": "Point", "coordinates": [ 73.850348, 18.4986202 ] } },
{ "type": "Feature", "properties": { "osm_id": 8813545344, "osm_type": "node", "amenity": "hospital", "name": "Janata Hospital ,Pune", "latitude": 18.4993855, "longitude": 73.8470078 }, "geometry": { "type": "Point", "coordinates": [ 73.8470078, 18.4993855 ] } },
{ "type": "Feature", "properties": { "osm_id": 7044175339, "osm_type": "node", "amenity": "hospital", "name": "Chaitanya Stem Cell Center", "latitude": 18.5000189, "longitude": 73.8503981 }, "geometry": { "type": "Point", "coordinates": [ 73.8503981, 18.5000189 ] } },
{ "type": "Feature", "properties": { "osm_id": 10173007819, "osm_type": "node", "amenity": "hospital", "name": "HARIJIVAN HOSPITAL", "latitude": 18.5001316, "longitude": 73.8543108 }, "geometry": { "type": "Point", "coordinates": [ 73.8543108, 18.5001316 ] } },
{ "type": "Feature", "properties": { "osm_id": 7087491750, "osm_type": "node", "amenity": "hospital", "name": "Harijivan Hospital", "latitude": 18.5001435, "longitude": 73.8542376 }, "geometry": { "type": "Point", "coordinates": [ 73.8542376, 18.5001435 ] } },
{ "type": "Feature", "properties": { "osm_id": 1054641704, "osm_type": "node", "amenity": "hospital", "name": "Karva Hospital", "latitude": 18.5009733, "longitude": 73.8461063 }, "geometry": { "type": "Point", "coordinates": [ 73.8461063, 18.5009733 ] } },
{ "type": "Feature", "properties": { "osm_id": 7049292470, "osm_type": "node", "amenity": "hospital", "name": "Gokhale Hospital", "latitude": 18.502172, "longitude": 73.857062 }, "geometry": { "type": "Point", "coordinates": [ 73.857062, 18.502172 ] } },
{ "type": "Feature", "properties": { "osm_id": 10172986715, "osm_type": "node", "amenity": "hospital", "name": "RANKA HOSPITAL", "latitude": 18.4949578, "longitude": 73.8619001 }, "geometry": { "type": "Point", "coordinates": [ 73.8619001, 18.4949578 ] } },
{ "type": "Feature", "properties": { "osm_id": 7047946884, "osm_type": "node", "amenity": "hospital", "name": "Ranka Hospital", "latitude": 18.4950117, "longitude": 73.861886 }, "geometry": { "type": "Point", "coordinates": [ 73.861886, 18.4950117 ] } },
{ "type": "Feature", "properties": { "osm_id": 1232100918, "osm_type": "way", "amenity": "hospital", "name": "Pandit Clinic", "latitude": 18.4956181, "longitude": 73.8594427 }, "geometry": { "type": "Point", "coordinates": [ 73.8594427, 18.4956181 ] } },
{ "type": "Feature", "properties": { "osm_id": 7651453377, "osm_type": "node", "amenity": "hospital", "name": "Dr. Baba Saheb Ambedkar Hospital;dr baba saheb ambedkar hospital", "latitude": 18.4962994, "longitude": 73.8702072 }, "geometry": { "type": "Point", "coordinates": [ 73.8702072, 18.4962994 ] } },
{ "type": "Feature", "properties": { "osm_id": 10172914032, "osm_type": "node", "amenity": "hospital", "name": "sharda clinic", "latitude": 18.5012435, "longitude": 73.8663445 }, "geometry": { "type": "Point", "coordinates": [ 73.8663445, 18.5012435 ] } },
{ "type": "Feature", "properties": { "osm_id": 6612986080, "osm_type": "node", "amenity": "hospital", "name": "Meera Hospital", "latitude": 18.5022882, "longitude": 73.8746894 }, "geometry": { "type": "Point", "coordinates": [ 73.8746894, 18.5022882 ] } },
{ "type": "Feature", "properties": { "osm_id": 10172942168, "osm_type": "node", "amenity": "hospital", "name": "Meera Hospital", "latitude": 18.5023171, "longitude": 73.8746937 }, "geometry": { "type": "Point", "coordinates": [ 73.8746937, 18.5023171 ] } },
{ "type": "Feature", "properties": { "osm_id": 7651453392, "osm_type": "node", "amenity": "hospital", "name": "Alliance Munot Hospital;munot hospital", "latitude": 18.5025447, "longitude": 73.8686993 }, "geometry": { "type": "Point", "coordinates": [ 73.8686993, 18.5025447 ] } },
{ "type": "Feature", "properties": { "osm_id": 10172942169, "osm_type": "node", "amenity": "hospital", "name": "Allice Munot Hospital", "latitude": 18.5025502, "longitude": 73.8686991 }, "geometry": { "type": "Point", "coordinates": [ 73.8686991, 18.5025502 ] } },
{ "type": "Feature", "properties": { "osm_id": 7651453403, "osm_type": "node", "amenity": "hospital", "name": "Kering Hospital;kering clinic", "latitude": 18.5029885, "longitude": 73.8682087 }, "geometry": { "type": "Point", "coordinates": [ 73.8682087, 18.5029885 ] } },
{ "type": "Feature", "properties": { "osm_id": 7046772780, "osm_type": "node", "amenity": "hospital", "name": "Shashwat Hospital", "latitude": 18.4948349, "longitude": 73.8135271 }, "geometry": { "type": "Point", "coordinates": [ 73.8135271, 18.4948349 ] } },
{ "type": "Feature", "properties": { "osm_id": 7049807455, "osm_type": "node", "amenity": "hospital", "name": "Kamal Netra Rugnalaya", "latitude": 18.4949914, "longitude": 73.81219 }, "geometry": { "type": "Point", "coordinates": [ 73.81219, 18.4949914 ] } },
{ "type": "Feature", "properties": { "osm_id": 218733858, "osm_type": "way", "amenity": "hospital", "name": "Deoyani Hospital", "latitude": 18.4958863, "longitude": 73.8122815 }, "geometry": { "type": "Point", "coordinates": [ 73.8122815, 18.4958863 ] } },
{ "type": "Feature", "properties": { "osm_id": 7651453330, "osm_type": "node", "amenity": "hospital", "name": "Bindu Madhav Thakarey Hospital", "latitude": 18.496127, "longitude": 73.817109 }, "geometry": { "type": "Point", "coordinates": [ 73.817109, 18.496127 ] } },
{ "type": "Feature", "properties": { "osm_id": 7651453383, "osm_type": "node", "amenity": "hospital", "name": "Suyash Hospital", "latitude": 18.5001862, "longitude": 73.8124022 }, "geometry": { "type": "Point", "coordinates": [ 73.8124022, 18.5001862 ] } },
{ "type": "Feature", "properties": { "osm_id": 7043489278, "osm_type": "node", "amenity": "hospital", "name": "Argade Infertility and Endoscopic Surgery and Icu Center", "latitude": 18.5017523, "longitude": 73.8102353 }, "geometry": { "type": "Point", "coordinates": [ 73.8102353, 18.5017523 ] } },
{ "type": "Feature", "properties": { "osm_id": 13666484240, "osm_type": "node", "amenity": "hospital", "name": "Dr Sunny Dole", "latitude": 18.5019186, "longitude": 73.8166849 }, "geometry": { "type": "Point", "coordinates": [ 73.8166849, 18.5019186 ] } },
{ "type": "Feature", "properties": { "osm_id": 12595620688, "osm_type": "node", "amenity": "hospital", "name": "Align Diagnostic & BoneCare Polyclinic", "latitude": 18.5027108, "longitude": 73.817036 }, "geometry": { "type": "Point", "coordinates": [ 73.817036, 18.5027108 ] } },
{ "type": "Feature", "properties": { "osm_id": 7062490981, "osm_type": "node", "amenity": "hospital", "name": "Subodh Hospital", "latitude": 18.5035234, "longitude": 73.8137605 }, "geometry": { "type": "Point", "coordinates": [ 73.8137605, 18.5035234 ] } },
{ "type": "Feature", "properties": { "osm_id": 279403631, "osm_type": "way", "amenity": "hospital", "name": "PMC - Late. Jayabai Nanasaheb Sutar Maternity Home", "latitude": 18.5036257, "longitude": 73.8076976 }, "geometry": { "type": "Point", "coordinates": [ 73.8076976, 18.5036257 ] } },
{ "type": "Feature", "properties": { "osm_id": 7065561512, "osm_type": "node", "amenity": "hospital", "name": "Global Hospital & Research Institute", "latitude": 18.5013237, "longitude": 73.8410144 }, "geometry": { "type": "Point", "coordinates": [ 73.8410144, 18.5013237 ] } },
{ "type": "Feature", "properties": { "osm_id": 207872391, "osm_type": "way", "amenity": "hospital", "name": "Deenanath Mangeshkar Hospital", "latitude": 18.5020099, "longitude": 73.8328426 }, "geometry": { "type": "Point", "coordinates": [ 73.8328426, 18.5020099 ] } },
{ "type": "Feature", "properties": { "osm_id": 7226627720, "osm_type": "node", "amenity": "hospital", "name": "Late Anandibai Narhar Gadgil Hospital", "latitude": 18.5024088, "longitude": 73.8386813 }, "geometry": { "type": "Point", "coordinates": [ 73.8386813, 18.5024088 ] } },
{ "type": "Feature", "properties": { "osm_id": 7063808901, "osm_type": "node", "amenity": "hospital", "name": "Ace Hospital", "latitude": 18.504933, "longitude": 73.8303593 }, "geometry": { "type": "Point", "coordinates": [ 73.8303593, 18.504933 ] } },
{ "type": "Feature", "properties": { "osm_id": 7651453402, "osm_type": "node", "amenity": "hospital", "name": "Mantri Hospital", "latitude": 18.505204, "longitude": 73.834167 }, "geometry": { "type": "Point", "coordinates": [ 73.834167, 18.505204 ] } },
{ "type": "Feature", "properties": { "osm_id": 7651453312, "osm_type": "node", "amenity": "hospital", "name": "Apex Superspeciality Hospital", "latitude": 18.5075984, "longitude": 73.8439447 }, "geometry": { "type": "Point", "coordinates": [ 73.8439447, 18.5075984 ] } },
{ "type": "Feature", "properties": { "osm_id": 7052133789, "osm_type": "node", "amenity": "hospital", "name": "Nachiket Hospital Pvt Ltd", "latitude": 18.5076864, "longitude": 73.831062 }, "geometry": { "type": "Point", "coordinates": [ 73.831062, 18.5076864 ] } },
{ "type": "Feature", "properties": { "osm_id": 9215757550, "osm_type": "node", "amenity": "hospital", "name": "Metropolis Healthcare Ltd", "latitude": 18.5078453, "longitude": 73.8265103 }, "geometry": { "type": "Point", "coordinates": [ 73.8265103, 18.5078453 ] } },
{ "type": "Feature", "properties": { "osm_id": 13366468376, "osm_type": "node", "amenity": "hospital", "name": "MyGyne Clinic", "latitude": 18.5082386, "longitude": 73.8221777 }, "geometry": { "type": "Point", "coordinates": [ 73.8221777, 18.5082386 ] } },
{ "type": "Feature", "properties": { "osm_id": 7065820589, "osm_type": "node", "amenity": "hospital", "name": "Lokmanya Hospital, Pune", "latitude": 18.5089079, "longitude": 73.834105 }, "geometry": { "type": "Point", "coordinates": [ 73.834105, 18.5089079 ] } },
{ "type": "Feature", "properties": { "osm_id": 7651453370, "osm_type": "node", "amenity": "hospital", "name": "Gokhale Hospital", "latitude": 18.502188, "longitude": 73.857108 }, "geometry": { "type": "Point", "coordinates": [ 73.857108, 18.502188 ] } },
{ "type": "Feature", "properties": { "osm_id": 7651453422, "osm_type": "node", "amenity": "hospital", "name": "Chavan Hospital", "latitude": 18.502202, "longitude": 73.8584592 }, "geometry": { "type": "Point", "coordinates": [ 73.8584592, 18.502202 ] } },
{ "type": "Feature", "properties": { "osm_id": 7048871849, "osm_type": "node", "amenity": "hospital", "name": "Purandare Hospital, Pune", "latitude": 18.5022916, "longitude": 73.8586646 }, "geometry": { "type": "Point", "coordinates": [ 73.8586646, 18.5022916 ] } },
{ "type": "Feature", "properties": { "osm_id": 8813394447, "osm_type": "node", "amenity": "hospital", "name": "Matoshri Ramabai Ambedkar Prasutigriha", "latitude": 18.502785, "longitude": 73.8500051 }, "geometry": { "type": "Point", "coordinates": [ 73.8500051, 18.502785 ] } },
{ "type": "Feature", "properties": { "osm_id": 8814103200, "osm_type": "node", "amenity": "hospital", "name": "Apollo Spectra Hospitals", "latitude": 18.5029796, "longitude": 73.8520221 }, "geometry": { "type": "Point", "coordinates": [ 73.8520221, 18.5029796 ] } },
{ "type": "Feature", "properties": { "osm_id": 7621410003, "osm_type": "node", "amenity": "hospital", "name": "Colony Nursing Home", "latitude": 18.5030769, "longitude": 73.8446917 }, "geometry": { "type": "Point", "coordinates": [ 73.8446917, 18.5030769 ] } },
{ "type": "Feature", "properties": { "osm_id": 7069569120, "osm_type": "node", "amenity": "hospital", "name": "Vibhute Hospital", "latitude": 18.5040492, "longitude": 73.8518391 }, "geometry": { "type": "Point", "coordinates": [ 73.8518391, 18.5040492 ] } },
{ "type": "Feature", "properties": { "osm_id": 7048084570, "osm_type": "node", "amenity": "hospital", "name": "Bhide Hospital", "latitude": 18.5048666, "longitude": 73.8443399 }, "geometry": { "type": "Point", "coordinates": [ 73.8443399, 18.5048666 ] } },
{ "type": "Feature", "properties": { "osm_id": 7062497086, "osm_type": "node", "amenity": "hospital", "name": "Chinmay Institute Of Paediatrics", "latitude": 18.5083289, "longitude": 73.8457009 }, "geometry": { "type": "Point", "coordinates": [ 73.8457009, 18.5083289 ] } },
{ "type": "Feature", "properties": { "osm_id": 7080269671, "osm_type": "node", "amenity": "hospital", "name": "Ram Krishna Hospital, Pune", "latitude": 18.5092455, "longitude": 73.8483354 }, "geometry": { "type": "Point", "coordinates": [ 73.8483354, 18.5092455 ] } },
{ "type": "Feature", "properties": { "osm_id": 7073949807, "osm_type": "node", "amenity": "hospital", "name": "Dr.Pawar Eye Hospital", "latitude": 18.5092716, "longitude": 73.8449264 }, "geometry": { "type": "Point", "coordinates": [ 73.8449264, 18.5092716 ] } },
{ "type": "Feature", "properties": { "osm_id": 7651453318, "osm_type": "node", "amenity": "hospital", "name": "Date Hospital", "latitude": 18.51024, "longitude": 73.8522294 }, "geometry": { "type": "Point", "coordinates": [ 73.8522294, 18.51024 ] } },
{ "type": "Feature", "properties": { "osm_id": 7651453369, "osm_type": "node", "amenity": "hospital", "name": "योगेश हॉस्पिटल", "latitude": 18.510438, "longitude": 73.847875 }, "geometry": { "type": "Point", "coordinates": [ 73.847875, 18.510438 ] } },
{ "type": "Feature", "properties": { "osm_id": 7073895620, "osm_type": "node", "amenity": "hospital", "name": "Godbole Hospital", "latitude": 18.5112078, "longitude": 73.8513154 }, "geometry": { "type": "Point", "coordinates": [ 73.8513154, 18.5112078 ] } },
{ "type": "Feature", "properties": { "osm_id": 7080205212, "osm_type": "node", "amenity": "hospital", "name": "Vishwaniranjan Eye Hospital", "latitude": 18.5113846, "longitude": 73.8458276 }, "geometry": { "type": "Point", "coordinates": [ 73.8458276, 18.5113846 ] } },
{ "type": "Feature", "properties": { "osm_id": 7079411416, "osm_type": "node", "amenity": "hospital", "name": "Manoj Clinic / Gore Hospital", "latitude": 18.5117788, "longitude": 73.8487867 }, "geometry": { "type": "Point", "coordinates": [ 73.8487867, 18.5117788 ] } },
{ "type": "Feature", "properties": { "osm_id": 7045823776, "osm_type": "node", "amenity": "hospital", "name": "Umarji Hospital", "latitude": 18.5119352, "longitude": 73.857758 }, "geometry": { "type": "Point", "coordinates": [ 73.857758, 18.5119352 ] } },
{ "type": "Feature", "properties": { "osm_id": 10172942164, "osm_type": "node", "amenity": "hospital", "name": "Umarji Hospital", "latitude": 18.5119365, "longitude": 73.857759 }, "geometry": { "type": "Point", "coordinates": [ 73.857759, 18.5119365 ] } },
{ "type": "Feature", "properties": { "osm_id": 13964029513, "osm_type": "node", "amenity": "hospital", "name": "Paranjpe Hospital", "latitude": 18.512019, "longitude": 73.8457646 }, "geometry": { "type": "Point", "coordinates": [ 73.8457646, 18.512019 ] } },
{ "type": "Feature", "properties": { "osm_id": 758253943, "osm_type": "way", "amenity": "hospital", "name": "Shintre Hospital", "latitude": 18.5121535, "longitude": 73.8497781 }, "geometry": { "type": "Point", "coordinates": [ 73.8497781, 18.5121535 ] } },
{ "type": "Feature", "properties": { "osm_id": 229849146, "osm_type": "way", "amenity": "hospital", "name": "Jog Hospital", "latitude": 18.5094272, "longitude": 73.8211666 }, "geometry": { "type": "Point", "coordinates": [ 73.8211666, 18.5094272 ] } },
{ "type": "Feature", "properties": { "osm_id": 255661295, "osm_type": "way", "amenity": "hospital", "name": "Sanjeevan Hospital, Pune", "latitude": 18.510153, "longitude": 73.8371083 }, "geometry": { "type": "Point", "coordinates": [ 73.8371083, 18.510153 ] } },
{ "type": "Feature", "properties": { "osm_id": 217773616, "osm_type": "way", "amenity": "hospital", "name": "Poona Hospital and Research Centre", "latitude": 18.5106347, "longitude": 73.8419468 }, "geometry": { "type": "Point", "coordinates": [ 73.8419468, 18.5106347 ] } },
{ "type": "Feature", "properties": { "osm_id": 10172986709, "osm_type": "node", "amenity": "hospital", "name": "Poona Hospital and Research Centre", "latitude": 18.510644, "longitude": 73.8420437 }, "geometry": { "type": "Point", "coordinates": [ 73.8420437, 18.510644 ] } },
{ "type": "Feature", "properties": { "osm_id": 7651453326, "osm_type": "node", "amenity": "hospital", "name": "Sabane Hospital", "latitude": 18.5107027, "longitude": 73.8434338 }, "geometry": { "type": "Point", "coordinates": [ 73.8434338, 18.5107027 ] } },
{ "type": "Feature", "properties": { "osm_id": 7044819851, "osm_type": "node", "amenity": "hospital", "name": "Galaxy Care Laparoscopy Institute Pvt. Ltd.", "latitude": 18.5110031, "longitude": 73.837105 }, "geometry": { "type": "Point", "coordinates": [ 73.837105, 18.5110031 ] } },
{ "type": "Feature", "properties": { "osm_id": 7073537781, "osm_type": "node", "amenity": "hospital", "name": "Deodhar Eye Hospital", "latitude": 18.5114494, "longitude": 73.836472 }, "geometry": { "type": "Point", "coordinates": [ 73.836472, 18.5114494 ] } },
{ "type": "Feature", "properties": { "osm_id": 7048167596, "osm_type": "node", "amenity": "hospital", "name": "Poona Laser Center", "latitude": 18.5123701, "longitude": 73.8381752 }, "geometry": { "type": "Point", "coordinates": [ 73.8381752, 18.5123701 ] } },
{ "type": "Feature", "properties": { "osm_id": 218422372, "osm_type": "way", "amenity": "hospital", "name": "Sahyadri Hospital", "latitude": 18.5130465, "longitude": 73.839332 }, "geometry": { "type": "Point", "coordinates": [ 73.839332, 18.5130465 ] } },
{ "type": "Feature", "properties": { "osm_id": 8266093820, "osm_type": "node", "amenity": "hospital", "name": "Facethetics - Dental, Facial Cosmetics(BOTOX), & Hair Transplant Clinique", "latitude": 18.5136297, "longitude": 73.8285827 }, "geometry": { "type": "Point", "coordinates": [ 73.8285827, 18.5136297 ] } },
{ "type": "Feature", "properties": { "osm_id": 7050060080, "osm_type": "node", "amenity": "hospital", "name": "Khares Eye Institute", "latitude": 18.5145168, "longitude": 73.8317379 }, "geometry": { "type": "Point", "coordinates": [ 73.8317379, 18.5145168 ] } },
{ "type": "Feature", "properties": { "osm_id": 7079392093, "osm_type": "node", "amenity": "hospital", "name": "Shreeyash Hospital, Pune", "latitude": 18.5155666, "longitude": 73.8418673 }, "geometry": { "type": "Point", "coordinates": [ 73.8418673, 18.5155666 ] } },
{ "type": "Feature", "properties": { "osm_id": 249252730, "osm_type": "way", "amenity": "hospital", "name": "Navalmal Firodiya Super-Speciality Hospital", "latitude": 18.5170917, "longitude": 73.8330188 }, "geometry": { "type": "Point", "coordinates": [ 73.8330188, 18.5170917 ] } },
{ "type": "Feature", "properties": { "osm_id": 7049658153, "osm_type": "node", "amenity": "hospital", "name": "Joshi Hospital", "latitude": 18.5171432, "longitude": 73.8332874 }, "geometry": { "type": "Point", "coordinates": [ 73.8332874, 18.5171432 ] } },
{ "type": "Feature", "properties": { "osm_id": 10172977865, "osm_type": "node", "amenity": "hospital", "name": "Ghaisas ENT Hospital", "latitude": 18.5172397, "longitude": 73.8423562 }, "geometry": { "type": "Point", "coordinates": [ 73.8423562, 18.5172397 ] } },
{ "type": "Feature", "properties": { "osm_id": 217431359, "osm_type": "way", "amenity": "hospital", "name": "Prayag Hospital", "latitude": 18.5174781, "longitude": 73.8427841 }, "geometry": { "type": "Point", "coordinates": [ 73.8427841, 18.5174781 ] } },
{ "type": "Feature", "properties": { "osm_id": 10173005947, "osm_type": "node", "amenity": "hospital", "name": "Prayag Hospital", "latitude": 18.5174841, "longitude": 73.842789 }, "geometry": { "type": "Point", "coordinates": [ 73.842789, 18.5174841 ] } },
{ "type": "Feature", "properties": { "osm_id": 9295472627, "osm_type": "node", "amenity": "hospital", "name": "Joshi Hospital", "latitude": 18.5178773, "longitude": 73.842284 }, "geometry": { "type": "Point", "coordinates": [ 73.842284, 18.5178773 ] } },
{ "type": "Feature", "properties": { "osm_id": 10173005946, "osm_type": "node", "amenity": "hospital", "name": "Joshi Hospital", "latitude": 18.5179034, "longitude": 73.8422853 }, "geometry": { "type": "Point", "coordinates": [ 73.8422853, 18.5179034 ] } },
{ "type": "Feature", "properties": { "osm_id": 5832438811, "osm_type": "node", "amenity": "hospital", "name": "Golwilkar Metropolis Heath Service (India) Pvt Ltd", "latitude": 18.5181296, "longitude": 73.8344155 }, "geometry": { "type": "Point", "coordinates": [ 73.8344155, 18.5181296 ] } },
{ "type": "Feature", "properties": { "osm_id": 7651453390, "osm_type": "node", "amenity": "hospital", "name": "Shintre Hospital", "latitude": 18.5122403, "longitude": 73.8499324 }, "geometry": { "type": "Point", "coordinates": [ 73.8499324, 18.5122403 ] } },
{ "type": "Feature", "properties": { "osm_id": 7050627585, "osm_type": "node", "amenity": "hospital", "name": "Sant Dnyaneswar Medical Education Research Centre", "latitude": 18.5137805, "longitude": 73.8476971 }, "geometry": { "type": "Point", "coordinates": [ 73.8476971, 18.5137805 ] } },
{ "type": "Feature", "properties": { "osm_id": 7651453379, "osm_type": "node", "amenity": "hospital", "name": "Shaishav Children's Hospital", "latitude": 18.5137927, "longitude": 73.8476204 }, "geometry": { "type": "Point", "coordinates": [ 73.8476204, 18.5137927 ] } },
{ "type": "Feature", "properties": { "osm_id": 7226727370, "osm_type": "node", "amenity": "hospital", "name": "Sutika Seva Mandir", "latitude": 18.513913, "longitude": 73.846551 }, "geometry": { "type": "Point", "coordinates": [ 73.846551, 18.513913 ] } },
{ "type": "Feature", "properties": { "osm_id": 5832579347, "osm_type": "node", "amenity": "hospital", "name": "Paranjape Hospital", "latitude": 18.5143979, "longitude": 73.8460515 }, "geometry": { "type": "Point", "coordinates": [ 73.8460515, 18.5143979 ] } },
{ "type": "Feature", "properties": { "osm_id": 7651453320, "osm_type": "node", "amenity": "hospital", "name": "Morya General Hospital", "latitude": 18.5147901, "longitude": 73.8484343 }, "geometry": { "type": "Point", "coordinates": [ 73.8484343, 18.5147901 ] } },
{ "type": "Feature", "properties": { "osm_id": 7651453393, "osm_type": "node", "amenity": "hospital", "name": "Kalavati Mavale Hospital", "latitude": 18.5150421, "longitude": 73.8464127 }, "geometry": { "type": "Point", "coordinates": [ 73.8464127, 18.5150421 ] } },
{ "type": "Feature", "properties": { "osm_id": 7050589614, "osm_type": "node", "amenity": "hospital", "name": "Ashakiran Hospital", "latitude": 18.5158253, "longitude": 73.8474959 }, "geometry": { "type": "Point", "coordinates": [ 73.8474959, 18.5158253 ] } },
{ "type": "Feature", "properties": { "osm_id": 7083324260, "osm_type": "node", "amenity": "hospital", "name": "Centre For Laproscopy Surgery", "latitude": 18.5207937, "longitude": 73.8452496 }, "geometry": { "type": "Point", "coordinates": [ 73.8452496, 18.5207937 ] } },
{ "type": "Feature", "properties": { "osm_id": 2289294093, "osm_type": "node", "amenity": "hospital", "name": "Surya Sahyadri Hospital", "latitude": 18.521259, "longitude": 73.8556767 }, "geometry": { "type": "Point", "coordinates": [ 73.8556767, 18.521259 ] } },
{ "type": "Feature", "properties": { "osm_id": 10172977866, "osm_type": "node", "amenity": "hospital", "name": "Phadke Hospital", "latitude": 18.5183149, "longitude": 73.843879 }, "geometry": { "type": "Point", "coordinates": [ 73.843879, 18.5183149 ] } },
{ "type": "Feature", "properties": { "osm_id": 217431364, "osm_type": "way", "amenity": "hospital", "name": "Phadke Hospital", "latitude": 18.51833, "longitude": 73.8438797 }, "geometry": { "type": "Point", "coordinates": [ 73.8438797, 18.51833 ] } },
{ "type": "Feature", "properties": { "osm_id": 7063077070, "osm_type": "node", "amenity": "hospital", "name": "Paranjpe Eye Clinic and Eye Surgery Centre", "latitude": 18.5183547, "longitude": 73.8404001 }, "geometry": { "type": "Point", "coordinates": [ 73.8404001, 18.5183547 ] } },
{ "type": "Feature", "properties": { "osm_id": 2921897064, "osm_type": "node", "amenity": "hospital", "name": "Gupte Hospital Of Accurate Diagnostics Pvt Ltd", "latitude": 18.519051, "longitude": 73.8398724 }, "geometry": { "type": "Point", "coordinates": [ 73.8398724, 18.519051 ] } },
{ "type": "Feature", "properties": { "osm_id": 7048881959, "osm_type": "node", "amenity": "hospital", "name": "Pramodini Urology Foundation", "latitude": 18.5199125, "longitude": 73.8410217 }, "geometry": { "type": "Point", "coordinates": [ 73.8410217, 18.5199125 ] } },
{ "type": "Feature", "properties": { "osm_id": 7052987873, "osm_type": "node", "amenity": "hospital", "name": "Dr.Prakash Katariya Laser Cure", "latitude": 18.5223591, "longitude": 73.8441311 }, "geometry": { "type": "Point", "coordinates": [ 73.8441311, 18.5223591 ] } },
{ "type": "Feature", "properties": { "osm_id": 7651453418, "osm_type": "node", "amenity": "hospital", "name": "MJM Hospital", "latitude": 18.5245059, "longitude": 73.8438216 }, "geometry": { "type": "Point", "coordinates": [ 73.8438216, 18.5245059 ] } },
{ "type": "Feature", "properties": { "osm_id": 7076609433, "osm_type": "node", "amenity": "hospital", "name": "Z Y - Vision", "latitude": 18.5247371, "longitude": 73.8408494 }, "geometry": { "type": "Point", "coordinates": [ 73.8408494, 18.5247371 ] } },
{ "type": "Feature", "properties": { "osm_id": 10172986710, "osm_type": "node", "amenity": "hospital", "name": "DEENDAYAL MEMORIAL HOSPITAL", "latitude": 18.5249802, "longitude": 73.8411721 }, "geometry": { "type": "Point", "coordinates": [ 73.8411721, 18.5249802 ] } },
{ "type": "Feature", "properties": { "osm_id": 238842686, "osm_type": "way", "amenity": "hospital", "name": "Deendayal Memorial Hospital", "latitude": 18.5249981, "longitude": 73.8410861 }, "geometry": { "type": "Point", "coordinates": [ 73.8410861, 18.5249981 ] } },
{ "type": "Feature", "properties": { "osm_id": 10172977888, "osm_type": "node", "amenity": "hospital", "name": "Unique Hospital", "latitude": 18.5221641, "longitude": 73.8676777 }, "geometry": { "type": "Point", "coordinates": [ 73.8676777, 18.5221641 ] } },
{ "type": "Feature", "properties": { "osm_id": 218059566, "osm_type": "way", "amenity": "hospital", "name": "Kamla Nehru Hospital", "latitude": 18.5229409, "longitude": 73.8621247 }, "geometry": { "type": "Point", "coordinates": [ 73.8621247, 18.5229409 ] } },
{ "type": "Feature", "properties": { "osm_id": 10172986712, "osm_type": "node", "amenity": "hospital", "name": "KAMLA NEHRU HOSPITAL", "latitude": 18.5229428, "longitude": 73.8620344 }, "geometry": { "type": "Point", "coordinates": [ 73.8620344, 18.5229428 ] } },
{ "type": "Feature", "properties": { "osm_id": 7079392109, "osm_type": "node", "amenity": "hospital", "name": "Dr. Todkar Hospital", "latitude": 18.5229518, "longitude": 73.8639473 }, "geometry": { "type": "Point", "coordinates": [ 73.8639473, 18.5229518 ] } },
{ "type": "Feature", "properties": { "osm_id": 7651453375, "osm_type": "node", "amenity": "hospital", "name": "Sai Samarth Hospital", "latitude": 18.5231039, "longitude": 73.8681573 }, "geometry": { "type": "Point", "coordinates": [ 73.8681573, 18.5231039 ] } },
{ "type": "Feature", "properties": { "osm_id": 10172977883, "osm_type": "node", "amenity": "hospital", "name": "Kawediya Hospital", "latitude": 18.5242312, "longitude": 73.8627099 }, "geometry": { "type": "Point", "coordinates": [ 73.8627099, 18.5242312 ] } },
{ "type": "Feature", "properties": { "osm_id": 772571829, "osm_type": "node", "amenity": "hospital", "name": "Sassoon Hospital", "latitude": 18.5251434, "longitude": 73.8695664 }, "geometry": { "type": "Point", "coordinates": [ 73.8695664, 18.5251434 ] } },
{ "type": "Feature", "properties": { "osm_id": 7651453417, "osm_type": "node", "amenity": "hospital", "name": "David Sassoon Hospital", "latitude": 18.525279, "longitude": 73.870499 }, "geometry": { "type": "Point", "coordinates": [ 73.870499, 18.525279 ] } },
{ "type": "Feature", "properties": { "osm_id": 7068194960, "osm_type": "node", "amenity": "hospital", "name": "B.J.Medical College and Sassoon Hospital", "latitude": 18.526235, "longitude": 73.871161 }, "geometry": { "type": "Point", "coordinates": [ 73.871161, 18.526235 ] } },
{ "type": "Feature", "properties": { "osm_id": 10172977879, "osm_type": "node", "amenity": "hospital", "name": "Red blood hospital", "latitude": 18.5273893, "longitude": 73.8710163 }, "geometry": { "type": "Point", "coordinates": [ 73.8710163, 18.5273893 ] } },
{ "type": "Feature", "properties": { "osm_id": 7068155283, "osm_type": "node", "amenity": "hospital", "name": "Pungliya Hospital", "latitude": 18.5226796, "longitude": 73.8508487 }, "geometry": { "type": "Point", "coordinates": [ 73.8508487, 18.5226796 ] } },
{ "type": "Feature", "properties": { "osm_id": 7051137462, "osm_type": "node", "amenity": "hospital", "name": "Dr. Karve Childrens Hospital", "latitude": 18.5259905, "longitude": 73.85012 }, "geometry": { "type": "Point", "coordinates": [ 73.85012, 18.5259905 ] } },
{ "type": "Feature", "properties": { "osm_id": 359998821, "osm_type": "way", "amenity": "hospital", "name": "eshavari clinic", "latitude": 18.5263062, "longitude": 73.8519014 }, "geometry": { "type": "Point", "coordinates": [ 73.8519014, 18.5263062 ] } },
{ "type": "Feature", "properties": { "osm_id": 7049516396, "osm_type": "node", "amenity": "hospital", "name": "Pune Fertility Center", "latitude": 18.5287757, "longitude": 73.8479868 }, "geometry": { "type": "Point", "coordinates": [ 73.8479868, 18.5287757 ] } },
{ "type": "Feature", "properties": { "osm_id": 218110050, "osm_type": "way", "amenity": "hospital", "name": "Sancheti Hospital", "latitude": 18.5299514, "longitude": 73.8528812 }, "geometry": { "type": "Point", "coordinates": [ 73.8528812, 18.5299514 ] } },
{ "type": "Feature", "properties": { "osm_id": 282054948, "osm_type": "way", "amenity": "hospital", "name": "Deccan Hardikar Hospital", "latitude": 18.530254, "longitude": 73.847541 }, "geometry": { "type": "Point", "coordinates": [ 73.847541, 18.530254 ] } },
{ "type": "Feature", "properties": { "osm_id": 10172977859, "osm_type": "node", "amenity": "hospital", "name": "Oyster and Pearl Hospital", "latitude": 18.5318931, "longitude": 73.8472769 }, "geometry": { "type": "Point", "coordinates": [ 73.8472769, 18.5318931 ] } },
{ "type": "Feature", "properties": { "osm_id": 238842692, "osm_type": "way", "amenity": "hospital", "name": "Oyster and Pearl Hospital Tulip", "latitude": 18.5319107, "longitude": 73.8472733 }, "geometry": { "type": "Point", "coordinates": [ 73.8472733, 18.5319107 ] } },
{ "type": "Feature", "properties": { "osm_id": 6612854042, "osm_type": "node", "amenity": "hospital", "name": "ONP Leela Hospital", "latitude": 18.5329215, "longitude": 73.8468085 }, "geometry": { "type": "Point", "coordinates": [ 73.8468085, 18.5329215 ] } },
{ "type": "Feature", "properties": { "osm_id": 380417656, "osm_type": "way", "amenity": "hospital", "name": "Dalvi Hospital", "latitude": 18.5331448, "longitude": 73.8487703 }, "geometry": { "type": "Point", "coordinates": [ 73.8487703, 18.5331448 ] } },
{ "type": "Feature", "properties": { "osm_id": 359699717, "osm_type": "way", "amenity": "hospital", "name": "Dr.Ranjeet Hospital", "latitude": 18.5905216, "longitude": 73.7388887 }, "geometry": { "type": "Point", "coordinates": [ 73.7388887, 18.5905216 ] } },
{ "type": "Feature", "properties": { "osm_id": 7649461785, "osm_type": "node", "amenity": "hospital", "name": "Sanjeevani Hospital", "latitude": 18.5914168, "longitude": 73.7395295 }, "geometry": { "type": "Point", "coordinates": [ 73.7395295, 18.5914168 ] } },
{ "type": "Feature", "properties": { "osm_id": 10719641531, "osm_type": "node", "amenity": "hospital", "name": "LifeTree Hospital", "latitude": 18.5915925, "longitude": 73.7435469 }, "geometry": { "type": "Point", "coordinates": [ 73.7435469, 18.5915925 ] } },
{ "type": "Feature", "properties": { "osm_id": 10725958858, "osm_type": "node", "amenity": "hospital", "name": "Ruby Hall Clinic, Hinjawadi, Pune", "latitude": 18.5924771, "longitude": 73.733877 }, "geometry": { "type": "Point", "coordinates": [ 73.733877, 18.5924771 ] } },
{ "type": "Feature", "properties": { "osm_id": 1410509613, "osm_type": "way", "amenity": "hospital", "name": "Ruby Hall Clinic Hinjawadi", "latitude": 18.5925314, "longitude": 73.7341294 }, "geometry": { "type": "Point", "coordinates": [ 73.7341294, 18.5925314 ] } },
{ "type": "Feature", "properties": { "osm_id": 1153129419, "osm_type": "way", "amenity": "hospital", "name": "Ruby hall Clinic", "latitude": 18.5925514, "longitude": 73.7341234 }, "geometry": { "type": "Point", "coordinates": [ 73.7341234, 18.5925514 ] } },
{ "type": "Feature", "properties": { "osm_id": 13906955646, "osm_type": "node", "amenity": "hospital", "name": "Saishree Vitalife Hospital", "latitude": 18.5926958, "longitude": 73.7597811 }, "geometry": { "type": "Point", "coordinates": [ 73.7597811, 18.5926958 ] } },
{ "type": "Feature", "properties": { "osm_id": 7086092368, "osm_type": "node", "amenity": "hospital", "name": "Ashirwad Hospital", "latitude": 18.5934583, "longitude": 73.7387454 }, "geometry": { "type": "Point", "coordinates": [ 73.7387454, 18.5934583 ] } },
{ "type": "Feature", "properties": { "osm_id": 359573681, "osm_type": "way", "amenity": "hospital", "name": "Matoshri Jijaai Clinic", "latitude": 18.594101, "longitude": 73.7391092 }, "geometry": { "type": "Point", "coordinates": [ 73.7391092, 18.594101 ] } },
{ "type": "Feature", "properties": { "osm_id": 7649461716, "osm_type": "node", "amenity": "hospital", "name": "Hinjawadi Hospital", "latitude": 18.5950742, "longitude": 73.7350569 }, "geometry": { "type": "Point", "coordinates": [ 73.7350569, 18.5950742 ] } },
{ "type": "Feature", "properties": { "osm_id": 988738259, "osm_type": "node", "amenity": "hospital", "name": "Shree Sakthi Hospital", "latitude": 18.5883392, "longitude": 73.8015444 }, "geometry": { "type": "Point", "coordinates": [ 73.8015444, 18.5883392 ] } },
{ "type": "Feature", "properties": { "osm_id": 7044292218, "osm_type": "node", "amenity": "hospital", "name": "Shree Shakti Hospital", "latitude": 18.5887256, "longitude": 73.8014048 }, "geometry": { "type": "Point", "coordinates": [ 73.8014048, 18.5887256 ] } },
{ "type": "Feature", "properties": { "osm_id": 7649461807, "osm_type": "node", "amenity": "hospital", "name": "Sudarshan Hospital", "latitude": 18.588825, "longitude": 73.817373 }, "geometry": { "type": "Point", "coordinates": [ 73.817373, 18.588825 ] } },
{ "type": "Feature", "properties": { "osm_id": 7649461791, "osm_type": "node", "amenity": "hospital", "name": "Pagare Hospital", "latitude": 18.5889738, "longitude": 73.8165592 }, "geometry": { "type": "Point", "coordinates": [ 73.8165592, 18.5889738 ] } },
{ "type": "Feature", "properties": { "osm_id": 10724941692, "osm_type": "node", "amenity": "hospital", "name": "SANJIVANI HOSPITAL", "latitude": 18.5954785, "longitude": 73.8164532 }, "geometry": { "type": "Point", "coordinates": [ 73.8164532, 18.5954785 ] } },
{ "type": "Feature", "properties": { "osm_id": 10724941693, "osm_type": "node", "amenity": "hospital", "name": "घनवट हॉस्पिटल", "latitude": 18.595659, "longitude": 73.8163512 }, "geometry": { "type": "Point", "coordinates": [ 73.8163512, 18.595659 ] } },
{ "type": "Feature", "properties": { "osm_id": 10724941694, "osm_type": "node", "amenity": "hospital", "name": "Shri Hospital", "latitude": 18.5969642, "longitude": 73.8152335 }, "geometry": { "type": "Point", "coordinates": [ 73.8152335, 18.5969642 ] } },
{ "type": "Feature", "properties": { "osm_id": 10724936331, "osm_type": "node", "amenity": "hospital", "name": "Datacha Dawakhana", "latitude": 18.5982284, "longitude": 73.816064 }, "geometry": { "type": "Point", "coordinates": [ 73.816064, 18.5982284 ] } },
{ "type": "Feature", "properties": { "osm_id": 10724936330, "osm_type": "node", "amenity": "hospital", "name": "Ashtavinayak Dental Clinic", "latitude": 18.5985006, "longitude": 73.8161559 }, "geometry": { "type": "Point", "coordinates": [ 73.8161559, 18.5985006 ] } },
{ "type": "Feature", "properties": { "osm_id": 10723431692, "osm_type": "node", "amenity": "hospital", "name": "Dr. Satra's Dental Clinic", "latitude": 18.5998927, "longitude": 73.8158263 }, "geometry": { "type": "Point", "coordinates": [ 73.8158263, 18.5998927 ] } },
{ "type": "Feature", "properties": { "osm_id": 1206513176, "osm_type": "way", "amenity": "hospital", "name": "Cradle maternity and women care", "latitude": 18.5907775, "longitude": 73.7849492 }, "geometry": { "type": "Point", "coordinates": [ 73.7849492, 18.5907775 ] } },
{ "type": "Feature", "properties": { "osm_id": 9981925165, "osm_type": "node", "amenity": "hospital", "name": "Little miracle childrens hospital", "latitude": 18.5945809, "longitude": 73.7687807 }, "geometry": { "type": "Point", "coordinates": [ 73.7687807, 18.5945809 ] } },
{ "type": "Feature", "properties": { "osm_id": 13014836263, "osm_type": "node", "amenity": "hospital", "name": "Usha Urology & Andrology Clinic", "latitude": 18.5958627, "longitude": 73.7891883 }, "geometry": { "type": "Point", "coordinates": [ 73.7891883, 18.5958627 ] } },
{ "type": "Feature", "properties": { "osm_id": 10743414164, "osm_type": "node", "amenity": "hospital", "name": "ASG eye hospital", "latitude": 18.5967134, "longitude": 73.7904165 }, "geometry": { "type": "Point", "coordinates": [ 73.7904165, 18.5967134 ] } },
{ "type": "Feature", "properties": { "osm_id": 10727125136, "osm_type": "node", "amenity": "hospital", "name": "Chirayu hospital", "latitude": 18.5981183, "longitude": 73.7639672 }, "geometry": { "type": "Point", "coordinates": [ 73.7639672, 18.5981183 ] } },
{ "type": "Feature", "properties": { "osm_id": 10579277150, "osm_type": "node", "amenity": "hospital", "name": "Alpha hospital", "latitude": 18.5984803, "longitude": 73.7640386 }, "geometry": { "type": "Point", "coordinates": [ 73.7640386, 18.5984803 ] } },
{ "type": "Feature", "properties": { "osm_id": 7082518997, "osm_type": "node", "amenity": "hospital", "name": "Polaris Health Care", "latitude": 18.5994905, "longitude": 73.7636078 }, "geometry": { "type": "Point", "coordinates": [ 73.7636078, 18.5994905 ] } },
{ "type": "Feature", "properties": { "osm_id": 13431900870, "osm_type": "node", "amenity": "hospital", "name": "Synergy Heart Institute", "latitude": 18.5995293, "longitude": 73.7923998 }, "geometry": { "type": "Point", "coordinates": [ 73.7923998, 18.5995293 ] } },
{ "type": "Feature", "properties": { "osm_id": 10679656826, "osm_type": "node", "amenity": "hospital", "name": "Nakshatra eye hospital", "latitude": 18.5999218, "longitude": 73.7634297 }, "geometry": { "type": "Point", "coordinates": [ 73.7634297, 18.5999218 ] } },
{ "type": "Feature", "properties": { "osm_id": 10679656824, "osm_type": "node", "amenity": "hospital", "name": "Orion hospital", "latitude": 18.6001101, "longitude": 73.7634111 }, "geometry": { "type": "Point", "coordinates": [ 73.7634111, 18.6001101 ] } },
{ "type": "Feature", "properties": { "osm_id": 6769546871, "osm_type": "node", "amenity": "hospital", "name": "NRS hospital", "latitude": 18.6007211, "longitude": 73.7751811 }, "geometry": { "type": "Point", "coordinates": [ 73.7751811, 18.6007211 ] } },
{ "type": "Feature", "properties": { "osm_id": 13014878905, "osm_type": "node", "amenity": "hospital", "name": "Dr. Abhijeet Karad", "latitude": 18.6011876, "longitude": 73.7609645 }, "geometry": { "type": "Point", "coordinates": [ 73.7609645, 18.6011876 ] } },
{ "type": "Feature", "properties": { "osm_id": 10300636347, "osm_type": "node", "amenity": "hospital", "name": "Lakshya cancer hospital", "latitude": 18.6025763, "longitude": 73.7773987 }, "geometry": { "type": "Point", "coordinates": [ 73.7773987, 18.6025763 ] } },
{ "type": "Feature", "properties": { "osm_id": 7070279104, "osm_type": "node", "amenity": "hospital", "name": "Global Multi Speciality Hospital, Pune", "latitude": 18.6026821, "longitude": 73.7772542 }, "geometry": { "type": "Point", "coordinates": [ 73.7772542, 18.6026821 ] } },
{ "type": "Feature", "properties": { "osm_id": 229242164, "osm_type": "way", "amenity": "hospital", "name": "Dr. Chame Hospital", "latitude": 18.6038785, "longitude": 73.7904463 }, "geometry": { "type": "Point", "coordinates": [ 73.7904463, 18.6038785 ] } },
{ "type": "Feature", "properties": { "osm_id": 12050590767, "osm_type": "node", "amenity": "hospital", "name": "sparsh hospital", "latitude": 18.604663, "longitude": 73.7867792 }, "geometry": { "type": "Point", "coordinates": [ 73.7867792, 18.604663 ] } },
{ "type": "Feature", "properties": { "osm_id": 7053870877, "osm_type": "node", "amenity": "hospital", "name": "Phoenix Hospital, Pune", "latitude": 18.6047183, "longitude": 73.7761981 }, "geometry": { "type": "Point", "coordinates": [ 73.7761981, 18.6047183 ] } },
{ "type": "Feature", "properties": { "osm_id": 8814550418, "osm_type": "node", "amenity": "hospital", "name": "Jeevanjyoti Hospital", "latitude": 18.6048925, "longitude": 73.7785403 }, "geometry": { "type": "Point", "coordinates": [ 73.7785403, 18.6048925 ] } },
{ "type": "Feature", "properties": { "osm_id": 7064929849, "osm_type": "node", "amenity": "hospital", "name": "Ankur Hospital, Shivaji Nagar", "latitude": 18.6062334, "longitude": 73.7729748 }, "geometry": { "type": "Point", "coordinates": [ 73.7729748, 18.6062334 ] } },
{ "type": "Feature", "properties": { "osm_id": 1087903656, "osm_type": "way", "amenity": "hospital", "name": "Khinwsara Patil Hospital", "latitude": 18.6068834, "longitude": 73.7684591 }, "geometry": { "type": "Point", "coordinates": [ 73.7684591, 18.6068834 ] } },
{ "type": "Feature", "properties": { "osm_id": 10654184123, "osm_type": "node", "amenity": "hospital", "name": "Unnamed", "latitude": 18.6084525, "longitude": 73.7772728 }, "geometry": { "type": "Point", "coordinates": [ 73.7772728, 18.6084525 ] } },
{ "type": "Feature", "properties": { "osm_id": 13594714993, "osm_type": "node", "amenity": "hospital", "name": "Silver Birch Multispeciality Hospital", "latitude": 18.6106471, "longitude": 73.7654745 }, "geometry": { "type": "Point", "coordinates": [ 73.7654745, 18.6106471 ] } },
{ "type": "Feature", "properties": { "osm_id": 10109217027, "osm_type": "node", "amenity": "hospital", "name": "Care lifeline hospital", "latitude": 18.611843, "longitude": 73.7836895 }, "geometry": { "type": "Point", "coordinates": [ 73.7836895, 18.611843 ] } },
{ "type": "Feature", "properties": { "osm_id": 10109217028, "osm_type": "node", "amenity": "hospital", "name": "साईकृपा रुग्णालय", "latitude": 18.611978, "longitude": 73.7838011 }, "geometry": { "type": "Point", "coordinates": [ 73.7838011, 18.611978 ] } },
{ "type": "Feature", "properties": { "osm_id": 1412654212, "osm_type": "way", "amenity": "hospital", "name": "Thergaon Hospital", "latitude": 18.6133389, "longitude": 73.7816035 }, "geometry": { "type": "Point", "coordinates": [ 73.7816035, 18.6133389 ] } },
{ "type": "Feature", "properties": { "osm_id": 7063805492, "osm_type": "node", "amenity": "hospital", "name": "Ushakiran Eye Hospital", "latitude": 18.6133992, "longitude": 73.7664382 }, "geometry": { "type": "Point", "coordinates": [ 73.7664382, 18.6133992 ] } },
{ "type": "Feature", "properties": { "osm_id": 1124700055, "osm_type": "way", "amenity": "hospital", "name": "थेरगाव रुग्णालय", "latitude": 18.6135085, "longitude": 73.7814727 }, "geometry": { "type": "Point", "coordinates": [ 73.7814727, 18.6135085 ] } },
{ "type": "Feature", "properties": { "osm_id": 7649461728, "osm_type": "node", "amenity": "hospital", "name": "Saijyoti Hospital & ICU", "latitude": 18.6138321, "longitude": 73.7632889 }, "geometry": { "type": "Point", "coordinates": [ 73.7632889, 18.6138321 ] } },
{ "type": "Feature", "properties": { "osm_id": 5851703586, "osm_type": "node", "amenity": "hospital", "name": "Spandan Hospital, Pune", "latitude": 18.6141649, "longitude": 73.765762 }, "geometry": { "type": "Point", "coordinates": [ 73.765762, 18.6141649 ] } },
{ "type": "Feature", "properties": { "osm_id": 7047404403, "osm_type": "node", "amenity": "hospital", "name": "Bhoir Hospital, Pune", "latitude": 18.6142278, "longitude": 73.7647042 }, "geometry": { "type": "Point", "coordinates": [ 73.7647042, 18.6142278 ] } },
{ "type": "Feature", "properties": { "osm_id": 10724934819, "osm_type": "node", "amenity": "hospital", "name": "Khare Dental Clinic", "latitude": 18.6001927, "longitude": 73.8177383 }, "geometry": { "type": "Point", "coordinates": [ 73.8177383, 18.6001927 ] } },
{ "type": "Feature", "properties": { "osm_id": 359926124, "osm_type": "way", "amenity": "hospital", "name": "ADITYA BIRLA MULTISPECIALITY HOSPITAL", "latitude": 18.6081213, "longitude": 73.8008423 }, "geometry": { "type": "Point", "coordinates": [ 73.8008423, 18.6081213 ] } },
{ "type": "Feature", "properties": { "osm_id": 7045917548, "osm_type": "node", "amenity": "hospital", "name": "Amrut Hospital", "latitude": 18.6098278, "longitude": 73.8017106 }, "geometry": { "type": "Point", "coordinates": [ 73.8017106, 18.6098278 ] } },
{ "type": "Feature", "properties": { "osm_id": 7049765623, "osm_type": "node", "amenity": "hospital", "name": "Sainath Orthopaedic Hospital", "latitude": 18.6182834, "longitude": 73.8028754 }, "geometry": { "type": "Point", "coordinates": [ 73.8028754, 18.6182834 ] } },
{ "type": "Feature", "properties": { "osm_id": 7047913609, "osm_type": "node", "amenity": "hospital", "name": "Pimpri Chinchwad (Pcip) Institute Of Paediatrics", "latitude": 18.6185477, "longitude": 73.803735 }, "geometry": { "type": "Point", "coordinates": [ 73.803735, 18.6185477 ] } },
{ "type": "Feature", "properties": { "osm_id": 7048628810, "osm_type": "node", "amenity": "hospital", "name": "Kaushal Hospital, Pune", "latitude": 18.6186926, "longitude": 73.7992403 }, "geometry": { "type": "Point", "coordinates": [ 73.7992403, 18.6186926 ] } },
{ "type": "Feature", "properties": { "osm_id": 7053008550, "osm_type": "node", "amenity": "hospital", "name": "Anjali Hospital", "latitude": 18.6200124, "longitude": 73.8010407 }, "geometry": { "type": "Point", "coordinates": [ 73.8010407, 18.6200124 ] } },
{ "type": "Feature", "properties": { "osm_id": 1533440293, "osm_type": "way", "amenity": "hospital", "name": "Anjali", "latitude": 18.6200398, "longitude": 73.801125 }, "geometry": { "type": "Point", "coordinates": [ 73.801125, 18.6200398 ] } },
{ "type": "Feature", "properties": { "osm_id": 7649461764, "osm_type": "node", "amenity": "hospital", "name": "Nanal Hospital", "latitude": 18.6248618, "longitude": 73.8026145 }, "geometry": { "type": "Point", "coordinates": [ 73.8026145, 18.6248618 ] } },
{ "type": "Feature", "properties": { "osm_id": 7649461777, "osm_type": "node", "amenity": "hospital", "name": "PCIP Hospital", "latitude": 18.624903, "longitude": 73.803616 }, "geometry": { "type": "Point", "coordinates": [ 73.803616, 18.624903 ] } },
{ "type": "Feature", "properties": { "osm_id": 10719595734, "osm_type": "node", "amenity": "hospital", "name": "Emcure Pharmaceuticals Limited", "latitude": 18.5951164, "longitude": 73.7126552 }, "geometry": { "type": "Point", "coordinates": [ 73.7126552, 18.5951164 ] } },
{ "type": "Feature", "properties": { "osm_id": 1151476675, "osm_type": "way", "amenity": "hospital", "name": "Shatayu Hospital Hinjawadi", "latitude": 18.5958537, "longitude": 73.7408967 }, "geometry": { "type": "Point", "coordinates": [ 73.7408967, 18.5958537 ] } },
{ "type": "Feature", "properties": { "osm_id": 7649461740, "osm_type": "node", "amenity": "hospital", "name": "Golden Care Hospital", "latitude": 18.6020756, "longitude": 73.7476511 }, "geometry": { "type": "Point", "coordinates": [ 73.7476511, 18.6020756 ] } },
{ "type": "Feature", "properties": { "osm_id": 1428211327, "osm_type": "way", "amenity": "hospital", "name": "FIRST AID CENTER", "latitude": 18.6085492, "longitude": 73.7480085 }, "geometry": { "type": "Point", "coordinates": [ 73.7480085, 18.6085492 ] } },
{ "type": "Feature", "properties": { "osm_id": 10722700408, "osm_type": "node", "amenity": "hospital", "name": "Yashoda Children and Maternity Hospital (Pediatrician and Gynaecologist)", "latitude": 18.611846, "longitude": 73.7171417 }, "geometry": { "type": "Point", "coordinates": [ 73.7171417, 18.611846 ] } },
{ "type": "Feature", "properties": { "osm_id": 10722688526, "osm_type": "node", "amenity": "hospital", "name": "Marunji Hospital", "latitude": 18.6125561, "longitude": 73.7165025 }, "geometry": { "type": "Point", "coordinates": [ 73.7165025, 18.6125561 ] } },
{ "type": "Feature", "properties": { "osm_id": 7649461768, "osm_type": "node", "amenity": "hospital", "name": "Ayushree Hospital", "latitude": 18.6130394, "longitude": 73.7141648 }, "geometry": { "type": "Point", "coordinates": [ 73.7141648, 18.6130394 ] } },
{ "type": "Feature", "properties": { "osm_id": 13666423748, "osm_type": "node", "amenity": "hospital", "name": "Punawale Specialty Clinic", "latitude": 18.6266336, "longitude": 73.7382621 }, "geometry": { "type": "Point", "coordinates": [ 73.7382621, 18.6266336 ] } },
{ "type": "Feature", "properties": { "osm_id": 8813785008, "osm_type": "node", "amenity": "hospital", "name": "Ojas Multispeciality Hospital", "latitude": 18.6432539, "longitude": 73.7546177 }, "geometry": { "type": "Point", "coordinates": [ 73.7546177, 18.6432539 ] } },
{ "type": "Feature", "properties": { "osm_id": 1128949238, "osm_type": "way", "amenity": "hospital", "name": "Global Hospital and Research Center", "latitude": 18.6464415, "longitude": 73.7571549 }, "geometry": { "type": "Point", "coordinates": [ 73.7571549, 18.6464415 ] } },
{ "type": "Feature", "properties": { "osm_id": 7649461775, "osm_type": "node", "amenity": "hospital", "name": "Global chemist", "latitude": 18.6143742, "longitude": 73.7657379 }, "geometry": { "type": "Point", "coordinates": [ 73.7657379, 18.6143742 ] } },
{ "type": "Feature", "properties": { "osm_id": 10589832892, "osm_type": "node", "amenity": "hospital", "name": "Ingale Hospital", "latitude": 18.6145416, "longitude": 73.7855399 }, "geometry": { "type": "Point", "coordinates": [ 73.7855399, 18.6145416 ] } },
{ "type": "Feature", "properties": { "osm_id": 7051137473, "osm_type": "node", "amenity": "hospital", "name": "New Life Children Hospital", "latitude": 18.6146396, "longitude": 73.7856428 }, "geometry": { "type": "Point", "coordinates": [ 73.7856428, 18.6146396 ] } },
{ "type": "Feature", "properties": { "osm_id": 7649461816, "osm_type": "node", "amenity": "hospital", "name": "Shree Anand Memorial Hospital", "latitude": 18.6158378, "longitude": 73.7703502 }, "geometry": { "type": "Point", "coordinates": [ 73.7703502, 18.6158378 ] } },
{ "type": "Feature", "properties": { "osm_id": 7055245140, "osm_type": "node", "amenity": "hospital", "name": "Medlife Multispeciality Hospital and Icu", "latitude": 18.6191718, "longitude": 73.7912714 }, "geometry": { "type": "Point", "coordinates": [ 73.7912714, 18.6191718 ] } },
{ "type": "Feature", "properties": { "osm_id": 7073048621, "osm_type": "node", "amenity": "hospital", "name": "Shree Krupa Hospital, Pune", "latitude": 18.6243518, "longitude": 73.7864814 }, "geometry": { "type": "Point", "coordinates": [ 73.7864814, 18.6243518 ] } },
{ "type": "Feature", "properties": { "osm_id": 1123804654, "osm_type": "way", "amenity": "hospital", "name": "Aditya Birla Memorial Hospital", "latitude": 18.6259753, "longitude": 73.7749966 }, "geometry": { "type": "Point", "coordinates": [ 73.7749966, 18.6259753 ] } },
{ "type": "Feature", "properties": { "osm_id": 7226727437, "osm_type": "node", "amenity": "hospital", "name": "PCMC-Talera Hospital, Chinchwad", "latitude": 18.626544, "longitude": 73.784354 }, "geometry": { "type": "Point", "coordinates": [ 73.784354, 18.626544 ] } },
{ "type": "Feature", "properties": { "osm_id": 1487975650, "osm_type": "way", "amenity": "hospital", "name": "Morya Medical", "latitude": 18.6270869, "longitude": 73.7820315 }, "geometry": { "type": "Point", "coordinates": [ 73.7820315, 18.6270869 ] } },
{ "type": "Feature", "properties": { "osm_id": 13619797648, "osm_type": "node", "amenity": "hospital", "name": "Morya Medical", "latitude": 18.6273495, "longitude": 73.7820167 }, "geometry": { "type": "Point", "coordinates": [ 73.7820167, 18.6273495 ] } },
{ "type": "Feature", "properties": { "osm_id": 359483838, "osm_type": "way", "amenity": "hospital", "name": "Morya Hospital", "latitude": 18.6274645, "longitude": 73.7819923 }, "geometry": { "type": "Point", "coordinates": [ 73.7819923, 18.6274645 ] } },
{ "type": "Feature", "properties": { "osm_id": 8266823683, "osm_type": "node", "amenity": "hospital", "name": "DR PATIL'S FACE DENTAL HOSPITAL", "latitude": 18.6284608, "longitude": 73.7801267 }, "geometry": { "type": "Point", "coordinates": [ 73.7801267, 18.6284608 ] } },
{ "type": "Feature", "properties": { "osm_id": 7086092367, "osm_type": "node", "amenity": "hospital", "name": "Chaitanya Hospital", "latitude": 18.6295821, "longitude": 73.7806525 }, "geometry": { "type": "Point", "coordinates": [ 73.7806525, 18.6295821 ] } },
{ "type": "Feature", "properties": { "osm_id": 360535525, "osm_type": "way", "amenity": "hospital", "name": "Kamat Hospital", "latitude": 18.6297493, "longitude": 73.7802296 }, "geometry": { "type": "Point", "coordinates": [ 73.7802296, 18.6297493 ] } },
{ "type": "Feature", "properties": { "osm_id": 8813604430, "osm_type": "node", "amenity": "hospital", "name": "Brahm Chaitanya Hospital", "latitude": 18.6342441, "longitude": 73.7885624 }, "geometry": { "type": "Point", "coordinates": [ 73.7885624, 18.6342441 ] } },
{ "type": "Feature", "properties": { "osm_id": 7070050993, "osm_type": "node", "amenity": "hospital", "name": "Om Shree Swami Samarth Hospital", "latitude": 18.6345339, "longitude": 73.7791827 }, "geometry": { "type": "Point", "coordinates": [ 73.7791827, 18.6345339 ] } },
{ "type": "Feature", "properties": { "osm_id": 11059328195, "osm_type": "node", "amenity": "hospital", "name": "Satav pathology Laboratory", "latitude": 18.6366048, "longitude": 73.790488 }, "geometry": { "type": "Point", "coordinates": [ 73.790488, 18.6366048 ] } },
{ "type": "Feature", "properties": { "osm_id": 10211451431, "osm_type": "node", "amenity": "hospital", "name": "lokmanya hospital", "latitude": 18.6373267, "longitude": 73.7903342 }, "geometry": { "type": "Point", "coordinates": [ 73.7903342, 18.6373267 ] } },
{ "type": "Feature", "properties": { "osm_id": 11059326652, "osm_type": "node", "amenity": "hospital", "name": "Astha Hospital", "latitude": 18.6392794, "longitude": 73.7911307 }, "geometry": { "type": "Point", "coordinates": [ 73.7911307, 18.6392794 ] } },
{ "type": "Feature", "properties": { "osm_id": 7073944670, "osm_type": "node", "amenity": "hospital", "name": "Ashwini Hospital, Pune", "latitude": 18.6436421, "longitude": 73.7732088 }, "geometry": { "type": "Point", "coordinates": [ 73.7732088, 18.6436421 ] } },
{ "type": "Feature", "properties": { "osm_id": 752168700, "osm_type": "way", "amenity": "hospital", "name": "Dr Patil Ent Hospital", "latitude": 18.6280866, "longitude": 73.8034772 }, "geometry": { "type": "Point", "coordinates": [ 73.8034772, 18.6280866 ] } },
{ "type": "Feature", "properties": { "osm_id": 7049410558, "osm_type": "node", "amenity": "hospital", "name": "Sushrut Hospital, Chinchwad", "latitude": 18.6283685, "longitude": 73.8129256 }, "geometry": { "type": "Point", "coordinates": [ 73.8129256, 18.6283685 ] } },
{ "type": "Feature", "properties": { "osm_id": 13521133884, "osm_type": "node", "amenity": "hospital", "name": "Dr Abhinav Kesarwani Varicose Veins Specialist", "latitude": 18.6325123, "longitude": 73.8015866 }, "geometry": { "type": "Point", "coordinates": [ 73.8015866, 18.6325123 ] } },
{ "type": "Feature", "properties": { "osm_id": 7066374756, "osm_type": "node", "amenity": "hospital", "name": "Chavan hospital, Pune", "latitude": 18.6332402, "longitude": 73.8167819 }, "geometry": { "type": "Point", "coordinates": [ 73.8167819, 18.6332402 ] } },
{ "type": "Feature", "properties": { "osm_id": 7086516363, "osm_type": "node", "amenity": "hospital", "name": "Prem Clinic and Hospital", "latitude": 18.6335515, "longitude": 73.8057742 }, "geometry": { "type": "Point", "coordinates": [ 73.8057742, 18.6335515 ] } },
{ "type": "Feature", "properties": { "osm_id": 10211453602, "osm_type": "node", "amenity": "hospital", "name": "lokmanya hospital", "latitude": 18.6337814, "longitude": 73.8032159 }, "geometry": { "type": "Point", "coordinates": [ 73.8032159, 18.6337814 ] } },
{ "type": "Feature", "properties": { "osm_id": 7069577128, "osm_type": "node", "amenity": "hospital", "name": "Unique Childrens Hospital", "latitude": 18.6388704, "longitude": 73.7943419 }, "geometry": { "type": "Point", "coordinates": [ 73.7943419, 18.6388704 ] } },
{ "type": "Feature", "properties": { "osm_id": 7047964541, "osm_type": "node", "amenity": "hospital", "name": "Niramaya Hospital", "latitude": 18.6394848, "longitude": 73.7967941 }, "geometry": { "type": "Point", "coordinates": [ 73.7967941, 18.6394848 ] } },
{ "type": "Feature", "properties": { "osm_id": 7066505707, "osm_type": "node", "amenity": "hospital", "name": "Lohade Hospital", "latitude": 18.6405777, "longitude": 73.7945558 }, "geometry": { "type": "Point", "coordinates": [ 73.7945558, 18.6405777 ] } },
{ "type": "Feature", "properties": { "osm_id": 7649461725, "osm_type": "node", "amenity": "hospital", "name": "ESIC Hospital", "latitude": 18.6445126, "longitude": 73.7958922 }, "geometry": { "type": "Point", "coordinates": [ 73.7958922, 18.6445126 ] } },
{ "type": "Feature", "properties": { "osm_id": 7051344983, "osm_type": "node", "amenity": "hospital", "name": "Vinayak Netralaya - Pune", "latitude": 18.5105851, "longitude": 73.817981 }, "geometry": { "type": "Point", "coordinates": [ 73.817981, 18.5105851 ] } },
{ "type": "Feature", "properties": { "osm_id": 7649461747, "osm_type": "node", "amenity": "hospital", "name": "Dr. Agarwals Eye Hospital", "latitude": 18.5535506, "longitude": 73.80838 }, "geometry": { "type": "Point", "coordinates": [ 73.80838, 18.5535506 ] } },
{ "type": "Feature", "properties": { "osm_id": 871515219, "osm_type": "node", "amenity": "hospital", "name": "Dr. Chowdhary", "latitude": 18.5547291, "longitude": 73.8082012 }, "geometry": { "type": "Point", "coordinates": [ 73.8082012, 18.5547291 ] } },
{ "type": "Feature", "properties": { "osm_id": 7076609427, "osm_type": "node", "amenity": "hospital", "name": "Amai Charitable Trust Institute Of Urology", "latitude": 18.5550536, "longitude": 73.8162401 }, "geometry": { "type": "Point", "coordinates": [ 73.8162401, 18.5550536 ] } },
{ "type": "Feature", "properties": { "osm_id": 871515522, "osm_type": "node", "amenity": "hospital", "name": "Dr. Bonagiri", "latitude": 18.5554816, "longitude": 73.8088556 }, "geometry": { "type": "Point", "coordinates": [ 73.8088556, 18.5554816 ] } },
{ "type": "Feature", "properties": { "osm_id": 7081227365, "osm_type": "node", "amenity": "hospital", "name": "Sanjeevan Maternity and Surgical Hospital", "latitude": 18.5593966, "longitude": 73.8025528 }, "geometry": { "type": "Point", "coordinates": [ 73.8025528, 18.5593966 ] } },
{ "type": "Feature", "properties": { "osm_id": 7073949844, "osm_type": "node", "amenity": "hospital", "name": "National Institute Of Ophthalmology", "latitude": 18.5596864, "longitude": 73.8148253 }, "geometry": { "type": "Point", "coordinates": [ 73.8148253, 18.5596864 ] } },
{ "type": "Feature", "properties": { "osm_id": 290390069, "osm_type": "way", "amenity": "hospital", "name": "Shashwat Hospital", "latitude": 18.5597267, "longitude": 73.8028513 }, "geometry": { "type": "Point", "coordinates": [ 73.8028513, 18.5597267 ] } },
{ "type": "Feature", "properties": { "osm_id": 865854267, "osm_type": "node", "amenity": "hospital", "name": "LifeLine Hospital", "latitude": 18.5597445, "longitude": 73.8062674 }, "geometry": { "type": "Point", "coordinates": [ 73.8062674, 18.5597445 ] } },
{ "type": "Feature", "properties": { "osm_id": 7043003792, "osm_type": "node", "amenity": "hospital", "name": "Parmar Multi Speciality Hospital and Maternity Home", "latitude": 18.5600564, "longitude": 73.8072065 }, "geometry": { "type": "Point", "coordinates": [ 73.8072065, 18.5600564 ] } },
{ "type": "Feature", "properties": { "osm_id": 261258208, "osm_type": "way", "amenity": "hospital", "name": "Ratna Memorial Hospital", "latitude": 18.5276817, "longitude": 73.8295241 }, "geometry": { "type": "Point", "coordinates": [ 73.8295241, 18.5276817 ] } },
{ "type": "Feature", "properties": { "osm_id": 7045274083, "osm_type": "node", "amenity": "hospital", "name": "Punarvasu Chikitsalaya", "latitude": 18.5284781, "longitude": 73.8423179 }, "geometry": { "type": "Point", "coordinates": [ 73.8423179, 18.5284781 ] } },
{ "type": "Feature", "properties": { "osm_id": 7651453399, "osm_type": "node", "amenity": "hospital", "name": "ASG Eye Hospital", "latitude": 18.528932, "longitude": 73.8436351 }, "geometry": { "type": "Point", "coordinates": [ 73.8436351, 18.528932 ] } },
{ "type": "Feature", "properties": { "osm_id": 7055280594, "osm_type": "node", "amenity": "hospital", "name": "Om Hospital", "latitude": 18.5292449, "longitude": 73.830716 }, "geometry": { "type": "Point", "coordinates": [ 73.830716, 18.5292449 ] } },
{ "type": "Feature", "properties": { "osm_id": 6618960830, "osm_type": "node", "amenity": "hospital", "name": "Seth Ramdas Shah Memorial Hospital and Research Centre", "latitude": 18.5293628, "longitude": 73.8284091 }, "geometry": { "type": "Point", "coordinates": [ 73.8284091, 18.5293628 ] } },
{ "type": "Feature", "properties": { "osm_id": 7651453385, "osm_type": "node", "amenity": "hospital", "name": "Swanand Maternity Hospital", "latitude": 18.5297435, "longitude": 73.8339823 }, "geometry": { "type": "Point", "coordinates": [ 73.8339823, 18.5297435 ] } },
{ "type": "Feature", "properties": { "osm_id": 7651453353, "osm_type": "node", "amenity": "hospital", "name": "Bapat Hospital", "latitude": 18.530365, "longitude": 73.842063 }, "geometry": { "type": "Point", "coordinates": [ 73.842063, 18.530365 ] } },
{ "type": "Feature", "properties": { "osm_id": 7042981399, "osm_type": "node", "amenity": "hospital", "name": "Joglekar Hospital", "latitude": 18.5327524, "longitude": 73.8336359 }, "geometry": { "type": "Point", "coordinates": [ 73.8336359, 18.5327524 ] } },
{ "type": "Feature", "properties": { "osm_id": 7649461763, "osm_type": "node", "amenity": "hospital", "name": "Dr. Shraddha Angal", "latitude": 18.540958, "longitude": 73.829755 }, "geometry": { "type": "Point", "coordinates": [ 73.829755, 18.540958 ] } },
{ "type": "Feature", "properties": { "osm_id": 1743974394, "osm_type": "node", "amenity": "hospital", "name": "Shewale Hospital", "latitude": 18.5626652, "longitude": 73.8325327 }, "geometry": { "type": "Point", "coordinates": [ 73.8325327, 18.5626652 ] } },
{ "type": "Feature", "properties": { "osm_id": 11909388851, "osm_type": "node", "amenity": "hospital", "name": "Dr. Rajendra Mehata Hospital", "latitude": 18.5376938, "longitude": 73.8515302 }, "geometry": { "type": "Point", "coordinates": [ 73.8515302, 18.5376938 ] } },
{ "type": "Feature", "properties": { "osm_id": 8806123923, "osm_type": "node", "amenity": "hospital", "name": "Ordnance Factory Hospital", "latitude": 18.5607785, "longitude": 73.8444489 }, "geometry": { "type": "Point", "coordinates": [ 73.8444489, 18.5607785 ] } },
{ "type": "Feature", "properties": { "osm_id": 7649461796, "osm_type": "node", "amenity": "hospital", "name": "Dr. Babasaheb Ambedkar Cantonment General Hospital", "latitude": 18.5687508, "longitude": 73.8486366 }, "geometry": { "type": "Point", "coordinates": [ 73.8486366, 18.5687508 ] } },
{ "type": "Feature", "properties": { "osm_id": 674697804, "osm_type": "node", "amenity": "hospital", "name": "Dr. Babasaheb Ambedkar Cantonment General Hospital", "latitude": 18.569025, "longitude": 73.8486994 }, "geometry": { "type": "Point", "coordinates": [ 73.8486994, 18.569025 ] } },
{ "type": "Feature", "properties": { "osm_id": 7063805562, "osm_type": "node", "amenity": "hospital", "name": "Aai Maternity Hospital and Nursing Home", "latitude": 18.6175138, "longitude": 73.8492092 }, "geometry": { "type": "Point", "coordinates": [ 73.8492092, 18.6175138 ] } },
{ "type": "Feature", "properties": { "osm_id": 7074576498, "osm_type": "node", "amenity": "hospital", "name": "Pritam Hospital, Pune", "latitude": 18.617531, "longitude": 73.8500802 }, "geometry": { "type": "Point", "coordinates": [ 73.8500802, 18.617531 ] } },
{ "type": "Feature", "properties": { "osm_id": 7069577087, "osm_type": "node", "amenity": "hospital", "name": "Mankikar Hospital For Children and Lab", "latitude": 18.6186189, "longitude": 73.8495646 }, "geometry": { "type": "Point", "coordinates": [ 73.8495646, 18.6186189 ] } },
{ "type": "Feature", "properties": { "osm_id": 7080269651, "osm_type": "node", "amenity": "hospital", "name": "Burute Hospital", "latitude": 18.6188706, "longitude": 73.8497047 }, "geometry": { "type": "Point", "coordinates": [ 73.8497047, 18.6188706 ] } },
{ "type": "Feature", "properties": { "osm_id": 7226727467, "osm_type": "node", "amenity": "hospital", "name": "PCMC-Bhosari Hospital", "latitude": 18.620365, "longitude": 73.847955 }, "geometry": { "type": "Point", "coordinates": [ 73.847955, 18.620365 ] } },
{ "type": "Feature", "properties": { "osm_id": 7055027667, "osm_type": "node", "amenity": "hospital", "name": "Anand Hospital, Bhosari", "latitude": 18.621807, "longitude": 73.8514093 }, "geometry": { "type": "Point", "coordinates": [ 73.8514093, 18.621807 ] } },
{ "type": "Feature", "properties": { "osm_id": 1123876090, "osm_type": "way", "amenity": "hospital", "name": "Unnamed", "latitude": 18.5767203, "longitude": 73.8050444 }, "geometry": { "type": "Point", "coordinates": [ 73.8050444, 18.5767203 ] } },
{ "type": "Feature", "properties": { "osm_id": 13974155350, "osm_type": "node", "amenity": "hospital", "name": "Sangavi Multispecialist Hospital", "latitude": 18.5808564, "longitude": 73.8157647 }, "geometry": { "type": "Point", "coordinates": [ 73.8157647, 18.5808564 ] } },
{ "type": "Feature", "properties": { "osm_id": 7649461721, "osm_type": "node", "amenity": "hospital", "name": "Bora Hospital", "latitude": 18.5828476, "longitude": 73.8122787 }, "geometry": { "type": "Point", "coordinates": [ 73.8122787, 18.5828476 ] } },
{ "type": "Feature", "properties": { "osm_id": 11729850453, "osm_type": "node", "amenity": "hospital", "name": "Construction Site", "latitude": 18.5829125, "longitude": 73.8068621 }, "geometry": { "type": "Point", "coordinates": [ 73.8068621, 18.5829125 ] } },
{ "type": "Feature", "properties": { "osm_id": 7043448959, "osm_type": "node", "amenity": "hospital", "name": "Siddhi Health Care Center", "latitude": 18.5857676, "longitude": 73.818174 }, "geometry": { "type": "Point", "coordinates": [ 73.818174, 18.5857676 ] } },
{ "type": "Feature", "properties": { "osm_id": 13982159077, "osm_type": "node", "amenity": "hospital", "name": "Medi-Plus", "latitude": 18.5858727, "longitude": 73.8161273 }, "geometry": { "type": "Point", "coordinates": [ 73.8161273, 18.5858727 ] } },
{ "type": "Feature", "properties": { "osm_id": 13982159078, "osm_type": "node", "amenity": "hospital", "name": "Shree New Kohinoor Chemist", "latitude": 18.585897, "longitude": 73.8161239 }, "geometry": { "type": "Point", "coordinates": [ 73.8161239, 18.585897 ] } },
{ "type": "Feature", "properties": { "osm_id": 13982148732, "osm_type": "node", "amenity": "hospital", "name": "Diksha Medical", "latitude": 18.5860613, "longitude": 73.8163282 }, "geometry": { "type": "Point", "coordinates": [ 73.8163282, 18.5860613 ] } },
{ "type": "Feature", "properties": { "osm_id": 13982148735, "osm_type": "node", "amenity": "hospital", "name": "Arogyam Ayurveda", "latitude": 18.5861902, "longitude": 73.8163362 }, "geometry": { "type": "Point", "coordinates": [ 73.8163362, 18.5861902 ] } },
{ "type": "Feature", "properties": { "osm_id": 7649461781, "osm_type": "node", "amenity": "hospital", "name": "Aditya Hospital", "latitude": 18.586342, "longitude": 73.813735 }, "geometry": { "type": "Point", "coordinates": [ 73.813735, 18.586342 ] } },
{ "type": "Feature", "properties": { "osm_id": 7080229635, "osm_type": "node", "amenity": "hospital", "name": "Dhanvantary Hospital", "latitude": 18.5728934, "longitude": 73.8249265 }, "geometry": { "type": "Point", "coordinates": [ 73.8249265, 18.5728934 ] } },
{ "type": "Feature", "properties": { "osm_id": 7051627983, "osm_type": "node", "amenity": "hospital", "name": "Seva Hospital", "latitude": 18.5748353, "longitude": 73.8277468 }, "geometry": { "type": "Point", "coordinates": [ 73.8277468, 18.5748353 ] } },
{ "type": "Feature", "properties": { "osm_id": 7070131414, "osm_type": "node", "amenity": "hospital", "name": "Dr Makan Surgical Maternity and Accident Hospital", "latitude": 18.5756743, "longitude": 73.8196734 }, "geometry": { "type": "Point", "coordinates": [ 73.8196734, 18.5756743 ] } },
{ "type": "Feature", "properties": { "osm_id": 8272614789, "osm_type": "node", "amenity": "hospital", "name": "Unnamed", "latitude": 18.5759709, "longitude": 73.8258994 }, "geometry": { "type": "Point", "coordinates": [ 73.8258994, 18.5759709 ] } },
{ "type": "Feature", "properties": { "osm_id": 7649461753, "osm_type": "node", "amenity": "hospital", "name": "Snehbandh Multispeciality Hospital", "latitude": 18.5806656, "longitude": 73.8307214 }, "geometry": { "type": "Point", "coordinates": [ 73.8307214, 18.5806656 ] } },
{ "type": "Feature", "properties": { "osm_id": 7054210752, "osm_type": "node", "amenity": "hospital", "name": "Moraya Hospital", "latitude": 18.5821441, "longitude": 73.8283718 }, "geometry": { "type": "Point", "coordinates": [ 73.8283718, 18.5821441 ] } },
{ "type": "Feature", "properties": { "osm_id": 7046347414, "osm_type": "node", "amenity": "hospital", "name": "Lunkad Hospital", "latitude": 18.5840808, "longitude": 73.833248 }, "geometry": { "type": "Point", "coordinates": [ 73.833248, 18.5840808 ] } },
{ "type": "Feature", "properties": { "osm_id": 7074576486, "osm_type": "node", "amenity": "hospital", "name": "Bhakti Hospital", "latitude": 18.5851041, "longitude": 73.819735 }, "geometry": { "type": "Point", "coordinates": [ 73.819735, 18.5851041 ] } },
{ "type": "Feature", "properties": { "osm_id": 7053694031, "osm_type": "node", "amenity": "hospital", "name": "Pooja Hospital, Pune", "latitude": 18.5891781, "longitude": 73.8190953 }, "geometry": { "type": "Point", "coordinates": [ 73.8190953, 18.5891781 ] } },
{ "type": "Feature", "properties": { "osm_id": 7055319028, "osm_type": "node", "amenity": "hospital", "name": "Bagade Hospital For Women and Maternity Home", "latitude": 18.5964845, "longitude": 73.8300374 }, "geometry": { "type": "Point", "coordinates": [ 73.8300374, 18.5964845 ] } },
{ "type": "Feature", "properties": { "osm_id": 7649461818, "osm_type": "node", "amenity": "hospital", "name": "Max Neuro Hospital", "latitude": 18.5984676, "longitude": 73.8285109 }, "geometry": { "type": "Point", "coordinates": [ 73.8285109, 18.5984676 ] } },
{ "type": "Feature", "properties": { "osm_id": 10725760953, "osm_type": "node", "amenity": "hospital", "name": "PCMC Hospital", "latitude": 18.6023463, "longitude": 73.8251725 }, "geometry": { "type": "Point", "coordinates": [ 73.8251725, 18.6023463 ] } },
{ "type": "Feature", "properties": { "osm_id": 10725751758, "osm_type": "node", "amenity": "hospital", "name": "Kand Clinic", "latitude": 18.6033572, "longitude": 73.8244802 }, "geometry": { "type": "Point", "coordinates": [ 73.8244802, 18.6033572 ] } },
{ "type": "Feature", "properties": { "osm_id": 13347272452, "osm_type": "node", "amenity": "hospital", "name": "city hospital", "latitude": 18.6161398, "longitude": 73.8296208 }, "geometry": { "type": "Point", "coordinates": [ 73.8296208, 18.6161398 ] } },
{ "type": "Feature", "properties": { "osm_id": 7064947798, "osm_type": "node", "amenity": "hospital", "name": "Saidham Hospital", "latitude": 18.6195467, "longitude": 73.8433908 }, "geometry": { "type": "Point", "coordinates": [ 73.8433908, 18.6195467 ] } },
{ "type": "Feature", "properties": { "osm_id": 7055451090, "osm_type": "node", "amenity": "hospital", "name": "Ruby Ailcare Superspeciality Cardiac Care Centre", "latitude": 18.6214797, "longitude": 73.8208455 }, "geometry": { "type": "Point", "coordinates": [ 73.8208455, 18.6214797 ] } },
{ "type": "Feature", "properties": { "osm_id": 7226727325, "osm_type": "node", "amenity": "hospital", "name": "PCMC-Yashwantrao Chavan Memorial Hospital", "latitude": 18.6218172, "longitude": 73.8211251 }, "geometry": { "type": "Point", "coordinates": [ 73.8211251, 18.6218172 ] } },
{ "type": "Feature", "properties": { "osm_id": 1411753290, "osm_type": "way", "amenity": "hospital", "name": "Yashwantrao Chavan Memorial Hospital", "latitude": 18.6220146, "longitude": 73.8210657 }, "geometry": { "type": "Point", "coordinates": [ 73.8210657, 18.6220146 ] } },
{ "type": "Feature", "properties": { "osm_id": 7066505688, "osm_type": "node", "amenity": "hospital", "name": "Padam.Dr.D.Y.Patil Hospital and Research Centre", "latitude": 18.6240215, "longitude": 73.8212612 }, "geometry": { "type": "Point", "coordinates": [ 73.8212612, 18.6240215 ] } },
{ "type": "Feature", "properties": { "osm_id": 1053895577, "osm_type": "way", "amenity": "hospital", "name": "Unnamed", "latitude": 18.624225, "longitude": 73.8214375 }, "geometry": { "type": "Point", "coordinates": [ 73.8214375, 18.624225 ] } },
{ "type": "Feature", "properties": { "osm_id": 10806879301, "osm_type": "node", "amenity": "hospital", "name": "JaiHind Hospital", "latitude": 18.6237191, "longitude": 73.851652 }, "geometry": { "type": "Point", "coordinates": [ 73.851652, 18.6237191 ] } },
{ "type": "Feature", "properties": { "osm_id": 8814079665, "osm_type": "node", "amenity": "hospital", "name": "Sanjeevan Hospital", "latitude": 18.6240914, "longitude": 73.8538715 }, "geometry": { "type": "Point", "coordinates": [ 73.8538715, 18.6240914 ] } },
{ "type": "Feature", "properties": { "osm_id": 8813823813, "osm_type": "node", "amenity": "hospital", "name": "Om Hospital", "latitude": 18.6241345, "longitude": 73.8545347 }, "geometry": { "type": "Point", "coordinates": [ 73.8545347, 18.6241345 ] } },
{ "type": "Feature", "properties": { "osm_id": 7649461717, "osm_type": "node", "amenity": "hospital", "name": "Gauri Hospital", "latitude": 18.624263, "longitude": 73.85793 }, "geometry": { "type": "Point", "coordinates": [ 73.85793, 18.624263 ] } },
{ "type": "Feature", "properties": { "osm_id": 7649461750, "osm_type": "node", "amenity": "hospital", "name": "Mauli Hospital", "latitude": 18.6245425, "longitude": 73.8577616 }, "geometry": { "type": "Point", "coordinates": [ 73.8577616, 18.6245425 ] } },
{ "type": "Feature", "properties": { "osm_id": 7054301099, "osm_type": "node", "amenity": "hospital", "name": "Desai Hospital", "latitude": 18.6337676, "longitude": 73.8493024 }, "geometry": { "type": "Point", "coordinates": [ 73.8493024, 18.6337676 ] } },
{ "type": "Feature", "properties": { "osm_id": 8814464678, "osm_type": "node", "amenity": "hospital", "name": "Life Line Hospital", "latitude": 18.6342365, "longitude": 73.8492487 }, "geometry": { "type": "Point", "coordinates": [ 73.8492487, 18.6342365 ] } },
{ "type": "Feature", "properties": { "osm_id": 13381080115, "osm_type": "node", "amenity": "hospital", "name": "Medicover Hospital", "latitude": 18.6344258, "longitude": 73.8461038 }, "geometry": { "type": "Point", "coordinates": [ 73.8461038, 18.6344258 ] } },
{ "type": "Feature", "properties": { "osm_id": 1459187088, "osm_type": "way", "amenity": "hospital", "name": "Unnamed", "latitude": 18.639993, "longitude": 73.8452946 }, "geometry": { "type": "Point", "coordinates": [ 73.8452946, 18.639993 ] } },
{ "type": "Feature", "properties": { "osm_id": 7063077064, "osm_type": "node", "amenity": "hospital", "name": "Pataskar Hospital", "latitude": 18.6460596, "longitude": 73.8499998 }, "geometry": { "type": "Point", "coordinates": [ 73.8499998, 18.6460596 ] } },
{ "type": "Feature", "properties": { "osm_id": 9536733743, "osm_type": "node", "amenity": "hospital", "name": "Patil Eye Hospital", "latitude": 18.646076, "longitude": 73.8499688 }, "geometry": { "type": "Point", "coordinates": [ 73.8499688, 18.646076 ] } },
{ "type": "Feature", "properties": { "osm_id": 10312986287, "osm_type": "node", "amenity": "hospital", "name": "Accord hospital", "latitude": 18.6481462, "longitude": 73.8498404 }, "geometry": { "type": "Point", "coordinates": [ 73.8498404, 18.6481462 ] } },
{ "type": "Feature", "properties": { "osm_id": 7051681665, "osm_type": "node", "amenity": "hospital", "name": "Sainath Hospital", "latitude": 18.6545135, "longitude": 73.8484494 }, "geometry": { "type": "Point", "coordinates": [ 73.8484494, 18.6545135 ] } },
{ "type": "Feature", "properties": { "osm_id": 11819942781, "osm_type": "node", "amenity": "hospital", "name": "Jijau Hospital", "latitude": 18.679124, "longitude": 73.8488567 }, "geometry": { "type": "Point", "coordinates": [ 73.8488567, 18.679124 ] } },
{ "type": "Feature", "properties": { "osm_id": 11819933818, "osm_type": "node", "amenity": "hospital", "name": "Vasundhara Multispeciality Hospital", "latitude": 18.7101194, "longitude": 73.8487002 }, "geometry": { "type": "Point", "coordinates": [ 73.8487002, 18.7101194 ] } },
{ "type": "Feature", "properties": { "osm_id": 6991662725, "osm_type": "node", "amenity": "hospital", "name": "Durvankur Hospital", "latitude": 18.7545031, "longitude": 73.857138 }, "geometry": { "type": "Point", "coordinates": [ 73.857138, 18.7545031 ] } },
{ "type": "Feature", "properties": { "osm_id": 7070155499, "osm_type": "node", "amenity": "hospital", "name": "Mangal Moorti Hospital", "latitude": 18.7551564, "longitude": 73.8587887 }, "geometry": { "type": "Point", "coordinates": [ 73.8587887, 18.7551564 ] } },
{ "type": "Feature", "properties": { "osm_id": 5149209978, "osm_type": "node", "amenity": "hospital", "name": "Jaihind Multi & Super Speciality Hospital", "latitude": 18.752239, "longitude": 73.8633137 }, "geometry": { "type": "Point", "coordinates": [ 73.8633137, 18.752239 ] } },
{ "type": "Feature", "properties": { "osm_id": 7069577129, "osm_type": "node", "amenity": "hospital", "name": "Dr Ghatkar Hospital", "latitude": 18.7528198, "longitude": 73.8634624 }, "geometry": { "type": "Point", "coordinates": [ 73.8634624, 18.7528198 ] } },
{ "type": "Feature", "properties": { "osm_id": 7065875973, "osm_type": "node", "amenity": "hospital", "name": "Dr Khade Hospital", "latitude": 18.7538351, "longitude": 73.8603021 }, "geometry": { "type": "Point", "coordinates": [ 73.8603021, 18.7538351 ] } },
{ "type": "Feature", "properties": { "osm_id": 7051920206, "osm_type": "node", "amenity": "hospital", "name": "Dr Kedare Hospital", "latitude": 18.7542475, "longitude": 73.8590646 }, "geometry": { "type": "Point", "coordinates": [ 73.8590646, 18.7542475 ] } },
{ "type": "Feature", "properties": { "osm_id": 7065820605, "osm_type": "node", "amenity": "hospital", "name": "Bhagawati Netralaya", "latitude": 18.7552529, "longitude": 73.8611611 }, "geometry": { "type": "Point", "coordinates": [ 73.8611611, 18.7552529 ] } },
{ "type": "Feature", "properties": { "osm_id": 7226727431, "osm_type": "node", "amenity": "hospital", "name": "Rural Hospital, Chakan", "latitude": 18.755879, "longitude": 73.859711 }, "geometry": { "type": "Point", "coordinates": [ 73.859711, 18.755879 ] } },
{ "type": "Feature", "properties": { "osm_id": 5149351064, "osm_type": "node", "amenity": "hospital", "name": "Shree Swami Samarth Hospital", "latitude": 18.7563937, "longitude": 73.8606328 }, "geometry": { "type": "Point", "coordinates": [ 73.8606328, 18.7563937 ] } },
{ "type": "Feature", "properties": { "osm_id": 5149351063, "osm_type": "node", "amenity": "hospital", "name": "Aavati Hospital", "latitude": 18.7566833, "longitude": 73.860775 }, "geometry": { "type": "Point", "coordinates": [ 73.860775, 18.7566833 ] } },
{ "type": "Feature", "properties": { "osm_id": 7086734180, "osm_type": "node", "amenity": "hospital", "name": "Core Hospital", "latitude": 18.756893, "longitude": 73.8593043 }, "geometry": { "type": "Point", "coordinates": [ 73.8593043, 18.756893 ] } },
{ "type": "Feature", "properties": { "osm_id": 7066505797, "osm_type": "node", "amenity": "hospital", "name": "Anand Hospital, Chakan", "latitude": 18.7613744, "longitude": 73.8622025 }, "geometry": { "type": "Point", "coordinates": [ 73.8622025, 18.7613744 ] } },
{ "type": "Feature", "properties": { "osm_id": 359533380, "osm_type": "way", "amenity": "hospital", "name": "Dental College - DY Patil Vidyapeeth", "latitude": 18.6244985, "longitude": 73.8228302 }, "geometry": { "type": "Point", "coordinates": [ 73.8228302, 18.6244985 ] } },
{ "type": "Feature", "properties": { "osm_id": 11697434749, "osm_type": "node", "amenity": "hospital", "name": "The Diagno Hub", "latitude": 18.6527185, "longitude": 73.8402987 }, "geometry": { "type": "Point", "coordinates": [ 73.8402987, 18.6527185 ] } },
{ "type": "Feature", "properties": { "osm_id": 7649461746, "osm_type": "node", "amenity": "hospital", "name": "Gangotri Hospital", "latitude": 18.6724303, "longitude": 73.8260381 }, "geometry": { "type": "Point", "coordinates": [ 73.8260381, 18.6724303 ] } },
{ "type": "Feature", "properties": { "osm_id": 359292626, "osm_type": "way", "amenity": "hospital", "name": "MOON MULTISPECIALITY HOSPITAL", "latitude": 18.6813825, "longitude": 73.8262706 }, "geometry": { "type": "Point", "coordinates": [ 73.8262706, 18.6813825 ] } },
{ "type": "Feature", "properties": { "osm_id": 8792514484, "osm_type": "node", "amenity": "hospital", "name": "Choudhary multispeciality Hospital", "latitude": 18.6815519, "longitude": 73.8254687 }, "geometry": { "type": "Point", "coordinates": [ 73.8254687, 18.6815519 ] } },
{ "type": "Feature", "properties": { "osm_id": 7225067241, "osm_type": "node", "amenity": "hospital", "name": "Rural Hospital Godegaon", "latitude": 19.0430101, "longitude": 73.8391504 }, "geometry": { "type": "Point", "coordinates": [ 73.8391504, 19.0430101 ] } },
{ "type": "Feature", "properties": { "osm_id": 7051103931, "osm_type": "node", "amenity": "hospital", "name": "Dongre Hospital", "latitude": 19.0451469, "longitude": 73.8370715 }, "geometry": { "type": "Point", "coordinates": [ 73.8370715, 19.0451469 ] } },
{ "type": "Feature", "properties": { "osm_id": 7062497119, "osm_type": "node", "amenity": "hospital", "name": "Paras Polyclinic and General Hospital", "latitude": 18.6436605, "longitude": 73.7710127 }, "geometry": { "type": "Point", "coordinates": [ 73.7710127, 18.6436605 ] } },
{ "type": "Feature", "properties": { "osm_id": 13707525960, "osm_type": "node", "amenity": "hospital", "name": "Burute Dental - Best Dental Implant Specialist in PCMC | Dr. Mrunal Burute ,Pimpri Chinchwad ,Pune", "latitude": 18.6469831, "longitude": 73.7888271 }, "geometry": { "type": "Point", "coordinates": [ 73.7888271, 18.6469831 ] } },
{ "type": "Feature", "properties": { "osm_id": 360298462, "osm_type": "way", "amenity": "hospital", "name": "Bhalerao Hospital", "latitude": 18.6495039, "longitude": 73.7776817 }, "geometry": { "type": "Point", "coordinates": [ 73.7776817, 18.6495039 ] } },
{ "type": "Feature", "properties": { "osm_id": 7043399088, "osm_type": "node", "amenity": "hospital", "name": "Bhalerao ENT Hospital & Laser Centre", "latitude": 18.6495394, "longitude": 73.7777303 }, "geometry": { "type": "Point", "coordinates": [ 73.7777303, 18.6495394 ] } },
{ "type": "Feature", "properties": { "osm_id": 7226727373, "osm_type": "node", "amenity": "hospital", "name": "PCMC-Akurdi Hospital", "latitude": 18.649885, "longitude": 73.781999 }, "geometry": { "type": "Point", "coordinates": [ 73.781999, 18.649885 ] } },
{ "type": "Feature", "properties": { "osm_id": 7054152560, "osm_type": "node", "amenity": "hospital", "name": "Patil Hospital General and Eye Hospital", "latitude": 18.6525408, "longitude": 73.7780609 }, "geometry": { "type": "Point", "coordinates": [ 73.7780609, 18.6525408 ] } },
{ "type": "Feature", "properties": { "osm_id": 7649461798, "osm_type": "node", "amenity": "hospital", "name": "Tongaonkar Hospital", "latitude": 18.653062, "longitude": 73.781126 }, "geometry": { "type": "Point", "coordinates": [ 73.781126, 18.653062 ] } },
{ "type": "Feature", "properties": { "osm_id": 1072235063, "osm_type": "node", "amenity": "hospital", "name": "Anand Hospital", "latitude": 18.6539354, "longitude": 73.7646919 }, "geometry": { "type": "Point", "coordinates": [ 73.7646919, 18.6539354 ] } },
{ "type": "Feature", "properties": { "osm_id": 4636853590, "osm_type": "node", "amenity": "hospital", "name": "Unnamed", "latitude": 18.6547516, "longitude": 73.7691803 }, "geometry": { "type": "Point", "coordinates": [ 73.7691803, 18.6547516 ] } },
{ "type": "Feature", "properties": { "osm_id": 1065032008, "osm_type": "node", "amenity": "hospital", "name": "Ayurvedic Hospital", "latitude": 18.6548547, "longitude": 73.7696807 }, "geometry": { "type": "Point", "coordinates": [ 73.7696807, 18.6548547 ] } },
{ "type": "Feature", "properties": { "osm_id": 10536394543, "osm_type": "node", "amenity": "hospital", "name": "Global hospital and research center", "latitude": 18.6464468, "longitude": 73.7571643 }, "geometry": { "type": "Point", "coordinates": [ 73.7571643, 18.6464468 ] } },
{ "type": "Feature", "properties": { "osm_id": 11508053135, "osm_type": "node", "amenity": "hospital", "name": "Flora Hospital", "latitude": 18.6466536, "longitude": 73.7549099 }, "geometry": { "type": "Point", "coordinates": [ 73.7549099, 18.6466536 ] } },
{ "type": "Feature", "properties": { "osm_id": 1454583043, "osm_type": "way", "amenity": "hospital", "name": "hospital", "latitude": 18.6570196, "longitude": 73.7226986 }, "geometry": { "type": "Point", "coordinates": [ 73.7226986, 18.6570196 ] } },
{ "type": "Feature", "properties": { "osm_id": 13404196986, "osm_type": "node", "amenity": "hospital", "name": "Shivsai Medical & General store", "latitude": 18.6580677, "longitude": 73.7215157 }, "geometry": { "type": "Point", "coordinates": [ 73.7215157, 18.6580677 ] } },
{ "type": "Feature", "properties": { "osm_id": 1351221910, "osm_type": "way", "amenity": "hospital", "name": "Clove:) Dental", "latitude": 18.659612, "longitude": 73.7323125 }, "geometry": { "type": "Point", "coordinates": [ 73.7323125, 18.659612 ] } },
{ "type": "Feature", "properties": { "osm_id": 364850270, "osm_type": "way", "amenity": "hospital", "name": "ithoba Hospital", "latitude": 18.6597094, "longitude": 73.7286053 }, "geometry": { "type": "Point", "coordinates": [ 73.7286053, 18.6597094 ] } },
{ "type": "Feature", "properties": { "osm_id": 1338292525, "osm_type": "way", "amenity": "hospital", "name": "Shree Samarth General Hospital", "latitude": 18.661206, "longitude": 73.7321075 }, "geometry": { "type": "Point", "coordinates": [ 73.7321075, 18.661206 ] } },
{ "type": "Feature", "properties": { "osm_id": 7649461799, "osm_type": "node", "amenity": "hospital", "name": "Varad Hospital & Critical Care", "latitude": 18.6636382, "longitude": 73.735329 }, "geometry": { "type": "Point", "coordinates": [ 73.735329, 18.6636382 ] } },
{ "type": "Feature", "properties": { "osm_id": 359295750, "osm_type": "way", "amenity": "hospital", "name": "xyz hospital", "latitude": 18.6653586, "longitude": 73.7246913 }, "geometry": { "type": "Point", "coordinates": [ 73.7246913, 18.6653586 ] } },
{ "type": "Feature", "properties": { "osm_id": 9944255766, "osm_type": "node", "amenity": "hospital", "name": "Vardan Clinic", "latitude": 18.6727318, "longitude": 73.7323569 }, "geometry": { "type": "Point", "coordinates": [ 73.7323569, 18.6727318 ] } },
{ "type": "Feature", "properties": { "osm_id": 177085054, "osm_type": "way", "amenity": "hospital", "name": "Dhanwantari Hospital, Nigdi", "latitude": 18.6558664, "longitude": 73.7681295 }, "geometry": { "type": "Point", "coordinates": [ 73.7681295, 18.6558664 ] } },
{ "type": "Feature", "properties": { "osm_id": 342875890, "osm_type": "way", "amenity": "hospital", "name": "Lokmanya Hospital", "latitude": 18.6561253, "longitude": 73.7731932 }, "geometry": { "type": "Point", "coordinates": [ 73.7731932, 18.6561253 ] } },
{ "type": "Feature", "properties": { "osm_id": 10312951374, "osm_type": "node", "amenity": "hospital", "name": "sai medical", "latitude": 18.6568824, "longitude": 73.7751023 }, "geometry": { "type": "Point", "coordinates": [ 73.7751023, 18.6568824 ] } },
{ "type": "Feature", "properties": { "osm_id": 7068194981, "osm_type": "node", "amenity": "hospital", "name": "Varma Ortho - Surgical Centre", "latitude": 18.6570509, "longitude": 73.769787 }, "geometry": { "type": "Point", "coordinates": [ 73.769787, 18.6570509 ] } },
{ "type": "Feature", "properties": { "osm_id": 7076447152, "osm_type": "node", "amenity": "hospital", "name": "Badade Hospital", "latitude": 18.6573737, "longitude": 73.7682514 }, "geometry": { "type": "Point", "coordinates": [ 73.7682514, 18.6573737 ] } },
{ "type": "Feature", "properties": { "osm_id": 7048045536, "osm_type": "node", "amenity": "hospital", "name": "Diwan Hospital", "latitude": 18.6579111, "longitude": 73.7762953 }, "geometry": { "type": "Point", "coordinates": [ 73.7762953, 18.6579111 ] } },
{ "type": "Feature", "properties": { "osm_id": 7082738900, "osm_type": "node", "amenity": "hospital", "name": "Ameya Netralaya (Eye Hospital)", "latitude": 18.6598933, "longitude": 73.7774138 }, "geometry": { "type": "Point", "coordinates": [ 73.7774138, 18.6598933 ] } },
{ "type": "Feature", "properties": { "osm_id": 7052469735, "osm_type": "node", "amenity": "hospital", "name": "Disha Netralaya - Pune", "latitude": 18.6647203, "longitude": 73.7849696 }, "geometry": { "type": "Point", "coordinates": [ 73.7849696, 18.6647203 ] } },
{ "type": "Feature", "properties": { "osm_id": 7067231714, "osm_type": "node", "amenity": "hospital", "name": "Shriniwas Hospital", "latitude": 18.6672779, "longitude": 73.7846866 }, "geometry": { "type": "Point", "coordinates": [ 73.7846866, 18.6672779 ] } },
{ "type": "Feature", "properties": { "osm_id": 11639408071, "osm_type": "node", "amenity": "hospital", "name": "Bhaktisindhant Hospital", "latitude": 18.6674375, "longitude": 73.7836419 }, "geometry": { "type": "Point", "coordinates": [ 73.7836419, 18.6674375 ] } },
{ "type": "Feature", "properties": { "osm_id": 7066374747, "osm_type": "node", "amenity": "hospital", "name": "Kabre Orthopedic, Spine and Dental Centre", "latitude": 18.6490413, "longitude": 73.8076058 }, "geometry": { "type": "Point", "coordinates": [ 73.8076058, 18.6490413 ] } },
{ "type": "Feature", "properties": { "osm_id": 128968311, "osm_type": "way", "amenity": "hospital", "name": "Dhanvantari Hospital", "latitude": 18.6587762, "longitude": 73.7977005 }, "geometry": { "type": "Point", "coordinates": [ 73.7977005, 18.6587762 ] } },
{ "type": "Feature", "properties": { "osm_id": 7055235910, "osm_type": "node", "amenity": "hospital", "name": "Dhanashree Hospital", "latitude": 18.6591036, "longitude": 73.7978435 }, "geometry": { "type": "Point", "coordinates": [ 73.7978435, 18.6591036 ] } },
{ "type": "Feature", "properties": { "osm_id": 7069814050, "osm_type": "node", "amenity": "hospital", "name": "Chetana Hospital, Pune", "latitude": 18.6596112, "longitude": 73.7970825 }, "geometry": { "type": "Point", "coordinates": [ 73.7970825, 18.6596112 ] } },
{ "type": "Feature", "properties": { "osm_id": 7047667116, "osm_type": "node", "amenity": "hospital", "name": "Mayur Hospital, Pune", "latitude": 18.6661878, "longitude": 73.7959667 }, "geometry": { "type": "Point", "coordinates": [ 73.7959667, 18.6661878 ] } },
{ "type": "Feature", "properties": { "osm_id": 8792514482, "osm_type": "node", "amenity": "hospital", "name": "Desai Hospital Bhosari", "latitude": 18.6883618, "longitude": 73.8051864 }, "geometry": { "type": "Point", "coordinates": [ 73.8051864, 18.6883618 ] } },
{ "type": "Feature", "properties": { "osm_id": 7649461756, "osm_type": "node", "amenity": "hospital", "name": "Mahalunge Hospital", "latitude": 18.7554213, "longitude": 73.80879 }, "geometry": { "type": "Point", "coordinates": [ 73.80879, 18.7554213 ] } },
{ "type": "Feature", "properties": { "osm_id": 7063077061, "osm_type": "node", "amenity": "hospital", "name": "Bansal Hospital", "latitude": 18.6786782, "longitude": 73.7327309 }, "geometry": { "type": "Point", "coordinates": [ 73.7327309, 18.6786782 ] } },
{ "type": "Feature", "properties": { "osm_id": 7226727415, "osm_type": "node", "amenity": "hospital", "name": "Rural Hospital Kale Colony", "latitude": 18.6837237, "longitude": 73.5101049 }, "geometry": { "type": "Point", "coordinates": [ 73.5101049, 18.6837237 ] } },
{ "type": "Feature", "properties": { "osm_id": 7055062328, "osm_type": "node", "amenity": "hospital", "name": "Pawna Hospital", "latitude": 18.7029494, "longitude": 73.6854187 }, "geometry": { "type": "Point", "coordinates": [ 73.6854187, 18.7029494 ] } },
{ "type": "Feature", "properties": { "osm_id": 8814558320, "osm_type": "node", "amenity": "hospital", "name": "Sparsh Hospital", "latitude": 18.7040018, "longitude": 73.6845571 }, "geometry": { "type": "Point", "coordinates": [ 73.6845571, 18.7040018 ] } },
{ "type": "Feature", "properties": { "osm_id": 13381078525, "osm_type": "node", "amenity": "hospital", "name": "Samartha Hospital", "latitude": 18.7277423, "longitude": 73.6791991 }, "geometry": { "type": "Point", "coordinates": [ 73.6791991, 18.7277423 ] } },
{ "type": "Feature", "properties": { "osm_id": 7049644686, "osm_type": "node", "amenity": "hospital", "name": "Attharva Accident Hospital", "latitude": 18.7317589, "longitude": 73.6640784 }, "geometry": { "type": "Point", "coordinates": [ 73.6640784, 18.7317589 ] } },
{ "type": "Feature", "properties": { "osm_id": 7073944683, "osm_type": "node", "amenity": "hospital", "name": "Sevadham Hopital", "latitude": 18.7327978, "longitude": 73.6712413 }, "geometry": { "type": "Point", "coordinates": [ 73.6712413, 18.7327978 ] } },
{ "type": "Feature", "properties": { "osm_id": 7082352451, "osm_type": "node", "amenity": "hospital", "name": "Rural Hospital", "latitude": 18.7330277, "longitude": 73.6759593 }, "geometry": { "type": "Point", "coordinates": [ 73.6759593, 18.7330277 ] } },
{ "type": "Feature", "properties": { "osm_id": 7054683728, "osm_type": "node", "amenity": "hospital", "name": "Pratap Memorial Hospital", "latitude": 18.7334507, "longitude": 73.6797895 }, "geometry": { "type": "Point", "coordinates": [ 73.6797895, 18.7334507 ] } },
{ "type": "Feature", "properties": { "osm_id": 1213939576, "osm_type": "way", "amenity": "hospital", "name": "Unique Hospital", "latitude": 18.7343121, "longitude": 73.6902706 }, "geometry": { "type": "Point", "coordinates": [ 73.6902706, 18.7343121 ] } },
{ "type": "Feature", "properties": { "osm_id": 13619853485, "osm_type": "node", "amenity": "hospital", "name": "Ashwini Hospital And Endoscopy Center", "latitude": 18.6675733, "longitude": 73.7943345 }, "geometry": { "type": "Point", "coordinates": [ 73.7943345, 18.6675733 ] } },
{ "type": "Feature", "properties": { "osm_id": 7049816309, "osm_type": "node", "amenity": "hospital", "name": "Ashwini Hospital and Endoscopy Centre", "latitude": 18.6676197, "longitude": 73.7942453 }, "geometry": { "type": "Point", "coordinates": [ 73.7942453, 18.6676197 ] } },
{ "type": "Feature", "properties": { "osm_id": 8792514483, "osm_type": "node", "amenity": "hospital", "name": "SAMARTH HOSPITAL General,Surgical Accident & Maternity hospital", "latitude": 18.6973265, "longitude": 73.7907283 }, "geometry": { "type": "Point", "coordinates": [ 73.7907283, 18.6973265 ] } },
{ "type": "Feature", "properties": { "osm_id": 13638836883, "osm_type": "node", "amenity": "hospital", "name": "Anand Hospital", "latitude": 18.7871881, "longitude": 73.7755177 }, "geometry": { "type": "Point", "coordinates": [ 73.7755177, 18.7871881 ] } },
{ "type": "Feature", "properties": { "osm_id": 13626356015, "osm_type": "node", "amenity": "hospital", "name": "Vighnaharta Hospital", "latitude": 18.787384, "longitude": 73.7739646 }, "geometry": { "type": "Point", "coordinates": [ 73.7739646, 18.787384 ] } },
{ "type": "Feature", "properties": { "osm_id": 13634357624, "osm_type": "node", "amenity": "hospital", "name": "Shree Hospital", "latitude": 18.7876203, "longitude": 73.7761757 }, "geometry": { "type": "Point", "coordinates": [ 73.7761757, 18.7876203 ] } },
{ "type": "Feature", "properties": { "osm_id": 13626356012, "osm_type": "node", "amenity": "hospital", "name": "Gade Hospital", "latitude": 18.7877842, "longitude": 73.7737691 }, "geometry": { "type": "Point", "coordinates": [ 73.7737691, 18.7877842 ] } },
{ "type": "Feature", "properties": { "osm_id": 13629546213, "osm_type": "node", "amenity": "hospital", "name": "UNIQUE HOSPITAL", "latitude": 18.734418, "longitude": 73.6903042 }, "geometry": { "type": "Point", "coordinates": [ 73.6903042, 18.734418 ] } },
{ "type": "Feature", "properties": { "osm_id": 473830445, "osm_type": "way", "amenity": "hospital", "name": "Dr. Bhausaheb Sardesai Talegaon Rural Hospital and M.I.M.E.R. Medical College", "latitude": 18.7351599, "longitude": 73.6752149 }, "geometry": { "type": "Point", "coordinates": [ 73.6752149, 18.7351599 ] } },
{ "type": "Feature", "properties": { "osm_id": 7054956039, "osm_type": "node", "amenity": "hospital", "name": "Matoshri Hospital", "latitude": 18.7375516, "longitude": 73.6391607 }, "geometry": { "type": "Point", "coordinates": [ 73.6391607, 18.7375516 ] } },
{ "type": "Feature", "properties": { "osm_id": 7069577098, "osm_type": "node", "amenity": "hospital", "name": "Maval Hospital", "latitude": 18.741703, "longitude": 73.6338449 }, "geometry": { "type": "Point", "coordinates": [ 73.6338449, 18.741703 ] } },
{ "type": "Feature", "properties": { "osm_id": 8813266506, "osm_type": "node", "amenity": "hospital", "name": "Indrayani Hospital", "latitude": 18.7422418, "longitude": 73.6803903 }, "geometry": { "type": "Point", "coordinates": [ 73.6803903, 18.7422418 ] } },
{ "type": "Feature", "properties": { "osm_id": 7054578913, "osm_type": "node", "amenity": "hospital", "name": "Khandelwal Hospital and C. C. Centre", "latitude": 18.7448439, "longitude": 73.4060861 }, "geometry": { "type": "Point", "coordinates": [ 73.4060861, 18.7448439 ] } },
{ "type": "Feature", "properties": { "osm_id": 7067113523, "osm_type": "node", "amenity": "hospital", "name": "Shraddha Hospital", "latitude": 18.7456936, "longitude": 73.4131403 }, "geometry": { "type": "Point", "coordinates": [ 73.4131403, 18.7456936 ] } },
{ "type": "Feature", "properties": { "osm_id": 7051884591, "osm_type": "node", "amenity": "hospital", "name": "Sanjivani Medical Foundation", "latitude": 18.7466054, "longitude": 73.4078 }, "geometry": { "type": "Point", "coordinates": [ 73.4078, 18.7466054 ] } },
{ "type": "Feature", "properties": { "osm_id": 7059172384, "osm_type": "node", "amenity": "hospital", "name": "Parmar Hospital", "latitude": 18.7470772, "longitude": 73.4085202 }, "geometry": { "type": "Point", "coordinates": [ 73.4085202, 18.7470772 ] } },
{ "type": "Feature", "properties": { "osm_id": 7649461784, "osm_type": "node", "amenity": "hospital", "name": "Sakhalkar Hospital", "latitude": 18.747103, "longitude": 73.4084439 }, "geometry": { "type": "Point", "coordinates": [ 73.4084439, 18.747103 ] } },
{ "type": "Feature", "properties": { "osm_id": 5149232120, "osm_type": "node", "amenity": "hospital", "name": "Hospital", "latitude": 18.747433, "longitude": 73.3993121 }, "geometry": { "type": "Point", "coordinates": [ 73.3993121, 18.747433 ] } },
{ "type": "Feature", "properties": { "osm_id": 7073438384, "osm_type": "node", "amenity": "hospital", "name": "Saraswati Hospital, Pune", "latitude": 18.7474753, "longitude": 73.406235 }, "geometry": { "type": "Point", "coordinates": [ 73.406235, 18.7474753 ] } },
{ "type": "Feature", "properties": { "osm_id": 7048932002, "osm_type": "node", "amenity": "hospital", "name": "Kamat Hospital- Lonavla", "latitude": 18.749245, "longitude": 73.4050474 }, "geometry": { "type": "Point", "coordinates": [ 73.4050474, 18.749245 ] } },
{ "type": "Feature", "properties": { "osm_id": 13383251569, "osm_type": "node", "amenity": "hospital", "name": "Siddhivinayak Hospital", "latitude": 18.7615542, "longitude": 73.5572177 }, "geometry": { "type": "Point", "coordinates": [ 73.5572177, 18.7615542 ] } },
{ "type": "Feature", "properties": { "osm_id": 13371304699, "osm_type": "node", "amenity": "hospital", "name": "Shree Jivan Hospital", "latitude": 18.7616239, "longitude": 73.5583735 }, "geometry": { "type": "Point", "coordinates": [ 73.5583735, 18.7616239 ] } },
{ "type": "Feature", "properties": { "osm_id": 13371332710, "osm_type": "node", "amenity": "hospital", "name": "Rao Hospital", "latitude": 18.7617123, "longitude": 73.5573335 }, "geometry": { "type": "Point", "coordinates": [ 73.5573335, 18.7617123 ] } },
{ "type": "Feature", "properties": { "osm_id": 13371318498, "osm_type": "node", "amenity": "hospital", "name": "Navajeevan Hospital", "latitude": 18.7618778, "longitude": 73.5569343 }, "geometry": { "type": "Point", "coordinates": [ 73.5569343, 18.7618778 ] } },
{ "type": "Feature", "properties": { "osm_id": 13383251593, "osm_type": "node", "amenity": "hospital", "name": "Kamshet Hospital", "latitude": 18.7619019, "longitude": 73.5611214 }, "geometry": { "type": "Point", "coordinates": [ 73.5611214, 18.7619019 ] } },
{ "type": "Feature", "properties": { "osm_id": 13383251596, "osm_type": "node", "amenity": "hospital", "name": "Kamshet Hospital", "latitude": 18.7619041, "longitude": 73.5593666 }, "geometry": { "type": "Point", "coordinates": [ 73.5593666, 18.7619041 ] } },
{ "type": "Feature", "properties": { "osm_id": 13371299580, "osm_type": "node", "amenity": "hospital", "name": "Shree Jeevan Hospital", "latitude": 18.7621801, "longitude": 73.5566186 }, "geometry": { "type": "Point", "coordinates": [ 73.5566186, 18.7621801 ] } },
{ "type": "Feature", "properties": { "osm_id": 13371416056, "osm_type": "node", "amenity": "hospital", "name": "Sanjeevani Hospital", "latitude": 18.7626311, "longitude": 73.5581326 }, "geometry": { "type": "Point", "coordinates": [ 73.5581326, 18.7626311 ] } },
{ "type": "Feature", "properties": { "osm_id": 13371397339, "osm_type": "node", "amenity": "hospital", "name": "PHC Khadkala", "latitude": 18.7636501, "longitude": 73.5552679 }, "geometry": { "type": "Point", "coordinates": [ 73.5552679, 18.7636501 ] } },
{ "type": "Feature", "properties": { "osm_id": 7226727329, "osm_type": "node", "amenity": "hospital", "name": "Takawe Rural hospital", "latitude": 18.8053663, "longitude": 73.6047018 }, "geometry": { "type": "Point", "coordinates": [ 73.6047018, 18.8053663 ] } },
{ "type": "Feature", "properties": { "osm_id": 7225067220, "osm_type": "node", "amenity": "hospital", "name": "Government Hospital Dimbhe", "latitude": 19.0837227, "longitude": 73.7451693 }, "geometry": { "type": "Point", "coordinates": [ 73.7451693, 19.0837227 ] } },
{ "type": "Feature", "properties": { "osm_id": 7064475588, "osm_type": "node", "amenity": "hospital", "name": "Chandra Hospital", "latitude": 18.4522084, "longitude": 73.890656 }, "geometry": { "type": "Point", "coordinates": [ 73.890656, 18.4522084 ] } },
{ "type": "Feature", "properties": { "osm_id": 7066954920, "osm_type": "node", "amenity": "hospital", "name": "Adarsh Hospital, Pune", "latitude": 18.4541274, "longitude": 73.8881166 }, "geometry": { "type": "Point", "coordinates": [ 73.8881166, 18.4541274 ] } },
{ "type": "Feature", "properties": { "osm_id": 7651453308, "osm_type": "node", "amenity": "hospital", "name": "Chordiya Nursing Home", "latitude": 18.4581135, "longitude": 73.8781846 }, "geometry": { "type": "Point", "coordinates": [ 73.8781846, 18.4581135 ] } },
{ "type": "Feature", "properties": { "osm_id": 13801048824, "osm_type": "node", "amenity": "hospital", "name": "Healing Hands Clinic, Undri", "latitude": 18.4633824, "longitude": 73.9087811 }, "geometry": { "type": "Point", "coordinates": [ 73.9087811, 18.4633824 ] } },
{ "type": "Feature", "properties": { "osm_id": 10593818829, "osm_type": "node", "amenity": "hospital", "name": "Care Hospital", "latitude": 18.4645854, "longitude": 73.8906932 }, "geometry": { "type": "Point", "coordinates": [ 73.8906932, 18.4645854 ] } },
{ "type": "Feature", "properties": { "osm_id": 7086516364, "osm_type": "node", "amenity": "hospital", "name": "Om Shakti Chaya Hospital - Rsby", "latitude": 18.4685007, "longitude": 73.920515 }, "geometry": { "type": "Point", "coordinates": [ 73.920515, 18.4685007 ] } },
{ "type": "Feature", "properties": { "osm_id": 7054910944, "osm_type": "node", "amenity": "hospital", "name": "Dr Sarawat Memorial Hospital", "latitude": 18.4705427, "longitude": 73.8878018 }, "geometry": { "type": "Point", "coordinates": [ 73.8878018, 18.4705427 ] } },
{ "type": "Feature", "properties": { "osm_id": 3583527016, "osm_type": "node", "amenity": "hospital", "name": "Satyanand Hospital", "latitude": 18.4707709, "longitude": 73.8886878 }, "geometry": { "type": "Point", "coordinates": [ 73.8886878, 18.4707709 ] } },
{ "type": "Feature", "properties": { "osm_id": 7651453361, "osm_type": "node", "amenity": "hospital", "name": "New Pune Hospital", "latitude": 18.470806, "longitude": 73.888399 }, "geometry": { "type": "Point", "coordinates": [ 73.888399, 18.470806 ] } },
{ "type": "Feature", "properties": { "osm_id": 9128842332, "osm_type": "node", "amenity": "hospital", "name": "city hospiyal", "latitude": 18.4713114, "longitude": 73.8878684 }, "geometry": { "type": "Point", "coordinates": [ 73.8878684, 18.4713114 ] } },
{ "type": "Feature", "properties": { "osm_id": 7649461748, "osm_type": "node", "amenity": "hospital", "name": "Fursungi Old ZP Hospital", "latitude": 18.4719058, "longitude": 73.977854 }, "geometry": { "type": "Point", "coordinates": [ 73.977854, 18.4719058 ] } },
{ "type": "Feature", "properties": { "osm_id": 7053702774, "osm_type": "node", "amenity": "hospital", "name": "PBMA's H V Desai Eye Hospital", "latitude": 18.4722952, "longitude": 73.9237216 }, "geometry": { "type": "Point", "coordinates": [ 73.9237216, 18.4722952 ] } },
{ "type": "Feature", "properties": { "osm_id": 1412445622, "osm_type": "way", "amenity": "hospital", "name": "PBMA H V Desai Eye Hospital", "latitude": 18.4726519, "longitude": 73.9239903 }, "geometry": { "type": "Point", "coordinates": [ 73.9239903, 18.4726519 ] } },
{ "type": "Feature", "properties": { "osm_id": 7649461782, "osm_type": "node", "amenity": "hospital", "name": "Public Civil Hospital", "latitude": 18.473903, "longitude": 73.9761783 }, "geometry": { "type": "Point", "coordinates": [ 73.9761783, 18.473903 ] } },
{ "type": "Feature", "properties": { "osm_id": 7649461817, "osm_type": "node", "amenity": "hospital", "name": "Aadhar Hospital", "latitude": 18.4756744, "longitude": 73.931237 }, "geometry": { "type": "Point", "coordinates": [ 73.931237, 18.4756744 ] } },
{ "type": "Feature", "properties": { "osm_id": 7649461752, "osm_type": "node", "amenity": "hospital", "name": "Londhe Hospital", "latitude": 18.4768406, "longitude": 73.9257973 }, "geometry": { "type": "Point", "coordinates": [ 73.9257973, 18.4768406 ] } },
{ "type": "Feature", "properties": { "osm_id": 7649461821, "osm_type": "node", "amenity": "hospital", "name": "Deogiri Hospital", "latitude": 18.479672, "longitude": 73.956002 }, "geometry": { "type": "Point", "coordinates": [ 73.956002, 18.479672 ] } },
{ "type": "Feature", "properties": { "osm_id": 7649461780, "osm_type": "node", "amenity": "hospital", "name": "Sushrusha Hospital", "latitude": 18.483917, "longitude": 73.939737 }, "geometry": { "type": "Point", "coordinates": [ 73.939737, 18.483917 ] } },
{ "type": "Feature", "properties": { "osm_id": 7649461776, "osm_type": "node", "amenity": "hospital", "name": "Vighnaharta Hospital", "latitude": 18.4849699, "longitude": 73.9553255 }, "geometry": { "type": "Point", "coordinates": [ 73.9553255, 18.4849699 ] } },
{ "type": "Feature", "properties": { "osm_id": 7649461712, "osm_type": "node", "amenity": "hospital", "name": "Akshara Maternity Hospital", "latitude": 18.4857137, "longitude": 73.9545579 }, "geometry": { "type": "Point", "coordinates": [ 73.9545579, 18.4857137 ] } },
{ "type": "Feature", "properties": { "osm_id": 7651453334, "osm_type": "node", "amenity": "hospital", "name": "National Hospital", "latitude": 18.4714238, "longitude": 73.8887261 }, "geometry": { "type": "Point", "coordinates": [ 73.8887261, 18.4714238 ] } },
{ "type": "Feature", "properties": { "osm_id": 7651453325, "osm_type": "node", "amenity": "hospital", "name": "Lifeline Hospital", "latitude": 18.4723283, "longitude": 73.8923643 }, "geometry": { "type": "Point", "coordinates": [ 73.8923643, 18.4723283 ] } },
{ "type": "Feature", "properties": { "osm_id": 7049507991, "osm_type": "node", "amenity": "hospital", "name": "Wankhede Hospital", "latitude": 18.4724656, "longitude": 73.8888207 }, "geometry": { "type": "Point", "coordinates": [ 73.8888207, 18.4724656 ] } },
{ "type": "Feature", "properties": { "osm_id": 7651453335, "osm_type": "node", "amenity": "hospital", "name": "Meenatai Thakre Maternity Home", "latitude": 18.47396, "longitude": 73.889134 }, "geometry": { "type": "Point", "coordinates": [ 73.889134, 18.47396 ] } },
{ "type": "Feature", "properties": { "osm_id": 9143796444, "osm_type": "node", "amenity": "hospital", "name": "Om Hospital in Pune", "latitude": 18.4747094, "longitude": 73.8844764 }, "geometry": { "type": "Point", "coordinates": [ 73.8844764, 18.4747094 ] } },
{ "type": "Feature", "properties": { "osm_id": 7649461757, "osm_type": "node", "amenity": "hospital", "name": "Shahu Hospital", "latitude": 18.4820937, "longitude": 73.8993556 }, "geometry": { "type": "Point", "coordinates": [ 73.8993556, 18.4820937 ] } },
{ "type": "Feature", "properties": { "osm_id": 224969009, "osm_type": "way", "amenity": "hospital", "name": "Ruby Hall Clinic", "latitude": 18.4854318, "longitude": 73.9047103 }, "geometry": { "type": "Point", "coordinates": [ 73.9047103, 18.4854318 ] } },
{ "type": "Feature", "properties": { "osm_id": 360237275, "osm_type": "way", "amenity": "hospital", "name": "skincare clinic", "latitude": 18.4859046, "longitude": 73.8885861 }, "geometry": { "type": "Point", "coordinates": [ 73.8885861, 18.4859046 ] } },
{ "type": "Feature", "properties": { "osm_id": 10172914027, "osm_type": "node", "amenity": "hospital", "name": "mothercare hospital", "latitude": 18.4873135, "longitude": 73.8761077 }, "geometry": { "type": "Point", "coordinates": [ 73.8761077, 18.4873135 ] } },
{ "type": "Feature", "properties": { "osm_id": 8257047090, "osm_type": "node", "amenity": "hospital", "name": "ARCUS HOSPITAL", "latitude": 18.4889132, "longitude": 73.8990842 }, "geometry": { "type": "Point", "coordinates": [ 73.8990842, 18.4889132 ] } },
{ "type": "Feature", "properties": { "osm_id": 10172914029, "osm_type": "node", "amenity": "hospital", "name": "suraj hospital", "latitude": 18.4814426, "longitude": 73.872471 }, "geometry": { "type": "Point", "coordinates": [ 73.872471, 18.4814426 ] } },
{ "type": "Feature", "properties": { "osm_id": 10172914030, "osm_type": "node", "amenity": "hospital", "name": "anvi ENT and thyroid clinic", "latitude": 18.4840027, "longitude": 73.8716266 }, "geometry": { "type": "Point", "coordinates": [ 73.8716266, 18.4840027 ] } },
{ "type": "Feature", "properties": { "osm_id": 7070130323, "osm_type": "node", "amenity": "hospital", "name": "Vinnayak Hospital", "latitude": 18.4854879, "longitude": 73.8717458 }, "geometry": { "type": "Point", "coordinates": [ 73.8717458, 18.4854879 ] } },
{ "type": "Feature", "properties": { "osm_id": 10172914028, "osm_type": "node", "amenity": "hospital", "name": "metro advanced homeopathy clinic", "latitude": 18.4864264, "longitude": 73.8740424 }, "geometry": { "type": "Point", "coordinates": [ 73.8740424, 18.4864264 ] } },
{ "type": "Feature", "properties": { "osm_id": 7043164499, "osm_type": "node", "amenity": "hospital", "name": "Mothercare Hospital", "latitude": 18.4872463, "longitude": 73.8760145 }, "geometry": { "type": "Point", "coordinates": [ 73.8760145, 18.4872463 ] } },
{ "type": "Feature", "properties": { "osm_id": 7053000962, "osm_type": "node", "amenity": "hospital", "name": "Siddharth Hospital, Pune", "latitude": 18.4900578, "longitude": 73.8684641 }, "geometry": { "type": "Point", "coordinates": [ 73.8684641, 18.4900578 ] } },
{ "type": "Feature", "properties": { "osm_id": 7055494791, "osm_type": "node", "amenity": "hospital", "name": "Pune Adventist Hospital;advantist hospital", "latitude": 18.491944, "longitude": 73.8710202 }, "geometry": { "type": "Point", "coordinates": [ 73.8710202, 18.491944 ] } },
{ "type": "Feature", "properties": { "osm_id": 10173007817, "osm_type": "node", "amenity": "hospital", "name": "PUNE ADVENTIST HOSPITAL", "latitude": 18.491946, "longitude": 73.8709604 }, "geometry": { "type": "Point", "coordinates": [ 73.8709604, 18.491946 ] } },
{ "type": "Feature", "properties": { "osm_id": 8813660507, "osm_type": "node", "amenity": "hospital", "name": "G B Indumati Manilal Khanna Hospital", "latitude": 18.4925761, "longitude": 73.8665946 }, "geometry": { "type": "Point", "coordinates": [ 73.8665946, 18.4925761 ] } },
{ "type": "Feature", "properties": { "osm_id": 7050392540, "osm_type": "node", "amenity": "hospital", "name": "Gultekdi Nursing and Maternity Home", "latitude": 18.4926804, "longitude": 73.8685472 }, "geometry": { "type": "Point", "coordinates": [ 73.8685472, 18.4926804 ] } },
{ "type": "Feature", "properties": { "osm_id": 7649461801, "osm_type": "node", "amenity": "hospital", "name": "Harpale Hospital", "latitude": 18.486701, "longitude": 73.9520187 }, "geometry": { "type": "Point", "coordinates": [ 73.9520187, 18.486701 ] } },
{ "type": "Feature", "properties": { "osm_id": 7649461789, "osm_type": "node", "amenity": "hospital", "name": "Dinkar Hospital", "latitude": 18.4869268, "longitude": 73.9421209 }, "geometry": { "type": "Point", "coordinates": [ 73.9421209, 18.4869268 ] } },
{ "type": "Feature", "properties": { "osm_id": 7649461802, "osm_type": "node", "amenity": "hospital", "name": "Life Care Multispecality Hospital", "latitude": 18.4879916, "longitude": 73.9389363 }, "geometry": { "type": "Point", "coordinates": [ 73.9389363, 18.4879916 ] } },
{ "type": "Feature", "properties": { "osm_id": 7649461803, "osm_type": "node", "amenity": "hospital", "name": "Sadhana Hospital", "latitude": 18.488725, "longitude": 73.949843 }, "geometry": { "type": "Point", "coordinates": [ 73.949843, 18.488725 ] } },
{ "type": "Feature", "properties": { "osm_id": 7649461770, "osm_type": "node", "amenity": "hospital", "name": "Omkar Children Hospital", "latitude": 18.4890478, "longitude": 73.9498267 }, "geometry": { "type": "Point", "coordinates": [ 73.9498267, 18.4890478 ] } },
{ "type": "Feature", "properties": { "osm_id": 7649461808, "osm_type": "node", "amenity": "hospital", "name": "Niga Hospital", "latitude": 18.4897147, "longitude": 73.9500252 }, "geometry": { "type": "Point", "coordinates": [ 73.9500252, 18.4897147 ] } },
{ "type": "Feature", "properties": { "osm_id": 8813705904, "osm_type": "node", "amenity": "hospital", "name": "Varadvinayak Children and Eye Hospital", "latitude": 18.4934295, "longitude": 73.9315228 }, "geometry": { "type": "Point", "coordinates": [ 73.9315228, 18.4934295 ] } },
{ "type": "Feature", "properties": { "osm_id": 7649461718, "osm_type": "node", "amenity": "hospital", "name": "Mahesh Smruti Multispeciality Hospital", "latitude": 18.4968106, "longitude": 73.9615264 }, "geometry": { "type": "Point", "coordinates": [ 73.9615264, 18.4968106 ] } },
{ "type": "Feature", "properties": { "osm_id": 7070857461, "osm_type": "node", "amenity": "hospital", "name": "Navjeewan Hospital", "latitude": 18.4984609, "longitude": 73.9543189 }, "geometry": { "type": "Point", "coordinates": [ 73.9543189, 18.4984609 ] } },
{ "type": "Feature", "properties": { "osm_id": 7064755544, "osm_type": "node", "amenity": "hospital", "name": "Vaibhavi Hospital", "latitude": 18.4994249, "longitude": 73.9469039 }, "geometry": { "type": "Point", "coordinates": [ 73.9469039, 18.4994249 ] } },
{ "type": "Feature", "properties": { "osm_id": 10172942175, "osm_type": "node", "amenity": "hospital", "name": "Military Hospital", "latitude": 18.4924252, "longitude": 73.8823382 }, "geometry": { "type": "Point", "coordinates": [ 73.8823382, 18.4924252 ] } },
{ "type": "Feature", "properties": { "osm_id": 3148227, "osm_type": "relation", "amenity": "hospital", "name": "Military Hospital Cardio-Thoracic Center", "latitude": 18.4924665, "longitude": 73.8824204 }, "geometry": { "type": "Point", "coordinates": [ 73.8824204, 18.4924665 ] } },
{ "type": "Feature", "properties": { "osm_id": 7649461825, "osm_type": "node", "amenity": "hospital", "name": "Ayodhya Trust General Hospital", "latitude": 18.49253, "longitude": 73.9037686 }, "geometry": { "type": "Point", "coordinates": [ 73.9037686, 18.49253 ] } },
{ "type": "Feature", "properties": { "osm_id": 7649461729, "osm_type": "node", "amenity": "hospital", "name": "Kamal Hospital", "latitude": 18.494483, "longitude": 73.902522 }, "geometry": { "type": "Point", "coordinates": [ 73.902522, 18.494483 ] } },
{ "type": "Feature", "properties": { "osm_id": 7649461779, "osm_type": "node", "amenity": "hospital", "name": "New Command Hospital", "latitude": 18.4956457, "longitude": 73.884521 }, "geometry": { "type": "Point", "coordinates": [ 73.884521, 18.4956457 ] } },
{ "type": "Feature", "properties": { "osm_id": 10172914040, "osm_type": "node", "amenity": "hospital", "name": "immunology and rheumatology clinic", "latitude": 18.4958983, "longitude": 73.8886709 }, "geometry": { "type": "Point", "coordinates": [ 73.8886709, 18.4958983 ] } },
{ "type": "Feature", "properties": { "osm_id": 678341812, "osm_type": "node", "amenity": "hospital", "name": "Command Hospital Southern Command", "latitude": 18.5005828, "longitude": 73.8894328 }, "geometry": { "type": "Point", "coordinates": [ 73.8894328, 18.5005828 ] } },
{ "type": "Feature", "properties": { "osm_id": 672120487, "osm_type": "node", "amenity": "hospital", "name": "Sardar Patel Cantonment General Hospital", "latitude": 18.5027163, "longitude": 73.87712 }, "geometry": { "type": "Point", "coordinates": [ 73.87712, 18.5027163 ] } },
{ "type": "Feature", "properties": { "osm_id": 10172942167, "osm_type": "node", "amenity": "hospital", "name": "Sardar Patel Genral Hospital", "latitude": 18.5027364, "longitude": 73.8771188 }, "geometry": { "type": "Point", "coordinates": [ 73.8771188, 18.5027364 ] } },
{ "type": "Feature", "properties": { "osm_id": 162972236, "osm_type": "way", "amenity": "hospital", "name": "Inamdar Hospital", "latitude": 18.5031739, "longitude": 73.9000186 }, "geometry": { "type": "Point", "coordinates": [ 73.9000186, 18.5031739 ] } },
{ "type": "Feature", "properties": { "osm_id": 7051906956, "osm_type": "node", "amenity": "hospital", "name": "Abane Hospital", "latitude": 18.4994516, "longitude": 73.9377093 }, "geometry": { "type": "Point", "coordinates": [ 73.9377093, 18.4994516 ] } },
{ "type": "Feature", "properties": { "osm_id": 7157923284, "osm_type": "node", "amenity": "hospital", "name": "Dhanvantari Hospital", "latitude": 18.5004494, "longitude": 73.9360535 }, "geometry": { "type": "Point", "coordinates": [ 73.9360535, 18.5004494 ] } },
{ "type": "Feature", "properties": { "osm_id": 7048498777, "osm_type": "node", "amenity": "hospital", "name": "Remedy Hospital", "latitude": 18.5005568, "longitude": 73.9365077 }, "geometry": { "type": "Point", "coordinates": [ 73.9365077, 18.5005568 ] } },
{ "type": "Feature", "properties": { "osm_id": 7649461724, "osm_type": "node", "amenity": "hospital", "name": "Shivam Hospital", "latitude": 18.500617, "longitude": 73.9364994 }, "geometry": { "type": "Point", "coordinates": [ 73.9364994, 18.500617 ] } },
{ "type": "Feature", "properties": { "osm_id": 7042945051, "osm_type": "node", "amenity": "hospital", "name": "Mohite Eye Hospital", "latitude": 18.5006535, "longitude": 73.936556 }, "geometry": { "type": "Point", "coordinates": [ 73.936556, 18.5006535 ] } },
{ "type": "Feature", "properties": { "osm_id": 10564392446, "osm_type": "node", "amenity": "hospital", "name": "Dr Mhaske Hospital and Research Centre Pvt Ltd", "latitude": 18.500696, "longitude": 73.9415815 }, "geometry": { "type": "Point", "coordinates": [ 73.9415815, 18.500696 ] } },
{ "type": "Feature", "properties": { "osm_id": 7054524654, "osm_type": "node", "amenity": "hospital", "name": "Mohintara Hospital, Hadapsar", "latitude": 18.5008462, "longitude": 73.9305311 }, "geometry": { "type": "Point", "coordinates": [ 73.9305311, 18.5008462 ] } },
{ "type": "Feature", "properties": { "osm_id": 12942222173, "osm_type": "node", "amenity": "hospital", "name": "Abane Hospital", "latitude": 18.5011847, "longitude": 73.9383338 }, "geometry": { "type": "Point", "coordinates": [ 73.9383338, 18.5011847 ] } },
{ "type": "Feature", "properties": { "osm_id": 7053702772, "osm_type": "node", "amenity": "hospital", "name": "Nande Hospital", "latitude": 18.5011902, "longitude": 73.9383772 }, "geometry": { "type": "Point", "coordinates": [ 73.9383772, 18.5011902 ] } },
{ "type": "Feature", "properties": { "osm_id": 6262931930, "osm_type": "node", "amenity": "hospital", "name": "Pawar Surgical Hospital", "latitude": 18.5012035, "longitude": 73.9379293 }, "geometry": { "type": "Point", "coordinates": [ 73.9379293, 18.5012035 ] } },
{ "type": "Feature", "properties": { "osm_id": 7649461788, "osm_type": "node", "amenity": "hospital", "name": "Dharmadhikari Hospital", "latitude": 18.5015481, "longitude": 73.9357865 }, "geometry": { "type": "Point", "coordinates": [ 73.9357865, 18.5015481 ] } },
{ "type": "Feature", "properties": { "osm_id": 7047804836, "osm_type": "node", "amenity": "hospital", "name": "Alatkar Hospital", "latitude": 18.5018572, "longitude": 73.9322779 }, "geometry": { "type": "Point", "coordinates": [ 73.9322779, 18.5018572 ] } },
{ "type": "Feature", "properties": { "osm_id": 7049007104, "osm_type": "node", "amenity": "hospital", "name": "Shraddha Hospital", "latitude": 18.5019482, "longitude": 73.9315805 }, "geometry": { "type": "Point", "coordinates": [ 73.9315805, 18.5019482 ] } },
{ "type": "Feature", "properties": { "osm_id": 7045304709, "osm_type": "node", "amenity": "hospital", "name": "Ushakiran General Hospital", "latitude": 18.5019965, "longitude": 73.9348286 }, "geometry": { "type": "Point", "coordinates": [ 73.9348286, 18.5019965 ] } },
{ "type": "Feature", "properties": { "osm_id": 7064364271, "osm_type": "node", "amenity": "hospital", "name": "Pooja Hospital", "latitude": 18.5023551, "longitude": 73.9288205 }, "geometry": { "type": "Point", "coordinates": [ 73.9288205, 18.5023551 ] } },
{ "type": "Feature", "properties": { "osm_id": 7045518177, "osm_type": "node", "amenity": "hospital", "name": "Zenith Hospital, Pune", "latitude": 18.5025879, "longitude": 73.9294803 }, "geometry": { "type": "Point", "coordinates": [ 73.9294803, 18.5025879 ] } },
{ "type": "Feature", "properties": { "osm_id": 4154605789, "osm_type": "node", "amenity": "hospital", "name": "Sahyadri Hospital", "latitude": 18.5029092, "longitude": 73.9277341 }, "geometry": { "type": "Point", "coordinates": [ 73.9277341, 18.5029092 ] } },
{ "type": "Feature", "properties": { "osm_id": 7053694039, "osm_type": "node", "amenity": "hospital", "name": "Sahyadri Hospital Hadapsar", "latitude": 18.5031602, "longitude": 73.9321491 }, "geometry": { "type": "Point", "coordinates": [ 73.9321491, 18.5031602 ] } },
{ "type": "Feature", "properties": { "osm_id": 7044437265, "osm_type": "node", "amenity": "hospital", "name": "Welfare Medical Foundatios, Mohintara Hospital", "latitude": 18.5034761, "longitude": 73.9291031 }, "geometry": { "type": "Point", "coordinates": [ 73.9291031, 18.5034761 ] } },
{ "type": "Feature", "properties": { "osm_id": 7051681405, "osm_type": "node", "amenity": "hospital", "name": "Mams Sumatibhai Shah Ayurved Mahavidyalayas", "latitude": 18.5035837, "longitude": 73.9387286 }, "geometry": { "type": "Point", "coordinates": [ 73.9387286, 18.5035837 ] } },
{ "type": "Feature", "properties": { "osm_id": 10172942170, "osm_type": "node", "amenity": "hospital", "name": "Kering Hospital", "latitude": 18.5030034, "longitude": 73.8681299 }, "geometry": { "type": "Point", "coordinates": [ 73.8681299, 18.5030034 ] } },
{ "type": "Feature", "properties": { "osm_id": 7651453412, "osm_type": "node", "amenity": "hospital", "name": "Chajed Hospital", "latitude": 18.50451, "longitude": 73.8628189 }, "geometry": { "type": "Point", "coordinates": [ 73.8628189, 18.50451 ] } },
{ "type": "Feature", "properties": { "osm_id": 7651453367, "osm_type": "node", "amenity": "hospital", "name": "Kalyani Hospital", "latitude": 18.5046645, "longitude": 73.8592129 }, "geometry": { "type": "Point", "coordinates": [ 73.8592129, 18.5046645 ] } },
{ "type": "Feature", "properties": { "osm_id": 8813476678, "osm_type": "node", "amenity": "hospital", "name": "Savitribai Phule Meternity Home", "latitude": 18.5048618, "longitude": 73.8611993 }, "geometry": { "type": "Point", "coordinates": [ 73.8611993, 18.5048618 ] } },
{ "type": "Feature", "properties": { "osm_id": 8204734780, "osm_type": "node", "amenity": "hospital", "name": "dental health care", "latitude": 18.5062183, "longitude": 73.8625941 }, "geometry": { "type": "Point", "coordinates": [ 73.8625941, 18.5062183 ] } },
{ "type": "Feature", "properties": { "osm_id": 10172942172, "osm_type": "node", "amenity": "hospital", "name": "G.M Babubbhai Memo Hospital", "latitude": 18.508112, "longitude": 73.8751436 }, "geometry": { "type": "Point", "coordinates": [ 73.8751436, 18.508112 ] } },
{ "type": "Feature", "properties": { "osm_id": 7651453339, "osm_type": "node", "amenity": "hospital", "name": "Vishranti Hospital", "latitude": 18.5086317, "longitude": 73.8744506 }, "geometry": { "type": "Point", "coordinates": [ 73.8744506, 18.5086317 ] } },
{ "type": "Feature", "properties": { "osm_id": 3238255107, "osm_type": "node", "amenity": "hospital", "name": "Naik Hospital, Pune", "latitude": 18.5102879, "longitude": 73.8594694 }, "geometry": { "type": "Point", "coordinates": [ 73.8594694, 18.5102879 ] } },
{ "type": "Feature", "properties": { "osm_id": 10172925426, "osm_type": "node", "amenity": "hospital", "name": "Bora Hospital", "latitude": 18.5104549, "longitude": 73.8639446 }, "geometry": { "type": "Point", "coordinates": [ 73.8639446, 18.5104549 ] } },
{ "type": "Feature", "properties": { "osm_id": 7651453378, "osm_type": "node", "amenity": "hospital", "name": "Todkar Hospital", "latitude": 18.5107128, "longitude": 73.8660862 }, "geometry": { "type": "Point", "coordinates": [ 73.8660862, 18.5107128 ] } },
{ "type": "Feature", "properties": { "osm_id": 7649461774, "osm_type": "node", "amenity": "hospital", "name": "Noble Hospital", "latitude": 18.5035846, "longitude": 73.9273481 }, "geometry": { "type": "Point", "coordinates": [ 73.9273481, 18.5035846 ] } },
{ "type": "Feature", "properties": { "osm_id": 7074576510, "osm_type": "node", "amenity": "hospital", "name": "Sane Guruji Arogya Kendra", "latitude": 18.503632, "longitude": 73.9381224 }, "geometry": { "type": "Point", "coordinates": [ 73.9381224, 18.503632 ] } },
{ "type": "Feature", "properties": { "osm_id": 13351468001, "osm_type": "node", "amenity": "hospital", "name": "Glaze Dental Clinic - Speciality Dental Clinic and Implant Centre", "latitude": 18.5039723, "longitude": 73.9297032 }, "geometry": { "type": "Point", "coordinates": [ 73.9297032, 18.5039723 ] } },
{ "type": "Feature", "properties": { "osm_id": 14152911975, "osm_type": "node", "amenity": "hospital", "name": "Abane Advanced Eye & Ortho Hospital", "latitude": 18.504423, "longitude": 73.9417629 }, "geometry": { "type": "Point", "coordinates": [ 73.9417629, 18.504423 ] } },
{ "type": "Feature", "properties": { "osm_id": 218859884, "osm_type": "way", "amenity": "hospital", "name": "Noble Hospital", "latitude": 18.5049366, "longitude": 73.9271433 }, "geometry": { "type": "Point", "coordinates": [ 73.9271433, 18.5049366 ] } },
{ "type": "Feature", "properties": { "osm_id": 7050381745, "osm_type": "node", "amenity": "hospital", "name": "Suraj Hospital, Hadaspur", "latitude": 18.5052573, "longitude": 73.9541258 }, "geometry": { "type": "Point", "coordinates": [ 73.9541258, 18.5052573 ] } },
{ "type": "Feature", "properties": { "osm_id": 14143951386, "osm_type": "node", "amenity": "hospital", "name": "Dr. Dinesh Zirpe | Liver Transplant | Pancreatic & Gall bladder specialist Surgeon", "latitude": 18.5057106, "longitude": 73.9269091 }, "geometry": { "type": "Point", "coordinates": [ 73.9269091, 18.5057106 ] } },
{ "type": "Feature", "properties": { "osm_id": 7069813988, "osm_type": "node", "amenity": "hospital", "name": "Yash Hospital - V.K. Medical Foundation", "latitude": 18.5103392, "longitude": 73.9380687 }, "geometry": { "type": "Point", "coordinates": [ 73.9380687, 18.5103392 ] } },
{ "type": "Feature", "properties": { "osm_id": 7649461719, "osm_type": "node", "amenity": "hospital", "name": "Lotus Hospital", "latitude": 18.515216, "longitude": 73.964247 }, "geometry": { "type": "Point", "coordinates": [ 73.964247, 18.515216 ] } },
{ "type": "Feature", "properties": { "osm_id": 11465918491, "osm_type": "node", "amenity": "hospital", "name": "Racemous Polyclinics", "latitude": 18.5208921, "longitude": 73.9329095 }, "geometry": { "type": "Point", "coordinates": [ 73.9329095, 18.5208921 ] } },
{ "type": "Feature", "properties": { "osm_id": 8811112959, "osm_type": "node", "amenity": "hospital", "name": "Baramati Hospital", "latitude": 18.1407754, "longitude": 74.5795266 }, "geometry": { "type": "Point", "coordinates": [ 74.5795266, 18.1407754 ] } },
{ "type": "Feature", "properties": { "osm_id": 7067050976, "osm_type": "node", "amenity": "hospital", "name": "Bhandare Maternity and Accident Hospital", "latitude": 18.1433883, "longitude": 74.5749593 }, "geometry": { "type": "Point", "coordinates": [ 74.5749593, 18.1433883 ] } },
{ "type": "Feature", "properties": { "osm_id": 7049224617, "osm_type": "node", "amenity": "hospital", "name": "Anuchandra Accident Hospital", "latitude": 18.1437324, "longitude": 74.5763446 }, "geometry": { "type": "Point", "coordinates": [ 74.5763446, 18.1437324 ] } },
{ "type": "Feature", "properties": { "osm_id": 7054961563, "osm_type": "node", "amenity": "hospital", "name": "Bobade Accident Hospital", "latitude": 18.1453426, "longitude": 74.5823119 }, "geometry": { "type": "Point", "coordinates": [ 74.5823119, 18.1453426 ] } },
{ "type": "Feature", "properties": { "osm_id": 7070859128, "osm_type": "node", "amenity": "hospital", "name": "Devkate Hospital", "latitude": 18.1456377, "longitude": 74.5825338 }, "geometry": { "type": "Point", "coordinates": [ 74.5825338, 18.1456377 ] } },
{ "type": "Feature", "properties": { "osm_id": 4558841190, "osm_type": "node", "amenity": "hospital", "name": "Giri Raj Hospital and Intensive Care Unit", "latitude": 18.1461841, "longitude": 74.5772973 }, "geometry": { "type": "Point", "coordinates": [ 74.5772973, 18.1461841 ] } },
{ "type": "Feature", "properties": { "osm_id": 7067218016, "osm_type": "node", "amenity": "hospital", "name": "Shripal Hospital", "latitude": 18.1481253, "longitude": 74.5729362 }, "geometry": { "type": "Point", "coordinates": [ 74.5729362, 18.1481253 ] } },
{ "type": "Feature", "properties": { "osm_id": 7086283492, "osm_type": "node", "amenity": "hospital", "name": "Yashdeep Eye Hospital", "latitude": 18.151591, "longitude": 74.5731287 }, "geometry": { "type": "Point", "coordinates": [ 74.5731287, 18.151591 ] } },
{ "type": "Feature", "properties": { "osm_id": 316588298, "osm_type": "way", "amenity": "hospital", "name": "Silver Jubilee Sub District Hospital, Baramati", "latitude": 18.1519568, "longitude": 74.5753117 }, "geometry": { "type": "Point", "coordinates": [ 74.5753117, 18.1519568 ] } },
{ "type": "Feature", "properties": { "osm_id": 7051854546, "osm_type": "node", "amenity": "hospital", "name": "Nimbalkar Hospital", "latitude": 18.1522721, "longitude": 74.574336 }, "geometry": { "type": "Point", "coordinates": [ 74.574336, 18.1522721 ] } },
{ "type": "Feature", "properties": { "osm_id": 7070136872, "osm_type": "node", "amenity": "hospital", "name": "Naigaonkar Hospital", "latitude": 18.152585, "longitude": 74.5747541 }, "geometry": { "type": "Point", "coordinates": [ 74.5747541, 18.152585 ] } },
{ "type": "Feature", "properties": { "osm_id": 10807258452, "osm_type": "node", "amenity": "hospital", "name": "Avdhoot Hospital", "latitude": 18.159421, "longitude": 74.5752244 }, "geometry": { "type": "Point", "coordinates": [ 74.5752244, 18.159421 ] } },
{ "type": "Feature", "properties": { "osm_id": 7083237473, "osm_type": "node", "amenity": "hospital", "name": "Leela Gulab Hospital", "latitude": 18.3345236, "longitude": 74.3769184 }, "geometry": { "type": "Point", "coordinates": [ 74.3769184, 18.3345236 ] } },
{ "type": "Feature", "properties": { "osm_id": 9816909943, "osm_type": "node", "amenity": "hospital", "name": "Pushp Clinic", "latitude": 18.3392273, "longitude": 74.3807974 }, "geometry": { "type": "Point", "coordinates": [ 74.3807974, 18.3392273 ] } },
{ "type": "Feature", "properties": { "osm_id": 7226627711, "osm_type": "node", "amenity": "hospital", "name": "Government Hospital, Kurkumbh", "latitude": 18.3925773, "longitude": 74.5391703 }, "geometry": { "type": "Point", "coordinates": [ 74.5391703, 18.3925773 ] } },
{ "type": "Feature", "properties": { "osm_id": 7052817167, "osm_type": "node", "amenity": "hospital", "name": "Shree Ganesh Hospital", "latitude": 18.4323177, "longitude": 74.4598704 }, "geometry": { "type": "Point", "coordinates": [ 74.4598704, 18.4323177 ] } },
{ "type": "Feature", "properties": { "osm_id": 7069569148, "osm_type": "node", "amenity": "hospital", "name": "Divekar Hospital", "latitude": 18.4477424, "longitude": 74.4104882 }, "geometry": { "type": "Point", "coordinates": [ 74.4104882, 18.4477424 ] } },
{ "type": "Feature", "properties": { "osm_id": 7226627621, "osm_type": "node", "amenity": "hospital", "name": "Rural Hospital Jejuri", "latitude": 18.2755356, "longitude": 74.163285 }, "geometry": { "type": "Point", "coordinates": [ 74.163285, 18.2755356 ] } },
{ "type": "Feature", "properties": { "osm_id": 5151045708, "osm_type": "node", "amenity": "hospital", "name": "Tulsi Communication.Idea Gallery", "latitude": 18.2795495, "longitude": 74.1636264 }, "geometry": { "type": "Point", "coordinates": [ 74.1636264, 18.2795495 ] } },
{ "type": "Feature", "properties": { "osm_id": 5151045710, "osm_type": "node", "amenity": "hospital", "name": "Malhar Hospital", "latitude": 18.2799754, "longitude": 74.1644417 }, "geometry": { "type": "Point", "coordinates": [ 74.1644417, 18.2799754 ] } },
{ "type": "Feature", "properties": { "osm_id": 5151045712, "osm_type": "node", "amenity": "hospital", "name": "Shatayu Hospital and Ayurvedic Research Centre", "latitude": 18.2800525, "longitude": 74.1648059 }, "geometry": { "type": "Point", "coordinates": [ 74.1648059, 18.2800525 ] } },
{ "type": "Feature", "properties": { "osm_id": 7226627639, "osm_type": "node", "amenity": "hospital", "name": "Rural Hospital, Supa", "latitude": 18.3325127, "longitude": 74.3736146 }, "geometry": { "type": "Point", "coordinates": [ 74.3736146, 18.3325127 ] } },
{ "type": "Feature", "properties": { "osm_id": 7649461733, "osm_type": "node", "amenity": "hospital", "name": "Shreenath Hospital", "latitude": 18.4323612, "longitude": 73.9789156 }, "geometry": { "type": "Point", "coordinates": [ 73.9789156, 18.4323612 ] } },
{ "type": "Feature", "properties": { "osm_id": 7068078353, "osm_type": "node", "amenity": "hospital", "name": "Thorat Hospital", "latitude": 18.4775294, "longitude": 74.3738063 }, "geometry": { "type": "Point", "coordinates": [ 74.3738063, 18.4775294 ] } },
{ "type": "Feature", "properties": { "osm_id": 7042945052, "osm_type": "node", "amenity": "hospital", "name": "Baravkar Hospital", "latitude": 18.4802234, "longitude": 74.3736099 }, "geometry": { "type": "Point", "coordinates": [ 74.3736099, 18.4802234 ] } },
{ "type": "Feature", "properties": { "osm_id": 7054774895, "osm_type": "node", "amenity": "hospital", "name": "Parth Hospital, Pune", "latitude": 18.4805668, "longitude": 74.3722493 }, "geometry": { "type": "Point", "coordinates": [ 74.3722493, 18.4805668 ] } },
{ "type": "Feature", "properties": { "osm_id": 7047951531, "osm_type": "node", "amenity": "hospital", "name": "Mohan General Hospital - Daund", "latitude": 18.4807017, "longitude": 74.3702444 }, "geometry": { "type": "Point", "coordinates": [ 74.3702444, 18.4807017 ] } },
{ "type": "Feature", "properties": { "osm_id": 7048690784, "osm_type": "node", "amenity": "hospital", "name": "Jaykar Accident Fracture Hospital", "latitude": 18.4556692, "longitude": 74.5807663 }, "geometry": { "type": "Point", "coordinates": [ 74.5807663, 18.4556692 ] } },
{ "type": "Feature", "properties": { "osm_id": 7051620185, "osm_type": "node", "amenity": "hospital", "name": "Lonkar Hospital", "latitude": 18.4557812, "longitude": 74.5802996 }, "geometry": { "type": "Point", "coordinates": [ 74.5802996, 18.4557812 ] } },
{ "type": "Feature", "properties": { "osm_id": 13459854901, "osm_type": "node", "amenity": "hospital", "name": "Shri Sai Hospital (Nimbalkar Hospital)", "latitude": 18.455791, "longitude": 74.5800677 }, "geometry": { "type": "Point", "coordinates": [ 74.5800677, 18.455791 ] } },
{ "type": "Feature", "properties": { "osm_id": 7073961726, "osm_type": "node", "amenity": "hospital", "name": "Gaikwad Hospital, Pune", "latitude": 18.45672, "longitude": 74.581017 }, "geometry": { "type": "Point", "coordinates": [ 74.581017, 18.45672 ] } },
{ "type": "Feature", "properties": { "osm_id": 7082733165, "osm_type": "node", "amenity": "hospital", "name": "Pyramid Multispeciality Hospital ( Kulkarni Medical Foundation )", "latitude": 18.4593838, "longitude": 74.5812289 }, "geometry": { "type": "Point", "coordinates": [ 74.5812289, 18.4593838 ] } },
{ "type": "Feature", "properties": { "osm_id": 8814493799, "osm_type": "node", "amenity": "hospital", "name": "Mahalaxmi Hospital", "latitude": 18.4595771, "longitude": 74.5829598 }, "geometry": { "type": "Point", "coordinates": [ 74.5829598, 18.4595771 ] } },
{ "type": "Feature", "properties": { "osm_id": 5151351421, "osm_type": "node", "amenity": "hospital", "name": "Yogeshwari Hospital and ICU", "latitude": 18.4605048, "longitude": 74.5817962 }, "geometry": { "type": "Point", "coordinates": [ 74.5817962, 18.4605048 ] } },
{ "type": "Feature", "properties": { "osm_id": 7080229621, "osm_type": "node", "amenity": "hospital", "name": "Yogeshwari Hospital and I C U", "latitude": 18.4605338, "longitude": 74.5823917 }, "geometry": { "type": "Point", "coordinates": [ 74.5823917, 18.4605338 ] } },
{ "type": "Feature", "properties": { "osm_id": 7054231728, "osm_type": "node", "amenity": "hospital", "name": "Sathe Hospital", "latitude": 18.4658326, "longitude": 74.5844597 }, "geometry": { "type": "Point", "coordinates": [ 74.5844597, 18.4658326 ] } },
{ "type": "Feature", "properties": { "osm_id": 7226627696, "osm_type": "node", "amenity": "hospital", "name": "SDH Daund", "latitude": 18.4723803, "longitude": 74.5720001 }, "geometry": { "type": "Point", "coordinates": [ 74.5720001, 18.4723803 ] } },
{ "type": "Feature", "properties": { "osm_id": 7226627678, "osm_type": "node", "amenity": "hospital", "name": "Government Hospital, Lasurne", "latitude": 18.088994, "longitude": 74.7585812 }, "geometry": { "type": "Point", "coordinates": [ 74.7585812, 18.088994 ] } },
{ "type": "Feature", "properties": { "osm_id": 7050478355, "osm_type": "node", "amenity": "hospital", "name": "Dr Marathe Hospital", "latitude": 18.488791, "longitude": 74.0683892 }, "geometry": { "type": "Point", "coordinates": [ 74.0683892, 18.488791 ] } },
{ "type": "Feature", "properties": { "osm_id": 8813690298, "osm_type": "node", "amenity": "hospital", "name": "VishwaRaj Hospital ,Pune", "latitude": 18.4896852, "longitude": 74.0224054 }, "geometry": { "type": "Point", "coordinates": [ 74.0224054, 18.4896852 ] } },
{ "type": "Feature", "properties": { "osm_id": 7052181872, "osm_type": "node", "amenity": "hospital", "name": "Shivam Hospital, Pune", "latitude": 18.4904171, "longitude": 74.000239 }, "geometry": { "type": "Point", "coordinates": [ 74.000239, 18.4904171 ] } },
{ "type": "Feature", "properties": { "osm_id": 10219216822, "osm_type": "node", "amenity": "hospital", "name": "Unnamed", "latitude": 18.5720966, "longitude": 73.9841075 }, "geometry": { "type": "Point", "coordinates": [ 73.9841075, 18.5720966 ] } },
{ "type": "Feature", "properties": { "osm_id": 10219123490, "osm_type": "node", "amenity": "hospital", "name": "SKINN AND HAIR CLINIC", "latitude": 18.5777941, "longitude": 73.9951355 }, "geometry": { "type": "Point", "coordinates": [ 73.9951355, 18.5777941 ] } },
{ "type": "Feature", "properties": { "osm_id": 10219230636, "osm_type": "node", "amenity": "hospital", "name": "Sai Hospitals", "latitude": 18.5778028, "longitude": 73.9951077 }, "geometry": { "type": "Point", "coordinates": [ 73.9951077, 18.5778028 ] } },
{ "type": "Feature", "properties": { "osm_id": 10219230630, "osm_type": "node", "amenity": "hospital", "name": "Lotus Hospitals", "latitude": 18.5787686, "longitude": 73.9792657 }, "geometry": { "type": "Point", "coordinates": [ 73.9792657, 18.5787686 ] } },
{ "type": "Feature", "properties": { "osm_id": 10219198243, "osm_type": "node", "amenity": "hospital", "name": "Lotus Hospital", "latitude": 18.578795, "longitude": 73.9792027 }, "geometry": { "type": "Point", "coordinates": [ 73.9792027, 18.578795 ] } },
{ "type": "Feature", "properties": { "osm_id": 10219198240, "osm_type": "node", "amenity": "hospital", "name": "Dhanwatari Hospital", "latitude": 18.5791205, "longitude": 73.9794326 }, "geometry": { "type": "Point", "coordinates": [ 73.9794326, 18.5791205 ] } },
{ "type": "Feature", "properties": { "osm_id": 10219159612, "osm_type": "node", "amenity": "hospital", "name": "Unnamed", "latitude": 18.5792033, "longitude": 73.9819282 }, "geometry": { "type": "Point", "coordinates": [ 73.9819282, 18.5792033 ] } },
{ "type": "Feature", "properties": { "osm_id": 10219240227, "osm_type": "node", "amenity": "hospital", "name": "Unnamed", "latitude": 18.5814429, "longitude": 73.9856121 }, "geometry": { "type": "Point", "coordinates": [ 73.9856121, 18.5814429 ] } },
{ "type": "Feature", "properties": { "osm_id": 10219123476, "osm_type": "node", "amenity": "hospital", "name": "UNDRE HP", "latitude": 18.5814556, "longitude": 73.9856214 }, "geometry": { "type": "Point", "coordinates": [ 73.9856214, 18.5814556 ] } },
{ "type": "Feature", "properties": { "osm_id": 10219240228, "osm_type": "node", "amenity": "hospital", "name": "Unnamed", "latitude": 18.5814616, "longitude": 73.9856224 }, "geometry": { "type": "Point", "coordinates": [ 73.9856224, 18.5814616 ] } },
{ "type": "Feature", "properties": { "osm_id": 10219198229, "osm_type": "node", "amenity": "hospital", "name": "Undre Hospital", "latitude": 18.5814961, "longitude": 73.9855996 }, "geometry": { "type": "Point", "coordinates": [ 73.9855996, 18.5814961 ] } },
{ "type": "Feature", "properties": { "osm_id": 10219240229, "osm_type": "node", "amenity": "hospital", "name": "Unnamed", "latitude": 18.5815015, "longitude": 73.9855996 }, "geometry": { "type": "Point", "coordinates": [ 73.9855996, 18.5815015 ] } },
{ "type": "Feature", "properties": { "osm_id": 10219240230, "osm_type": "node", "amenity": "hospital", "name": "Unnamed", "latitude": 18.5815238, "longitude": 73.9855901 }, "geometry": { "type": "Point", "coordinates": [ 73.9855901, 18.5815238 ] } },
{ "type": "Feature", "properties": { "osm_id": 10219198241, "osm_type": "node", "amenity": "hospital", "name": "Sai Hospitals", "latitude": 18.5818139, "longitude": 73.9885029 }, "geometry": { "type": "Point", "coordinates": [ 73.9885029, 18.5818139 ] } },
{ "type": "Feature", "properties": { "osm_id": 12743999956, "osm_type": "node", "amenity": "hospital", "name": "Shreyash Banquets", "latitude": 18.5818334, "longitude": 73.9889847 }, "geometry": { "type": "Point", "coordinates": [ 73.9889847, 18.5818334 ] } },
{ "type": "Feature", "properties": { "osm_id": 7055436592, "osm_type": "node", "amenity": "hospital", "name": "Bharatiya Sanskriti Darshan Trust", "latitude": 18.5819248, "longitude": 74.0024284 }, "geometry": { "type": "Point", "coordinates": [ 74.0024284, 18.5819248 ] } },
{ "type": "Feature", "properties": { "osm_id": 10219159607, "osm_type": "node", "amenity": "hospital", "name": "Unnamed", "latitude": 18.5823427, "longitude": 73.9805643 }, "geometry": { "type": "Point", "coordinates": [ 73.9805643, 18.5823427 ] } },
{ "type": "Feature", "properties": { "osm_id": 10603369857, "osm_type": "node", "amenity": "hospital", "name": "Care Hospital", "latitude": 18.5827149, "longitude": 73.9882918 }, "geometry": { "type": "Point", "coordinates": [ 73.9882918, 18.5827149 ] } },
{ "type": "Feature", "properties": { "osm_id": 10219230647, "osm_type": "node", "amenity": "hospital", "name": "imax Eye care hospital", "latitude": 18.5831658, "longitude": 73.9864644 }, "geometry": { "type": "Point", "coordinates": [ 73.9864644, 18.5831658 ] } },
{ "type": "Feature", "properties": { "osm_id": 10219159609, "osm_type": "node", "amenity": "hospital", "name": "Unnamed", "latitude": 18.5833077, "longitude": 73.9831235 }, "geometry": { "type": "Point", "coordinates": [ 73.9831235, 18.5833077 ] } },
{ "type": "Feature", "properties": { "osm_id": 10219230625, "osm_type": "node", "amenity": "hospital", "name": "Life Line Hospital", "latitude": 18.5837117, "longitude": 73.9896156 }, "geometry": { "type": "Point", "coordinates": [ 73.9896156, 18.5837117 ] } },
{ "type": "Feature", "properties": { "osm_id": 10219230646, "osm_type": "node", "amenity": "hospital", "name": "Life line hospital", "latitude": 18.5844508, "longitude": 73.9891607 }, "geometry": { "type": "Point", "coordinates": [ 73.9891607, 18.5844508 ] } },
{ "type": "Feature", "properties": { "osm_id": 10219230631, "osm_type": "node", "amenity": "hospital", "name": "Shusshrusha Hospital", "latitude": 18.5846747, "longitude": 73.9915895 }, "geometry": { "type": "Point", "coordinates": [ 73.9915895, 18.5846747 ] } },
{ "type": "Feature", "properties": { "osm_id": 7063077065, "osm_type": "node", "amenity": "hospital", "name": "Darekar Hospital", "latitude": 18.6413795, "longitude": 74.0502669 }, "geometry": { "type": "Point", "coordinates": [ 74.0502669, 18.6413795 ] } },
{ "type": "Feature", "properties": { "osm_id": 7082738906, "osm_type": "node", "amenity": "hospital", "name": "Chaitanya Hospital, Poona", "latitude": 18.6456161, "longitude": 74.0625782 }, "geometry": { "type": "Point", "coordinates": [ 74.0625782, 18.6456161 ] } },
{ "type": "Feature", "properties": { "osm_id": 7043242982, "osm_type": "node", "amenity": "hospital", "name": "Onkar Hospital", "latitude": 18.6468218, "longitude": 74.0607716 }, "geometry": { "type": "Point", "coordinates": [ 74.0607716, 18.6468218 ] } },
{ "type": "Feature", "properties": { "osm_id": 7052077119, "osm_type": "node", "amenity": "hospital", "name": "Dr Sonawane Hospital", "latitude": 18.6472922, "longitude": 74.0590444 }, "geometry": { "type": "Point", "coordinates": [ 74.0590444, 18.6472922 ] } },
{ "type": "Feature", "properties": { "osm_id": 7226627567, "osm_type": "node", "amenity": "hospital", "name": "PMC ARMED FORCE MEDICAL COLLEGE(AFMC)", "latitude": 18.503916, "longitude": 73.890117 }, "geometry": { "type": "Point", "coordinates": [ 73.890117, 18.503916 ] } },
{ "type": "Feature", "properties": { "osm_id": 2868930216, "osm_type": "node", "amenity": "hospital", "name": "Fatima Convent Sahyadri Clinic", "latitude": 18.5045156, "longitude": 73.9008129 }, "geometry": { "type": "Point", "coordinates": [ 73.9008129, 18.5045156 ] } },
{ "type": "Feature", "properties": { "osm_id": 7082519014, "osm_type": "node", "amenity": "hospital", "name": "Deshpande Hospital", "latitude": 18.5049909, "longitude": 73.9022358 }, "geometry": { "type": "Point", "coordinates": [ 73.9022358, 18.5049909 ] } },
{ "type": "Feature", "properties": { "osm_id": 7049267221, "osm_type": "node", "amenity": "hospital", "name": "Moolanis Eye Care Centre", "latitude": 18.5057737, "longitude": 73.8783494 }, "geometry": { "type": "Point", "coordinates": [ 73.8783494, 18.5057737 ] } },
{ "type": "Feature", "properties": { "osm_id": 7085878707, "osm_type": "node", "amenity": "hospital", "name": "Kawedia Hospital", "latitude": 18.5070645, "longitude": 73.8782608 }, "geometry": { "type": "Point", "coordinates": [ 73.8782608, 18.5070645 ] } },
{ "type": "Feature", "properties": { "osm_id": 7052818652, "osm_type": "node", "amenity": "hospital", "name": "Dada Laser Eye Institute", "latitude": 18.5109382, "longitude": 73.8799037 }, "geometry": { "type": "Point", "coordinates": [ 73.8799037, 18.5109382 ] } },
{ "type": "Feature", "properties": { "osm_id": 7046910543, "osm_type": "node", "amenity": "hospital", "name": "Indira Maternity Home", "latitude": 18.5122188, "longitude": 73.8762961 }, "geometry": { "type": "Point", "coordinates": [ 73.8762961, 18.5122188 ] } },
{ "type": "Feature", "properties": { "osm_id": 13332950667, "osm_type": "node", "amenity": "hospital", "name": "City Hospital", "latitude": 18.5195788, "longitude": 73.8800262 }, "geometry": { "type": "Point", "coordinates": [ 73.8800262, 18.5195788 ] } },
{ "type": "Feature", "properties": { "osm_id": 7649461787, "osm_type": "node", "amenity": "hospital", "name": "Chaitanya General Hospital", "latitude": 18.519983, "longitude": 73.9067768 }, "geometry": { "type": "Point", "coordinates": [ 73.9067768, 18.519983 ] } },
{ "type": "Feature", "properties": { "osm_id": 7059664354, "osm_type": "node", "amenity": "hospital", "name": "Shreenath Hospital, Pune", "latitude": 18.5211129, "longitude": 73.906766 }, "geometry": { "type": "Point", "coordinates": [ 73.906766, 18.5211129 ] } },
{ "type": "Feature", "properties": { "osm_id": 3696693817, "osm_type": "node", "amenity": "hospital", "name": "Bora Hospital", "latitude": 18.511463, "longitude": 73.8625468 }, "geometry": { "type": "Point", "coordinates": [ 73.8625468, 18.511463 ] } },
{ "type": "Feature", "properties": { "osm_id": 7651453329, "osm_type": "node", "amenity": "hospital", "name": "Kamat Hospital", "latitude": 18.512445, "longitude": 73.869389 }, "geometry": { "type": "Point", "coordinates": [ 73.869389, 18.512445 ] } },
{ "type": "Feature", "properties": { "osm_id": 7651453415, "osm_type": "node", "amenity": "hospital", "name": "Hope Hospital", "latitude": 18.5126915, "longitude": 73.869516 }, "geometry": { "type": "Point", "coordinates": [ 73.869516, 18.5126915 ] } },
{ "type": "Feature", "properties": { "osm_id": 10172942165, "osm_type": "node", "amenity": "hospital", "name": "Panchsheel Hospital", "latitude": 18.5140768, "longitude": 73.8692464 }, "geometry": { "type": "Point", "coordinates": [ 73.8692464, 18.5140768 ] } },
{ "type": "Feature", "properties": { "osm_id": 7651453409, "osm_type": "node", "amenity": "hospital", "name": "Kirad Hospital", "latitude": 18.5143478, "longitude": 73.868913 }, "geometry": { "type": "Point", "coordinates": [ 73.868913, 18.5143478 ] } },
{ "type": "Feature", "properties": { "osm_id": 7051943843, "osm_type": "node", "amenity": "hospital", "name": "Rahel Hospital", "latitude": 18.5152906, "longitude": 73.8754553 }, "geometry": { "type": "Point", "coordinates": [ 73.8754553, 18.5152906 ] } },
{ "type": "Feature", "properties": { "osm_id": 10172926367, "osm_type": "node", "amenity": "hospital", "name": "kedari Hospital", "latitude": 18.5152955, "longitude": 73.8754518 }, "geometry": { "type": "Point", "coordinates": [ 73.8754518, 18.5152955 ] } },
{ "type": "Feature", "properties": { "osm_id": 10172902304, "osm_type": "node", "amenity": "hospital", "name": "Modern Hospital", "latitude": 18.5157161, "longitude": 73.8688388 }, "geometry": { "type": "Point", "coordinates": [ 73.8688388, 18.5157161 ] } },
{ "type": "Feature", "properties": { "osm_id": 7651453340, "osm_type": "node", "amenity": "hospital", "name": "Matru Seva Hospital;Pacharne Hospital", "latitude": 18.516314, "longitude": 73.871996 }, "geometry": { "type": "Point", "coordinates": [ 73.871996, 18.516314 ] } },
{ "type": "Feature", "properties": { "osm_id": 7042939578, "osm_type": "node", "amenity": "hospital", "name": "Yashda Hospital", "latitude": 18.5168084, "longitude": 73.859535 }, "geometry": { "type": "Point", "coordinates": [ 73.859535, 18.5168084 ] } },
{ "type": "Feature", "properties": { "osm_id": 5664301, "osm_type": "relation", "amenity": "hospital", "name": "Seth Tarachand Hospital", "latitude": 18.5177546, "longitude": 73.8638844 }, "geometry": { "type": "Point", "coordinates": [ 73.8638844, 18.5177546 ] } },
{ "type": "Feature", "properties": { "osm_id": 10172977868, "osm_type": "node", "amenity": "hospital", "name": "Seth Tarachand Hospital", "latitude": 18.5177725, "longitude": 73.864031 }, "geometry": { "type": "Point", "coordinates": [ 73.864031, 18.5177725 ] } },
{ "type": "Feature", "properties": { "osm_id": 10172977869, "osm_type": "node", "amenity": "hospital", "name": "Shre Samarth Hospital", "latitude": 18.5180497, "longitude": 73.8658612 }, "geometry": { "type": "Point", "coordinates": [ 73.8658612, 18.5180497 ] } },
{ "type": "Feature", "properties": { "osm_id": 7049775522, "osm_type": "node", "amenity": "hospital", "name": "Shri Samarth Hospital", "latitude": 18.5180616, "longitude": 73.865867 }, "geometry": { "type": "Point", "coordinates": [ 73.865867, 18.5180616 ] } },
{ "type": "Feature", "properties": { "osm_id": 7068097000, "osm_type": "node", "amenity": "hospital", "name": "Dhanwantari Hospital", "latitude": 18.5194471, "longitude": 73.8658999 }, "geometry": { "type": "Point", "coordinates": [ 73.8658999, 18.5194471 ] } },
{ "type": "Feature", "properties": { "osm_id": 7076609422, "osm_type": "node", "amenity": "hospital", "name": "Samarth Hospital, Pune", "latitude": 18.5195234, "longitude": 73.862059 }, "geometry": { "type": "Point", "coordinates": [ 73.862059, 18.5195234 ] } },
{ "type": "Feature", "properties": { "osm_id": 7651453413, "osm_type": "node", "amenity": "hospital", "name": "KEM Hospital", "latitude": 18.5200596, "longitude": 73.8669776 }, "geometry": { "type": "Point", "coordinates": [ 73.8669776, 18.5200596 ] } },
{ "type": "Feature", "properties": { "osm_id": 215075307, "osm_type": "way", "amenity": "hospital", "name": "KEM Hospital", "latitude": 18.5202519, "longitude": 73.8671205 }, "geometry": { "type": "Point", "coordinates": [ 73.8671205, 18.5202519 ] } },
{ "type": "Feature", "properties": { "osm_id": 7651453368, "osm_type": "node", "amenity": "hospital", "name": "Kumbhare Hospital", "latitude": 18.5218011, "longitude": 73.8622355 }, "geometry": { "type": "Point", "coordinates": [ 73.8622355, 18.5218011 ] } },
{ "type": "Feature", "properties": { "osm_id": 7226727441, "osm_type": "node", "amenity": "hospital", "name": "Sasoon Hospital", "latitude": 18.521872, "longitude": 73.873118 }, "geometry": { "type": "Point", "coordinates": [ 73.873118, 18.521872 ] } },
{ "type": "Feature", "properties": { "osm_id": 10172977880, "osm_type": "node", "amenity": "hospital", "name": "Nityashraddha super speciality hospital", "latitude": 18.5278495, "longitude": 73.8760898 }, "geometry": { "type": "Point", "coordinates": [ 73.8760898, 18.5278495 ] } },
{ "type": "Feature", "properties": { "osm_id": 331500153, "osm_type": "way", "amenity": "hospital", "name": "Jehangir Hospital", "latitude": 18.5303811, "longitude": 73.8766572 }, "geometry": { "type": "Point", "coordinates": [ 73.8766572, 18.5303811 ] } },
{ "type": "Feature", "properties": { "osm_id": 7649461754, "osm_type": "node", "amenity": "hospital", "name": "N. M. Wadia Hospital", "latitude": 18.530716, "longitude": 73.876952 }, "geometry": { "type": "Point", "coordinates": [ 73.876952, 18.530716 ] } },
{ "type": "Feature", "properties": { "osm_id": 7073949908, "osm_type": "node", "amenity": "hospital", "name": "Nm Wadia Institute Of Cardiology", "latitude": 18.5307444, "longitude": 73.8771894 }, "geometry": { "type": "Point", "coordinates": [ 73.8771894, 18.5307444 ] } },
{ "type": "Feature", "properties": { "osm_id": 10172977881, "osm_type": "node", "amenity": "hospital", "name": "N. M. Wadia Institute of Cardiology", "latitude": 18.5307461, "longitude": 73.8771922 }, "geometry": { "type": "Point", "coordinates": [ 73.8771922, 18.5307461 ] } },
{ "type": "Feature", "properties": { "osm_id": 13780010174, "osm_type": "node", "amenity": "hospital", "name": "Healing Hands Clinic - Dhole Patil Road, Pune", "latitude": 18.5326434, "longitude": 73.8768846 }, "geometry": { "type": "Point", "coordinates": [ 73.8768846, 18.5326434 ] } },
{ "type": "Feature", "properties": { "osm_id": 13650019585, "osm_type": "node", "amenity": "hospital", "name": "Ruby hall hospital", "latitude": 18.5327335, "longitude": 73.8773676 }, "geometry": { "type": "Point", "coordinates": [ 73.8773676, 18.5327335 ] } },
{ "type": "Feature", "properties": { "osm_id": 10172977877, "osm_type": "node", "amenity": "hospital", "name": "Ruby Hall Clinic", "latitude": 18.5327841, "longitude": 73.8773654 }, "geometry": { "type": "Point", "coordinates": [ 73.8773654, 18.5327841 ] } },
{ "type": "Feature", "properties": { "osm_id": 9296005824, "osm_type": "node", "amenity": "hospital", "name": "Ruby Hall", "latitude": 18.5334658, "longitude": 73.8769727 }, "geometry": { "type": "Point", "coordinates": [ 73.8769727, 18.5334658 ] } },
{ "type": "Feature", "properties": { "osm_id": 10172977893, "osm_type": "node", "amenity": "hospital", "name": "Sadhu Vaswani Missions Medical Complex", "latitude": 18.5347719, "longitude": 73.8874441 }, "geometry": { "type": "Point", "coordinates": [ 73.8874441, 18.5347719 ] } },
{ "type": "Feature", "properties": { "osm_id": 11607884417, "osm_type": "node", "amenity": "hospital", "name": "Prism Dental and Medical Clinic", "latitude": 18.5233466, "longitude": 73.9333741 }, "geometry": { "type": "Point", "coordinates": [ 73.9333741, 18.5233466 ] } },
{ "type": "Feature", "properties": { "osm_id": 11527131195, "osm_type": "node", "amenity": "hospital", "name": "lonkar", "latitude": 18.5294468, "longitude": 73.9364213 }, "geometry": { "type": "Point", "coordinates": [ 73.9364213, 18.5294468 ] } },
{ "type": "Feature", "properties": { "osm_id": 1240654815, "osm_type": "way", "amenity": "hospital", "name": "lonkar", "latitude": 18.5295135, "longitude": 73.9363445 }, "geometry": { "type": "Point", "coordinates": [ 73.9363445, 18.5295135 ] } },
{ "type": "Feature", "properties": { "osm_id": 359791453, "osm_type": "way", "amenity": "hospital", "name": "Kodre Hospital", "latitude": 18.5317166, "longitude": 73.9378623 }, "geometry": { "type": "Point", "coordinates": [ 73.9378623, 18.5317166 ] } },
{ "type": "Feature", "properties": { "osm_id": 11145663294, "osm_type": "node", "amenity": "hospital", "name": "Pharmacy", "latitude": 18.5348935, "longitude": 73.9448236 }, "geometry": { "type": "Point", "coordinates": [ 73.9448236, 18.5348935 ] } },
{ "type": "Feature", "properties": { "osm_id": 7649461823, "osm_type": "node", "amenity": "hospital", "name": "Manipal Hospital, Pune", "latitude": 18.5409242, "longitude": 73.935679 }, "geometry": { "type": "Point", "coordinates": [ 73.935679, 18.5409242 ] } },
{ "type": "Feature", "properties": { "osm_id": 11690681156, "osm_type": "node", "amenity": "hospital", "name": "Sant Hospital", "latitude": 18.5426961, "longitude": 73.9244404 }, "geometry": { "type": "Point", "coordinates": [ 73.9244404, 18.5426961 ] } },
{ "type": "Feature", "properties": { "osm_id": 360306433, "osm_type": "way", "amenity": "hospital", "name": "Gold Rush Hospital", "latitude": 18.550131, "longitude": 73.9372606 }, "geometry": { "type": "Point", "coordinates": [ 73.9372606, 18.550131 ] } },
{ "type": "Feature", "properties": { "osm_id": 9215836851, "osm_type": "node", "amenity": "hospital", "name": "Shree laxmi Hospital", "latitude": 18.5503243, "longitude": 73.9372721 }, "geometry": { "type": "Point", "coordinates": [ 73.9372721, 18.5503243 ] } },
{ "type": "Feature", "properties": { "osm_id": 7649461792, "osm_type": "node", "amenity": "hospital", "name": "Shree Hospital", "latitude": 18.5515015, "longitude": 73.9411724 }, "geometry": { "type": "Point", "coordinates": [ 73.9411724, 18.5515015 ] } },
{ "type": "Feature", "properties": { "osm_id": 380417659, "osm_type": "way", "amenity": "hospital", "name": "Inlaks and Budhrani Hospital,Sadhu Vaswani Mission's Medical Complex", "latitude": 18.5350309, "longitude": 73.8873783 }, "geometry": { "type": "Point", "coordinates": [ 73.8873783, 18.5350309 ] } },
{ "type": "Feature", "properties": { "osm_id": 10172977882, "osm_type": "node", "amenity": "hospital", "name": "WEST VALLEY MULTISPECIALITY HOSPITAL PVT LTD", "latitude": 18.5351432, "longitude": 73.8765318 }, "geometry": { "type": "Point", "coordinates": [ 73.8765318, 18.5351432 ] } },
{ "type": "Feature", "properties": { "osm_id": 14122524750, "osm_type": "node", "amenity": "hospital", "name": "Dr. Rakhi K. Dutta", "latitude": 18.5354363, "longitude": 73.8875995 }, "geometry": { "type": "Point", "coordinates": [ 73.8875995, 18.5354363 ] } },
{ "type": "Feature", "properties": { "osm_id": 108099341, "osm_type": "way", "amenity": "hospital", "name": "Rajiv Gandhi Hospital", "latitude": 18.5455762, "longitude": 73.8837641 }, "geometry": { "type": "Point", "coordinates": [ 73.8837641, 18.5455762 ] } },
{ "type": "Feature", "properties": { "osm_id": 7073944656, "osm_type": "node", "amenity": "hospital", "name": "Kataria Hospital", "latitude": 18.5456309, "longitude": 73.8862083 }, "geometry": { "type": "Point", "coordinates": [ 73.8862083, 18.5456309 ] } },
{ "type": "Feature", "properties": { "osm_id": 7048504194, "osm_type": "node", "amenity": "hospital", "name": "Amit Hospital", "latitude": 18.5463494, "longitude": 73.8880362 }, "geometry": { "type": "Point", "coordinates": [ 73.8880362, 18.5463494 ] } },
{ "type": "Feature", "properties": { "osm_id": 7055817022, "osm_type": "node", "amenity": "hospital", "name": "Om Prasuti Graha", "latitude": 18.5470843, "longitude": 73.8885243 }, "geometry": { "type": "Point", "coordinates": [ 73.8885243, 18.5470843 ] } },
{ "type": "Feature", "properties": { "osm_id": 7070722452, "osm_type": "node", "amenity": "hospital", "name": "Shah Hospital", "latitude": 18.5486475, "longitude": 73.8893055 }, "geometry": { "type": "Point", "coordinates": [ 73.8893055, 18.5486475 ] } },
{ "type": "Feature", "properties": { "osm_id": 359811299, "osm_type": "way", "amenity": "hospital", "name": "Primus Diagnostics - MRI CT-SCAN CENTRE", "latitude": 18.5491881, "longitude": 73.8923574 }, "geometry": { "type": "Point", "coordinates": [ 73.8923574, 18.5491881 ] } },
{ "type": "Feature", "properties": { "osm_id": 7649461745, "osm_type": "node", "amenity": "hospital", "name": "Petals Hospital", "latitude": 18.5492968, "longitude": 73.8888427 }, "geometry": { "type": "Point", "coordinates": [ 73.8888427, 18.5492968 ] } },
{ "type": "Feature", "properties": { "osm_id": 7072671011, "osm_type": "node", "amenity": "hospital", "name": "Talesara Hospital", "latitude": 18.5498719, "longitude": 73.8887711 }, "geometry": { "type": "Point", "coordinates": [ 73.8887711, 18.5498719 ] } },
{ "type": "Feature", "properties": { "osm_id": 7213470815, "osm_type": "node", "amenity": "hospital", "name": "Shree Hospital", "latitude": 18.5533588, "longitude": 73.8989792 }, "geometry": { "type": "Point", "coordinates": [ 73.8989792, 18.5533588 ] } },
{ "type": "Feature", "properties": { "osm_id": 7213492164, "osm_type": "node", "amenity": "hospital", "name": "Neney's Hospital", "latitude": 18.5536181, "longitude": 73.899622 }, "geometry": { "type": "Point", "coordinates": [ 73.899622, 18.5536181 ] } },
{ "type": "Feature", "properties": { "osm_id": 13619854841, "osm_type": "node", "amenity": "hospital", "name": "Neneys Hospital", "latitude": 18.5536432, "longitude": 73.8996255 }, "geometry": { "type": "Point", "coordinates": [ 73.8996255, 18.5536432 ] } },
{ "type": "Feature", "properties": { "osm_id": 13624835600, "osm_type": "node", "amenity": "hospital", "name": "Shree Hospital", "latitude": 18.5536613, "longitude": 73.8992356 }, "geometry": { "type": "Point", "coordinates": [ 73.8992356, 18.5536613 ] } },
{ "type": "Feature", "properties": { "osm_id": 7213421048, "osm_type": "node", "amenity": "hospital", "name": "Sahyadri Super Speciality Hospital", "latitude": 18.5543086, "longitude": 73.8971383 }, "geometry": { "type": "Point", "coordinates": [ 73.8971383, 18.5543086 ] } },
{ "type": "Feature", "properties": { "osm_id": 7213437174, "osm_type": "node", "amenity": "hospital", "name": "Freedom Fighter Gangaram Karne Hospital", "latitude": 18.5565024, "longitude": 73.8972835 }, "geometry": { "type": "Point", "coordinates": [ 73.8972835, 18.5565024 ] } },
{ "type": "Feature", "properties": { "osm_id": 7063909902, "osm_type": "node", "amenity": "hospital", "name": "Jeewan Jyot Multispeciality Medical Care Center", "latitude": 18.5569451, "longitude": 73.9074788 }, "geometry": { "type": "Point", "coordinates": [ 73.9074788, 18.5569451 ] } },
{ "type": "Feature", "properties": { "osm_id": 7213418416, "osm_type": "node", "amenity": "hospital", "name": "Aditya Eye Hospital & Lasik Centre", "latitude": 18.560232, "longitude": 73.8953506 }, "geometry": { "type": "Point", "coordinates": [ 73.8953506, 18.560232 ] } },
{ "type": "Feature", "properties": { "osm_id": 7226727387, "osm_type": "node", "amenity": "hospital", "name": "PMC Sangamnerkar Hospital (N. G. O.)", "latitude": 18.561134, "longitude": 73.921412 }, "geometry": { "type": "Point", "coordinates": [ 73.921412, 18.561134 ] } },
{ "type": "Feature", "properties": { "osm_id": 7070859090, "osm_type": "node", "amenity": "hospital", "name": "Prathmesh Hospital", "latitude": 18.5518547, "longitude": 73.9368054 }, "geometry": { "type": "Point", "coordinates": [ 73.9368054, 18.5518547 ] } },
{ "type": "Feature", "properties": { "osm_id": 11935053307, "osm_type": "node", "amenity": "hospital", "name": "PMC Health Center", "latitude": 18.5524886, "longitude": 73.9371731 }, "geometry": { "type": "Point", "coordinates": [ 73.9371731, 18.5524886 ] } },
{ "type": "Feature", "properties": { "osm_id": 7649461732, "osm_type": "node", "amenity": "hospital", "name": "Goodwill Icon Hospital", "latitude": 18.5537182, "longitude": 73.9395977 }, "geometry": { "type": "Point", "coordinates": [ 73.9395977, 18.5537182 ] } },
{ "type": "Feature", "properties": { "osm_id": 8813801075, "osm_type": "node", "amenity": "hospital", "name": "Rising Medicare Hospital", "latitude": 18.5537402, "longitude": 73.9393307 }, "geometry": { "type": "Point", "coordinates": [ 73.9393307, 18.5537402 ] } },
{ "type": "Feature", "properties": { "osm_id": 10219080692, "osm_type": "node", "amenity": "hospital", "name": "hospital26", "latitude": 18.5583938, "longitude": 73.9309874 }, "geometry": { "type": "Point", "coordinates": [ 73.9309874, 18.5583938 ] } },
{ "type": "Feature", "properties": { "osm_id": 7049213871, "osm_type": "node", "amenity": "hospital", "name": "Salunke Hospital", "latitude": 18.5585931, "longitude": 73.9273694 }, "geometry": { "type": "Point", "coordinates": [ 73.9273694, 18.5585931 ] } },
{ "type": "Feature", "properties": { "osm_id": 7050478360, "osm_type": "node", "amenity": "hospital", "name": "Agarwal Maternity and General Hospital", "latitude": 18.5588804, "longitude": 73.931217 }, "geometry": { "type": "Point", "coordinates": [ 73.931217, 18.5588804 ] } },
{ "type": "Feature", "properties": { "osm_id": 7046858056, "osm_type": "node", "amenity": "hospital", "name": "Medipoint Hospital", "latitude": 18.5623861, "longitude": 73.933849 }, "geometry": { "type": "Point", "coordinates": [ 73.933849, 18.5623861 ] } },
{ "type": "Feature", "properties": { "osm_id": 7063805569, "osm_type": "node", "amenity": "hospital", "name": "K. K. Hospital - Pune", "latitude": 18.5626296, "longitude": 73.9381478 }, "geometry": { "type": "Point", "coordinates": [ 73.9381478, 18.5626296 ] } },
{ "type": "Feature", "properties": { "osm_id": 7051070000, "osm_type": "node", "amenity": "hospital", "name": "Kohakade Hospital", "latitude": 18.5628578, "longitude": 73.9320606 }, "geometry": { "type": "Point", "coordinates": [ 73.9320606, 18.5628578 ] } },
{ "type": "Feature", "properties": { "osm_id": 7213397284, "osm_type": "node", "amenity": "hospital", "name": "Inaam General Hospital", "latitude": 18.5618595, "longitude": 73.892592 }, "geometry": { "type": "Point", "coordinates": [ 73.892592, 18.5618595 ] } },
{ "type": "Feature", "properties": { "osm_id": 7213442686, "osm_type": "node", "amenity": "hospital", "name": "Chatrapati Shivray Hospital Pune", "latitude": 18.5623853, "longitude": 73.8965795 }, "geometry": { "type": "Point", "coordinates": [ 73.8965795, 18.5623853 ] } },
{ "type": "Feature", "properties": { "osm_id": 7213434440, "osm_type": "node", "amenity": "hospital", "name": "Rutu Anand Hospital", "latitude": 18.56295, "longitude": 73.8942307 }, "geometry": { "type": "Point", "coordinates": [ 73.8942307, 18.56295 ] } },
{ "type": "Feature", "properties": { "osm_id": 12942088174, "osm_type": "node", "amenity": "hospital", "name": "Dr. Bhupeshkumar Kaware", "latitude": 18.563916, "longitude": 73.9186177 }, "geometry": { "type": "Point", "coordinates": [ 73.9186177, 18.563916 ] } },
{ "type": "Feature", "properties": { "osm_id": 10172914044, "osm_type": "node", "amenity": "hospital", "name": "apollo clinic", "latitude": 18.5644671, "longitude": 73.9139265 }, "geometry": { "type": "Point", "coordinates": [ 73.9139265, 18.5644671 ] } },
{ "type": "Feature", "properties": { "osm_id": 7649461810, "osm_type": "node", "amenity": "hospital", "name": "Vinayak Hospital", "latitude": 18.5684211, "longitude": 73.8797365 }, "geometry": { "type": "Point", "coordinates": [ 73.8797365, 18.5684211 ] } },
{ "type": "Feature", "properties": { "osm_id": 7081375496, "osm_type": "node", "amenity": "hospital", "name": "Serene Hospital Pvt Ltd", "latitude": 18.5697941, "longitude": 73.8818973 }, "geometry": { "type": "Point", "coordinates": [ 73.8818973, 18.5697941 ] } },
{ "type": "Feature", "properties": { "osm_id": 7649461783, "osm_type": "node", "amenity": "hospital", "name": "Serene Hospital", "latitude": 18.569842, "longitude": 73.8823303 }, "geometry": { "type": "Point", "coordinates": [ 73.8823303, 18.569842 ] } },
{ "type": "Feature", "properties": { "osm_id": 359746914, "osm_type": "way", "amenity": "hospital", "name": "Unnamed", "latitude": 18.5725172, "longitude": 73.8775563 }, "geometry": { "type": "Point", "coordinates": [ 73.8775563, 18.5725172 ] } },
{ "type": "Feature", "properties": { "osm_id": 7649461805, "osm_type": "node", "amenity": "hospital", "name": "Kasturba General Hospital", "latitude": 18.5725401, "longitude": 73.8815063 }, "geometry": { "type": "Point", "coordinates": [ 73.8815063, 18.5725401 ] } },
{ "type": "Feature", "properties": { "osm_id": 7043001890, "osm_type": "node", "amenity": "hospital", "name": "Rakshak Hospital, Pune", "latitude": 18.5628712, "longitude": 73.9377429 }, "geometry": { "type": "Point", "coordinates": [ 73.9377429, 18.5628712 ] } },
{ "type": "Feature", "properties": { "osm_id": 9215613545, "osm_type": "node", "amenity": "hospital", "name": "Thite Multispeciality Hospital", "latitude": 18.5629303, "longitude": 73.9400147 }, "geometry": { "type": "Point", "coordinates": [ 73.9400147, 18.5629303 ] } },
{ "type": "Feature", "properties": { "osm_id": 10219216827, "osm_type": "node", "amenity": "hospital", "name": "Unnamed", "latitude": 18.5644662, "longitude": 73.9627028 }, "geometry": { "type": "Point", "coordinates": [ 73.9627028, 18.5644662 ] } },
{ "type": "Feature", "properties": { "osm_id": 10219216826, "osm_type": "node", "amenity": "hospital", "name": "Unnamed", "latitude": 18.5651782, "longitude": 73.9581752 }, "geometry": { "type": "Point", "coordinates": [ 73.9581752, 18.5651782 ] } },
{ "type": "Feature", "properties": { "osm_id": 10219216828, "osm_type": "node", "amenity": "hospital", "name": "Unnamed", "latitude": 18.5655036, "longitude": 73.9468456 }, "geometry": { "type": "Point", "coordinates": [ 73.9468456, 18.5655036 ] } },
{ "type": "Feature", "properties": { "osm_id": 10219216823, "osm_type": "node", "amenity": "hospital", "name": "Unnamed", "latitude": 18.567375, "longitude": 73.9569307 }, "geometry": { "type": "Point", "coordinates": [ 73.9569307, 18.567375 ] } },
{ "type": "Feature", "properties": { "osm_id": 10219216824, "osm_type": "node", "amenity": "hospital", "name": "Unnamed", "latitude": 18.5715041, "longitude": 73.9578748 }, "geometry": { "type": "Point", "coordinates": [ 73.9578748, 18.5715041 ] } },
{ "type": "Feature", "properties": { "osm_id": 10219216825, "osm_type": "node", "amenity": "hospital", "name": "Unnamed", "latitude": 18.5717686, "longitude": 73.9559436 }, "geometry": { "type": "Point", "coordinates": [ 73.9559436, 18.5717686 ] } },
{ "type": "Feature", "properties": { "osm_id": 10219216817, "osm_type": "node", "amenity": "hospital", "name": "Unnamed", "latitude": 18.5732671, "longitude": 73.975321 }, "geometry": { "type": "Point", "coordinates": [ 73.975321, 18.5732671 ] } },
{ "type": "Feature", "properties": { "osm_id": 10219198238, "osm_type": "node", "amenity": "hospital", "name": "Siddheswar Hospitals", "latitude": 18.5733714, "longitude": 73.9557181 }, "geometry": { "type": "Point", "coordinates": [ 73.9557181, 18.5733714 ] } },
{ "type": "Feature", "properties": { "osm_id": 7226727307, "osm_type": "node", "amenity": "hospital", "name": "Rural Hospital, Nhavare", "latitude": 18.661899, "longitude": 74.3718586 }, "geometry": { "type": "Point", "coordinates": [ 74.3718586, 18.661899 ] } },
{ "type": "Feature", "properties": { "osm_id": 869784184, "osm_type": "way", "amenity": "hospital", "name": "Unnamed", "latitude": 18.6621102, "longitude": 74.3719244 }, "geometry": { "type": "Point", "coordinates": [ 74.3719244, 18.6621102 ] } },
{ "type": "Feature", "properties": { "osm_id": 7051070011, "osm_type": "node", "amenity": "hospital", "name": "Shrikrishna Hospital, Pune", "latitude": 18.6683744, "longitude": 74.1473193 }, "geometry": { "type": "Point", "coordinates": [ 74.1473193, 18.6683744 ] } },
{ "type": "Feature", "properties": { "osm_id": 7049415223, "osm_type": "node", "amenity": "hospital", "name": "Dhamdhere Hospital", "latitude": 18.6701214, "longitude": 74.1014448 }, "geometry": { "type": "Point", "coordinates": [ 74.1014448, 18.6701214 ] } },
{ "type": "Feature", "properties": { "osm_id": 7050138276, "osm_type": "node", "amenity": "hospital", "name": "Bhakti Hospital", "latitude": 18.6713182, "longitude": 74.1036053 }, "geometry": { "type": "Point", "coordinates": [ 74.1036053, 18.6713182 ] } },
{ "type": "Feature", "properties": { "osm_id": 7226727348, "osm_type": "node", "amenity": "hospital", "name": "Rural Hospital, Shikrapur", "latitude": 18.6900735, "longitude": 74.1397732 }, "geometry": { "type": "Point", "coordinates": [ 74.1397732, 18.6900735 ] } },
{ "type": "Feature", "properties": { "osm_id": 8814221505, "osm_type": "node", "amenity": "hospital", "name": "Maulinath Multispeciality Hospital", "latitude": 18.6918512, "longitude": 74.1323398 }, "geometry": { "type": "Point", "coordinates": [ 74.1323398, 18.6918512 ] } },
{ "type": "Feature", "properties": { "osm_id": 13992021701, "osm_type": "node", "amenity": "hospital", "name": "Dr. Wavhal's Children Hospital & Dr. Suman's Maternity Home", "latitude": 18.6938226, "longitude": 74.1392833 }, "geometry": { "type": "Point", "coordinates": [ 74.1392833, 18.6938226 ] } },
{ "type": "Feature", "properties": { "osm_id": 8813697799, "osm_type": "node", "amenity": "hospital", "name": "Langhe Hospital ,Shikrapur", "latitude": 18.6941035, "longitude": 74.1394302 }, "geometry": { "type": "Point", "coordinates": [ 74.1394302, 18.6941035 ] } },
{ "type": "Feature", "properties": { "osm_id": 7047933155, "osm_type": "node", "amenity": "hospital", "name": "Anmol Jeevan Hospital", "latitude": 18.6953408, "longitude": 74.1389354 }, "geometry": { "type": "Point", "coordinates": [ 74.1389354, 18.6953408 ] } },
{ "type": "Feature", "properties": { "osm_id": 7073923896, "osm_type": "node", "amenity": "hospital", "name": "Om General Hospital and Maternity Home", "latitude": 18.4762765, "longitude": 74.3785505 }, "geometry": { "type": "Point", "coordinates": [ 74.3785505, 18.4762765 ] } },
{ "type": "Feature", "properties": { "osm_id": 7054215742, "osm_type": "node", "amenity": "hospital", "name": "Mulay Hospital and Maternity Home", "latitude": 18.8251251, "longitude": 74.3775011 }, "geometry": { "type": "Point", "coordinates": [ 74.3775011, 18.8251251 ] } },
{ "type": "Feature", "properties": { "osm_id": 7049672825, "osm_type": "node", "amenity": "hospital", "name": "Harde Hospital and Maternity Home", "latitude": 18.826192, "longitude": 74.378401 }, "geometry": { "type": "Point", "coordinates": [ 74.378401, 18.826192 ] } },
{ "type": "Feature", "properties": { "osm_id": 7649461820, "osm_type": "node", "amenity": "hospital", "name": "Mauli Lahan Mulanche Hospital", "latitude": 18.696125, "longitude": 74.139691 }, "geometry": { "type": "Point", "coordinates": [ 74.139691, 18.696125 ] } },
{ "type": "Feature", "properties": { "osm_id": 7043724865, "osm_type": "node", "amenity": "hospital", "name": "Jijamata Hospital, Pune", "latitude": 18.6961373, "longitude": 74.1388334 }, "geometry": { "type": "Point", "coordinates": [ 74.1388334, 18.6961373 ] } },
{ "type": "Feature", "properties": { "osm_id": 8422532155, "osm_type": "node", "amenity": "hospital", "name": "Rakshak Hospital", "latitude": 18.6971813, "longitude": 74.1397945 }, "geometry": { "type": "Point", "coordinates": [ 74.1397945, 18.6971813 ] } },
{ "type": "Feature", "properties": { "osm_id": 7069813996, "osm_type": "node", "amenity": "hospital", "name": "Surya Hospital, Shikrapur", "latitude": 18.6977634, "longitude": 74.141289 }, "geometry": { "type": "Point", "coordinates": [ 74.141289, 18.6977634 ] } },
{ "type": "Feature", "properties": { "osm_id": 1534206097, "osm_type": "way", "amenity": "hospital", "name": "Unnamed", "latitude": 18.7062376, "longitude": 74.1391915 }, "geometry": { "type": "Point", "coordinates": [ 74.1391915, 18.7062376 ] } },
{ "type": "Feature", "properties": { "osm_id": 7050135506, "osm_type": "node", "amenity": "hospital", "name": "Narwade Hospital", "latitude": 18.753244, "longitude": 74.2406267 }, "geometry": { "type": "Point", "coordinates": [ 74.2406267, 18.753244 ] } },
{ "type": "Feature", "properties": { "osm_id": 7049118700, "osm_type": "node", "amenity": "hospital", "name": "Vighnaharta Multispeciality Hospital", "latitude": 18.818278, "longitude": 74.3715996 }, "geometry": { "type": "Point", "coordinates": [ 74.3715996, 18.818278 ] } },
{ "type": "Feature", "properties": { "osm_id": 5149307555, "osm_type": "node", "amenity": "hospital", "name": "Walunj Hospital", "latitude": 18.8250552, "longitude": 74.375742 }, "geometry": { "type": "Point", "coordinates": [ 74.375742, 18.8250552 ] } },
{ "type": "Feature", "properties": { "osm_id": 10699280077, "osm_type": "node", "amenity": "hospital", "name": "Arun Hospital", "latitude": 18.8253312, "longitude": 74.3751196 }, "geometry": { "type": "Point", "coordinates": [ 74.3751196, 18.8253312 ] } },
{ "type": "Feature", "properties": { "osm_id": 7226727301, "osm_type": "node", "amenity": "hospital", "name": "Rural Hospital, Shirur", "latitude": 18.825503, "longitude": 74.373057 }, "geometry": { "type": "Point", "coordinates": [ 74.373057, 18.825503 ] } },
{ "type": "Feature", "properties": { "osm_id": 7055478555, "osm_type": "node", "amenity": "hospital", "name": "Matoshree Madanbai Dhariwal Hospital", "latitude": 18.8256779, "longitude": 74.3746613 }, "geometry": { "type": "Point", "coordinates": [ 74.3746613, 18.8256779 ] } },
{ "type": "Feature", "properties": { "osm_id": 7054454413, "osm_type": "node", "amenity": "hospital", "name": "Matruchhaya Hospital", "latitude": 18.8263872, "longitude": 74.3731733 }, "geometry": { "type": "Point", "coordinates": [ 74.3731733, 18.8263872 ] } },
{ "type": "Feature", "properties": { "osm_id": 7049383833, "osm_type": "node", "amenity": "hospital", "name": "Aditya Hospital, Pune", "latitude": 18.826674, "longitude": 74.3755333 }, "geometry": { "type": "Point", "coordinates": [ 74.3755333, 18.826674 ] } },
{ "type": "Feature", "properties": { "osm_id": 5149333481, "osm_type": "node", "amenity": "hospital", "name": "Shri Hospital", "latitude": 18.8267842, "longitude": 74.371174 }, "geometry": { "type": "Point", "coordinates": [ 74.371174, 18.8267842 ] } },
{ "type": "Feature", "properties": { "osm_id": 7050150010, "osm_type": "node", "amenity": "hospital", "name": "Dr. Konde Hospital", "latitude": 18.8281322, "longitude": 74.3702866 }, "geometry": { "type": "Point", "coordinates": [ 74.3702866, 18.8281322 ] } },
{ "type": "Feature", "properties": { "osm_id": 7087131469, "osm_type": "node", "amenity": "hospital", "name": "Langhe Hospital", "latitude": 18.8293266, "longitude": 74.1361526 }, "geometry": { "type": "Point", "coordinates": [ 74.1361526, 18.8293266 ] } },
{ "type": "Feature", "properties": { "osm_id": 7085732096, "osm_type": "node", "amenity": "hospital", "name": "Bhosale Hospital", "latitude": 18.8920708, "longitude": 74.0816595 }, "geometry": { "type": "Point", "coordinates": [ 74.0816595, 18.8920708 ] } },
{ "type": "Feature", "properties": { "osm_id": 10219198242, "osm_type": "node", "amenity": "hospital", "name": "Siddheswar Hospital", "latitude": 18.5733934, "longitude": 73.9557641 }, "geometry": { "type": "Point", "coordinates": [ 73.9557641, 18.5733934 ] } },
{ "type": "Feature", "properties": { "osm_id": 10219159615, "osm_type": "node", "amenity": "hospital", "name": "Unnamed", "latitude": 18.5738773, "longitude": 73.9652574 }, "geometry": { "type": "Point", "coordinates": [ 73.9652574, 18.5738773 ] } },
{ "type": "Feature", "properties": { "osm_id": 10219198244, "osm_type": "node", "amenity": "hospital", "name": "Care Hospitals", "latitude": 18.5748089, "longitude": 73.961192 }, "geometry": { "type": "Point", "coordinates": [ 73.961192, 18.5748089 ] } },
{ "type": "Feature", "properties": { "osm_id": 10219198237, "osm_type": "node", "amenity": "hospital", "name": "Morya Hospitals", "latitude": 18.5748109, "longitude": 73.9618613 }, "geometry": { "type": "Point", "coordinates": [ 73.9618613, 18.5748109 ] } },
{ "type": "Feature", "properties": { "osm_id": 10219230638, "osm_type": "node", "amenity": "hospital", "name": "Morya Hospitals", "latitude": 18.5748601, "longitude": 73.9618107 }, "geometry": { "type": "Point", "coordinates": [ 73.9618107, 18.5748601 ] } },
{ "type": "Feature", "properties": { "osm_id": 14094165501, "osm_type": "node", "amenity": "hospital", "name": "Care Multispceciality Hospital", "latitude": 18.5755245, "longitude": 73.9770797 }, "geometry": { "type": "Point", "coordinates": [ 73.9770797, 18.5755245 ] } },
{ "type": "Feature", "properties": { "osm_id": 14094165101, "osm_type": "node", "amenity": "hospital", "name": "Care Multispceciality Hospital", "latitude": 18.5755245, "longitude": 73.9770797 }, "geometry": { "type": "Point", "coordinates": [ 73.9770797, 18.5755245 ] } },
{ "type": "Feature", "properties": { "osm_id": 10219159616, "osm_type": "node", "amenity": "hospital", "name": "shree shidhi hospital", "latitude": 18.5755248, "longitude": 73.9600792 }, "geometry": { "type": "Point", "coordinates": [ 73.9600792, 18.5755248 ] } },
{ "type": "Feature", "properties": { "osm_id": 10219230629, "osm_type": "node", "amenity": "hospital", "name": "Medinova Hospitals", "latitude": 18.5762624, "longitude": 73.9634374 }, "geometry": { "type": "Point", "coordinates": [ 73.9634374, 18.5762624 ] } },
{ "type": "Feature", "properties": { "osm_id": 10219198239, "osm_type": "node", "amenity": "hospital", "name": "Medinova Hospital", "latitude": 18.5762741, "longitude": 73.9634679 }, "geometry": { "type": "Point", "coordinates": [ 73.9634679, 18.5762741 ] } },
{ "type": "Feature", "properties": { "osm_id": 10219123481, "osm_type": "node", "amenity": "hospital", "name": "HOSPITAL 9", "latitude": 18.5795587, "longitude": 73.9876243 }, "geometry": { "type": "Point", "coordinates": [ 73.9876243, 18.5795587 ] } },
{ "type": "Feature", "properties": { "osm_id": 10219240235, "osm_type": "node", "amenity": "hospital", "name": "Unnamed", "latitude": 18.579814, "longitude": 73.9829543 }, "geometry": { "type": "Point", "coordinates": [ 73.9829543, 18.579814 ] } },
{ "type": "Feature", "properties": { "osm_id": 10219240234, "osm_type": "node", "amenity": "hospital", "name": "Unnamed", "latitude": 18.5798816, "longitude": 73.9828739 }, "geometry": { "type": "Point", "coordinates": [ 73.9828739, 18.5798816 ] } },
{ "type": "Feature", "properties": { "osm_id": 10219123478, "osm_type": "node", "amenity": "hospital", "name": "PHC", "latitude": 18.5799148, "longitude": 73.9827951 }, "geometry": { "type": "Point", "coordinates": [ 73.9827951, 18.5799148 ] } },
{ "type": "Feature", "properties": { "osm_id": 10219240233, "osm_type": "node", "amenity": "hospital", "name": "Unnamed", "latitude": 18.5799266, "longitude": 73.9827946 }, "geometry": { "type": "Point", "coordinates": [ 73.9827946, 18.5799266 ] } },
{ "type": "Feature", "properties": { "osm_id": 10219198227, "osm_type": "node", "amenity": "hospital", "name": "Public health Care Wagoli", "latitude": 18.5799268, "longitude": 73.982826 }, "geometry": { "type": "Point", "coordinates": [ 73.982826, 18.5799268 ] } },
{ "type": "Feature", "properties": { "osm_id": 10219240232, "osm_type": "node", "amenity": "hospital", "name": "Unnamed", "latitude": 18.5799659, "longitude": 73.9828262 }, "geometry": { "type": "Point", "coordinates": [ 73.9828262, 18.5799659 ] } },
{ "type": "Feature", "properties": { "osm_id": 10219230632, "osm_type": "node", "amenity": "hospital", "name": "Shinde Hospitals", "latitude": 18.580056, "longitude": 73.9815296 }, "geometry": { "type": "Point", "coordinates": [ 73.9815296, 18.580056 ] } },
{ "type": "Feature", "properties": { "osm_id": 10219198235, "osm_type": "node", "amenity": "hospital", "name": "Shinde Hospitals", "latitude": 18.5801148, "longitude": 73.9815294 }, "geometry": { "type": "Point", "coordinates": [ 73.9815294, 18.5801148 ] } },
{ "type": "Feature", "properties": { "osm_id": 10219230642, "osm_type": "node", "amenity": "hospital", "name": "Shinde hospitals", "latitude": 18.5801484, "longitude": 73.9814572 }, "geometry": { "type": "Point", "coordinates": [ 73.9814572, 18.5801484 ] } },
{ "type": "Feature", "properties": { "osm_id": 10219240231, "osm_type": "node", "amenity": "hospital", "name": "Unnamed", "latitude": 18.5801722, "longitude": 73.9830935 }, "geometry": { "type": "Point", "coordinates": [ 73.9830935, 18.5801722 ] } },
{ "type": "Feature", "properties": { "osm_id": 10219230635, "osm_type": "node", "amenity": "hospital", "name": "Rainbow Hospitals", "latitude": 18.5803943, "longitude": 73.9899857 }, "geometry": { "type": "Point", "coordinates": [ 73.9899857, 18.5803943 ] } },
{ "type": "Feature", "properties": { "osm_id": 10219230637, "osm_type": "node", "amenity": "hospital", "name": "Unity Hospitals", "latitude": 18.5807427, "longitude": 73.988689 }, "geometry": { "type": "Point", "coordinates": [ 73.988689, 18.5807427 ] } },
{ "type": "Feature", "properties": { "osm_id": 10219230641, "osm_type": "node", "amenity": "hospital", "name": "Metro Hospitals", "latitude": 18.580852, "longitude": 73.9821671 }, "geometry": { "type": "Point", "coordinates": [ 73.9821671, 18.580852 ] } },
{ "type": "Feature", "properties": { "osm_id": 10219159611, "osm_type": "node", "amenity": "hospital", "name": "Unnamed", "latitude": 18.5813104, "longitude": 73.9913616 }, "geometry": { "type": "Point", "coordinates": [ 73.9913616, 18.5813104 ] } },
{ "type": "Feature", "properties": { "osm_id": 10219230627, "osm_type": "node", "amenity": "hospital", "name": "Care Hospital", "latitude": 18.5813193, "longitude": 73.9851071 }, "geometry": { "type": "Point", "coordinates": [ 73.9851071, 18.5813193 ] } },
{ "type": "Feature", "properties": { "osm_id": 10219198228, "osm_type": "node", "amenity": "hospital", "name": "care hospital", "latitude": 18.581348, "longitude": 73.9851155 }, "geometry": { "type": "Point", "coordinates": [ 73.9851155, 18.581348 ] } },
{ "type": "Feature", "properties": { "osm_id": 10219240225, "osm_type": "node", "amenity": "hospital", "name": "Unnamed", "latitude": 18.5813557, "longitude": 73.9851683 }, "geometry": { "type": "Point", "coordinates": [ 73.9851683, 18.5813557 ] } },
{ "type": "Feature", "properties": { "osm_id": 10219159608, "osm_type": "node", "amenity": "hospital", "name": "Unnamed", "latitude": 18.5813689, "longitude": 73.9831702 }, "geometry": { "type": "Point", "coordinates": [ 73.9831702, 18.5813689 ] } },
{ "type": "Feature", "properties": { "osm_id": 10219240226, "osm_type": "node", "amenity": "hospital", "name": "Unnamed", "latitude": 18.5813711, "longitude": 73.9851159 }, "geometry": { "type": "Point", "coordinates": [ 73.9851159, 18.5813711 ] } },
{ "type": "Feature", "properties": { "osm_id": 7055062380, "osm_type": "node", "amenity": "hospital", "name": "Vinod Memorial Multispeciality Hospital", "latitude": 18.5732119, "longitude": 73.8774723 }, "geometry": { "type": "Point", "coordinates": [ 73.8774723, 18.5732119 ] } },
{ "type": "Feature", "properties": { "osm_id": 10755920583, "osm_type": "node", "amenity": "hospital", "name": "White Shine Multispeciality Dental Clinic", "latitude": 18.5755375, "longitude": 73.9069211 }, "geometry": { "type": "Point", "coordinates": [ 73.9069211, 18.5755375 ] } },
{ "type": "Feature", "properties": { "osm_id": 7226727390, "osm_type": "node", "amenity": "hospital", "name": "Chris Rock Edward Paul Hospital", "latitude": 18.5770661, "longitude": 73.8990724 }, "geometry": { "type": "Point", "coordinates": [ 73.8990724, 18.5770661 ] } },
{ "type": "Feature", "properties": { "osm_id": 8552556595, "osm_type": "node", "amenity": "hospital", "name": "Karan Hospital", "latitude": 18.5836745, "longitude": 73.8846483 }, "geometry": { "type": "Point", "coordinates": [ 73.8846483, 18.5836745 ] } },
{ "type": "Feature", "properties": { "osm_id": 13380447645, "osm_type": "node", "amenity": "hospital", "name": "Unnamed", "latitude": 18.587546, "longitude": 73.8870768 }, "geometry": { "type": "Point", "coordinates": [ 73.8870768, 18.587546 ] } },
{ "type": "Feature", "properties": { "osm_id": 10569716766, "osm_type": "node", "amenity": "hospital", "name": "Vaibhav Nursing Home", "latitude": 18.5875992, "longitude": 73.8871753 }, "geometry": { "type": "Point", "coordinates": [ 73.8871753, 18.5875992 ] } },
{ "type": "Feature", "properties": { "osm_id": 7466371303, "osm_type": "node", "amenity": "hospital", "name": "CT Nursing Home", "latitude": 18.596865, "longitude": 73.9001514 }, "geometry": { "type": "Point", "coordinates": [ 73.9001514, 18.596865 ] } },
{ "type": "Feature", "properties": { "osm_id": 9198957609, "osm_type": "node", "amenity": "hospital", "name": "Om Childrens Clinic", "latitude": 18.597536, "longitude": 73.9088733 }, "geometry": { "type": "Point", "coordinates": [ 73.9088733, 18.597536 ] } },
{ "type": "Feature", "properties": { "osm_id": 7466308062, "osm_type": "node", "amenity": "hospital", "name": "Dr Bhore's Mother & Child Clinic", "latitude": 18.5977182, "longitude": 73.9028326 }, "geometry": { "type": "Point", "coordinates": [ 73.9028326, 18.5977182 ] } },
{ "type": "Feature", "properties": { "osm_id": 9168965822, "osm_type": "node", "amenity": "hospital", "name": "Sai Shradha Health Care Centre", "latitude": 18.6001094, "longitude": 73.9096618 }, "geometry": { "type": "Point", "coordinates": [ 73.9096618, 18.6001094 ] } },
{ "type": "Feature", "properties": { "osm_id": 7072638950, "osm_type": "node", "amenity": "hospital", "name": "Pune City Eye Hospital", "latitude": 18.5298629, "longitude": 73.8760869 }, "geometry": { "type": "Point", "coordinates": [ 73.8760869, 18.5298629 ] } },
{ "type": "Feature", "properties": { "osm_id": 380417662, "osm_type": "way", "amenity": "hospital", "name": "Naydu Rugnalay", "latitude": 18.5313529, "longitude": 73.8690231 }, "geometry": { "type": "Point", "coordinates": [ 73.8690231, 18.5313529 ] } },
{ "type": "Feature", "properties": { "osm_id": 1412791747, "osm_type": "way", "amenity": "hospital", "name": "Asian Eye Hospital", "latitude": 18.5315759, "longitude": 73.8758238 }, "geometry": { "type": "Point", "coordinates": [ 73.8758238, 18.5315759 ] } },
{ "type": "Feature", "properties": { "osm_id": 10724999583, "osm_type": "node", "amenity": "hospital", "name": "Unnamed", "latitude": 18.5498595, "longitude": 73.8720836 }, "geometry": { "type": "Point", "coordinates": [ 73.8720836, 18.5498595 ] } },
{ "type": "Feature", "properties": { "osm_id": 987620707, "osm_type": "way", "amenity": "hospital", "name": "Ruby Hospital", "latitude": 18.5899062, "longitude": 73.863388 }, "geometry": { "type": "Point", "coordinates": [ 73.863388, 18.5899062 ] } },
{ "type": "Feature", "properties": { "osm_id": 7079665725, "osm_type": "node", "amenity": "hospital", "name": "Om Hospital, Pune", "latitude": 18.6167297, "longitude": 73.8737755 }, "geometry": { "type": "Point", "coordinates": [ 73.8737755, 18.6167297 ] } },
{ "type": "Feature", "properties": { "osm_id": 7047919868, "osm_type": "node", "amenity": "hospital", "name": "Rode Hospital", "latitude": 18.6186748, "longitude": 73.8699487 }, "geometry": { "type": "Point", "coordinates": [ 73.8699487, 18.6186748 ] } },
{ "type": "Feature", "properties": { "osm_id": 6992015092, "osm_type": "node", "amenity": "hospital", "name": "Shwas Multispeciality Hospital", "latitude": 18.7463443, "longitude": 73.8601147 }, "geometry": { "type": "Point", "coordinates": [ 73.8601147, 18.7463443 ] } },
{ "type": "Feature", "properties": { "osm_id": 7051826361, "osm_type": "node", "amenity": "hospital", "name": "Surya Multispeciality Hospital - Chakan, Pune", "latitude": 18.7484989, "longitude": 73.8602592 }, "geometry": { "type": "Point", "coordinates": [ 73.8602592, 18.7484989 ] } },
{ "type": "Feature", "properties": { "osm_id": 7052233156, "osm_type": "node", "amenity": "hospital", "name": "Omkar Accident Hospital", "latitude": 18.7522357, "longitude": 73.8592125 }, "geometry": { "type": "Point", "coordinates": [ 73.8592125, 18.7522357 ] } },
{ "type": "Feature", "properties": { "osm_id": 7649461734, "osm_type": "node", "amenity": "hospital", "name": "Orchid Speciality Hospital", "latitude": 18.6005779, "longitude": 73.9096039 }, "geometry": { "type": "Point", "coordinates": [ 73.9096039, 18.6005779 ] } },
{ "type": "Feature", "properties": { "osm_id": 7649461713, "osm_type": "node", "amenity": "hospital", "name": "Sathe Hospital", "latitude": 18.6040867, "longitude": 73.9153855 }, "geometry": { "type": "Point", "coordinates": [ 73.9153855, 18.6040867 ] } },
{ "type": "Feature", "properties": { "osm_id": 13718192637, "osm_type": "node", "amenity": "hospital", "name": "Apex Cancer Clinic", "latitude": 18.6043539, "longitude": 73.909674 }, "geometry": { "type": "Point", "coordinates": [ 73.909674, 18.6043539 ] } },
{ "type": "Feature", "properties": { "osm_id": 1458957942, "osm_type": "way", "amenity": "hospital", "name": "Riddhi hospital", "latitude": 18.6610544, "longitude": 73.8885229 }, "geometry": { "type": "Point", "coordinates": [ 73.8885229, 18.6610544 ] } },
{ "type": "Feature", "properties": { "osm_id": 10725122651, "osm_type": "node", "amenity": "hospital", "name": "siddhivinayak maternity hospital and infetility center", "latitude": 18.6713107, "longitude": 73.8913009 }, "geometry": { "type": "Point", "coordinates": [ 73.8913009, 18.6713107 ] } },
{ "type": "Feature", "properties": { "osm_id": 7054495780, "osm_type": "node", "amenity": "hospital", "name": "Shri Sai Hospital, Pune", "latitude": 18.6723003, "longitude": 73.8920917 }, "geometry": { "type": "Point", "coordinates": [ 73.8920917, 18.6723003 ] } },
{ "type": "Feature", "properties": { "osm_id": 7226727379, "osm_type": "node", "amenity": "hospital", "name": "Rural Hospital, Alandi", "latitude": 18.675174, "longitude": 73.89796 }, "geometry": { "type": "Point", "coordinates": [ 73.89796, 18.675174 ] } },
{ "type": "Feature", "properties": { "osm_id": 7226727336, "osm_type": "node", "amenity": "hospital", "name": "Rural Hospital, Chandoli", "latitude": 18.845824, "longitude": 73.878716 }, "geometry": { "type": "Point", "coordinates": [ 73.878716, 18.845824 ] } },
{ "type": "Feature", "properties": { "osm_id": 8811161914, "osm_type": "node", "amenity": "hospital", "name": "Apex Hospital", "latitude": 18.8464245, "longitude": 73.8919066 }, "geometry": { "type": "Point", "coordinates": [ 73.8919066, 18.8464245 ] } },
{ "type": "Feature", "properties": { "osm_id": 7067540920, "osm_type": "node", "amenity": "hospital", "name": "Sushrut Hospital", "latitude": 18.8512377, "longitude": 73.8869727 }, "geometry": { "type": "Point", "coordinates": [ 73.8869727, 18.8512377 ] } },
{ "type": "Feature", "properties": { "osm_id": 10219216821, "osm_type": "node", "amenity": "hospital", "name": "Unnamed", "latitude": 18.5764605, "longitude": 73.9703857 }, "geometry": { "type": "Point", "coordinates": [ 73.9703857, 18.5764605 ] } },
{ "type": "Feature", "properties": { "osm_id": 10219159614, "osm_type": "node", "amenity": "hospital", "name": "Unnamed", "latitude": 18.5782826, "longitude": 73.9758572 }, "geometry": { "type": "Point", "coordinates": [ 73.9758572, 18.5782826 ] } },
{ "type": "Feature", "properties": { "osm_id": 10219216818, "osm_type": "node", "amenity": "hospital", "name": "Unnamed", "latitude": 18.5784537, "longitude": 73.9611375 }, "geometry": { "type": "Point", "coordinates": [ 73.9611375, 18.5784537 ] } },
{ "type": "Feature", "properties": { "osm_id": 10219216819, "osm_type": "node", "amenity": "hospital", "name": "Unnamed", "latitude": 18.5789012, "longitude": 73.9571464 }, "geometry": { "type": "Point", "coordinates": [ 73.9571464, 18.5789012 ] } },
{ "type": "Feature", "properties": { "osm_id": 10219159610, "osm_type": "node", "amenity": "hospital", "name": "Unnamed", "latitude": 18.5829181, "longitude": 73.9770058 }, "geometry": { "type": "Point", "coordinates": [ 73.9770058, 18.5829181 ] } },
{ "type": "Feature", "properties": { "osm_id": 10219198236, "osm_type": "node", "amenity": "hospital", "name": "Pulse Speciality Hospital", "latitude": 18.5867939, "longitude": 73.9664803 }, "geometry": { "type": "Point", "coordinates": [ 73.9664803, 18.5867939 ] } },
{ "type": "Feature", "properties": { "osm_id": 10219230639, "osm_type": "node", "amenity": "hospital", "name": "Pulse hospitals", "latitude": 18.5867951, "longitude": 73.9664379 }, "geometry": { "type": "Point", "coordinates": [ 73.9664379, 18.5867951 ] } },
{ "type": "Feature", "properties": { "osm_id": 8813247692, "osm_type": "node", "amenity": "hospital", "name": "GetWell Multispeciality Hospital", "latitude": 18.9978336, "longitude": 73.9434479 }, "geometry": { "type": "Point", "coordinates": [ 73.9434479, 18.9978336 ] } },
{ "type": "Feature", "properties": { "osm_id": 7074576500, "osm_type": "node", "amenity": "hospital", "name": "Gade Hospital, Pune", "latitude": 18.9984308, "longitude": 73.9458619 }, "geometry": { "type": "Point", "coordinates": [ 73.9458619, 18.9984308 ] } },
{ "type": "Feature", "properties": { "osm_id": 7087491716, "osm_type": "node", "amenity": "hospital", "name": "Dr. Gujarathi Hospital", "latitude": 18.99908, "longitude": 73.943802 }, "geometry": { "type": "Point", "coordinates": [ 73.943802, 18.99908 ] } },
{ "type": "Feature", "properties": { "osm_id": 7044405028, "osm_type": "node", "amenity": "hospital", "name": "Saiseva Hospital", "latitude": 18.7614023, "longitude": 73.8627034 }, "geometry": { "type": "Point", "coordinates": [ 73.8627034, 18.7614023 ] } },
{ "type": "Feature", "properties": { "osm_id": 7043631548, "osm_type": "node", "amenity": "hospital", "name": "Argade Hospital and Maternity Home", "latitude": 18.764168, "longitude": 73.8615735 }, "geometry": { "type": "Point", "coordinates": [ 73.8615735, 18.764168 ] } },
{ "type": "Feature", "properties": { "osm_id": 14104773224, "osm_type": "node", "amenity": "hospital", "name": "HealthCity", "latitude": 18.7650297, "longitude": 73.8616136 }, "geometry": { "type": "Point", "coordinates": [ 73.8616136, 18.7650297 ] } },
{ "type": "Feature", "properties": { "osm_id": 5149356336, "osm_type": "node", "amenity": "hospital", "name": "Junnar Gov. Veterinary Hospital", "latitude": 19.2059802, "longitude": 73.8743869 }, "geometry": { "type": "Point", "coordinates": [ 73.8743869, 19.2059802 ] } },
{ "type": "Feature", "properties": { "osm_id": 8811509996, "osm_type": "node", "amenity": "hospital", "name": "Shingote Multispeciality Hospital ,Prasutigruah", "latitude": 19.206163, "longitude": 73.8697163 }, "geometry": { "type": "Point", "coordinates": [ 73.8697163, 19.206163 ] } },
{ "type": "Feature", "properties": { "osm_id": 5149338419, "osm_type": "node", "amenity": "hospital", "name": "Dr.igwale Hospital Children", "latitude": 19.2096659, "longitude": 73.8699428 }, "geometry": { "type": "Point", "coordinates": [ 73.8699428, 19.2096659 ] } },
{ "type": "Feature", "properties": { "osm_id": 5149316340, "osm_type": "node", "amenity": "hospital", "name": "Shri Dattkrupa Hospital", "latitude": 19.2098969, "longitude": 73.8743645 }, "geometry": { "type": "Point", "coordinates": [ 73.8743645, 19.2098969 ] } },
{ "type": "Feature", "properties": { "osm_id": 3488900260, "osm_type": "node", "amenity": "hospital", "name": "Atharva Hospital", "latitude": 18.8553812, "longitude": 73.8875918 }, "geometry": { "type": "Point", "coordinates": [ 73.8875918, 18.8553812 ] } },
{ "type": "Feature", "properties": { "osm_id": 7082650584, "osm_type": "node", "amenity": "hospital", "name": "Wafgaonkar Hospital", "latitude": 18.8560269, "longitude": 73.8815707 }, "geometry": { "type": "Point", "coordinates": [ 73.8815707, 18.8560269 ] } },
{ "type": "Feature", "properties": { "osm_id": 7082370202, "osm_type": "node", "amenity": "hospital", "name": "The Bombay Mothers and Children Welfare Society", "latitude": 18.8563651, "longitude": 73.8820079 }, "geometry": { "type": "Point", "coordinates": [ 73.8820079, 18.8563651 ] } },
{ "type": "Feature", "properties": { "osm_id": 8813296677, "osm_type": "node", "amenity": "hospital", "name": "Bhimashankar Hospital and Research Centre", "latitude": 19.0062215, "longitude": 73.9225629 }, "geometry": { "type": "Point", "coordinates": [ 73.9225629, 19.0062215 ] } },
{ "type": "Feature", "properties": { "osm_id": 7225067237, "osm_type": "node", "amenity": "hospital", "name": "Rural Hospital Junnar", "latitude": 19.202773, "longitude": 73.877824 }, "geometry": { "type": "Point", "coordinates": [ 73.877824, 19.202773 ] } },
{ "type": "Feature", "properties": { "osm_id": 7044521929, "osm_type": "node", "amenity": "hospital", "name": "Junnarkar Hospital", "latitude": 19.2069891, "longitude": 73.8798521 }, "geometry": { "type": "Point", "coordinates": [ 73.8798521, 19.2069891 ] } },
{ "type": "Feature", "properties": { "osm_id": 7044538571, "osm_type": "node", "amenity": "hospital", "name": "Dr. Mokashi Hospital", "latitude": 19.2078496, "longitude": 73.8785599 }, "geometry": { "type": "Point", "coordinates": [ 73.8785599, 19.2078496 ] } },
{ "type": "Feature", "properties": { "osm_id": 7225067114, "osm_type": "node", "amenity": "hospital", "name": "SDH Manchar", "latitude": 19.0004996, "longitude": 73.9432995 }, "geometry": { "type": "Point", "coordinates": [ 73.9432995, 19.0004996 ] } },
{ "type": "Feature", "properties": { "osm_id": 7064314446, "osm_type": "node", "amenity": "hospital", "name": "Devganga Hospital", "latitude": 19.0008578, "longitude": 73.9449419 }, "geometry": { "type": "Point", "coordinates": [ 73.9449419, 19.0008578 ] } },
{ "type": "Feature", "properties": { "osm_id": 8813297961, "osm_type": "node", "amenity": "hospital", "name": "Dr. Mate Hospital", "latitude": 19.1169247, "longitude": 73.9752576 }, "geometry": { "type": "Point", "coordinates": [ 73.9752576, 19.1169247 ] } },
{ "type": "Feature", "properties": { "osm_id": 7064962003, "osm_type": "node", "amenity": "hospital", "name": "Bhosale Hospital", "latitude": 19.1175684, "longitude": 73.9759295 }, "geometry": { "type": "Point", "coordinates": [ 73.9759295, 19.1175684 ] } },
{ "type": "Feature", "properties": { "osm_id": 7052827565, "osm_type": "node", "amenity": "hospital", "name": "Suryakant General Surgical Accident and Maternity", "latitude": 19.1194152, "longitude": 73.9748251 }, "geometry": { "type": "Point", "coordinates": [ 73.9748251, 19.1194152 ] } },
{ "type": "Feature", "properties": { "osm_id": 7064413733, "osm_type": "node", "amenity": "hospital", "name": "Dr Manohar Dole General Hospital", "latitude": 19.1201324, "longitude": 73.9728577 }, "geometry": { "type": "Point", "coordinates": [ 73.9728577, 19.1201324 ] } },
{ "type": "Feature", "properties": { "osm_id": 7225067173, "osm_type": "node", "amenity": "hospital", "name": "Rural Hospital, Narayangaon", "latitude": 19.121284, "longitude": 73.972737 }, "geometry": { "type": "Point", "coordinates": [ 73.972737, 19.121284 ] } },
{ "type": "Feature", "properties": { "osm_id": 7054308899, "osm_type": "node", "amenity": "hospital", "name": "Adhar Hospital, Pune", "latitude": 18.9826352, "longitude": 74.0836188 }, "geometry": { "type": "Point", "coordinates": [ 74.0836188, 18.9826352 ] } },
{ "type": "Feature", "properties": { "osm_id": 8816294508, "osm_type": "node", "amenity": "hospital", "name": "Government Hospital, Nirgudsar", "latitude": 18.9826859, "longitude": 74.0435734 }, "geometry": { "type": "Point", "coordinates": [ 74.0435734, 18.9826859 ] } },
{ "type": "Feature", "properties": { "osm_id": 8814211464, "osm_type": "node", "amenity": "hospital", "name": "Shree Hospital", "latitude": 19.1803243, "longitude": 74.0924674 }, "geometry": { "type": "Point", "coordinates": [ 74.0924674, 19.1803243 ] } },
{ "type": "Feature", "properties": { "osm_id": 8816133538, "osm_type": "node", "amenity": "hospital", "name": "Unique Neonatal & Pediatric Intensive Care Unit Pvt Ltd", "latitude": 19.1819202, "longitude": 74.0967026 }, "geometry": { "type": "Point", "coordinates": [ 74.0967026, 19.1819202 ] } },
{ "type": "Feature", "properties": { "osm_id": 7067940419, "osm_type": "node", "amenity": "hospital", "name": "Phadatare Hospital", "latitude": 19.1825396, "longitude": 74.0994197 }, "geometry": { "type": "Point", "coordinates": [ 74.0994197, 19.1825396 ] } },
{ "type": "Feature", "properties": { "osm_id": 8813308596, "osm_type": "node", "amenity": "hospital", "name": "Om Chaitanya Hospital", "latitude": 19.1844257, "longitude": 74.0991408 }, "geometry": { "type": "Point", "coordinates": [ 74.0991408, 19.1844257 ] } },
{ "type": "Feature", "properties": { "osm_id": 8810721819, "osm_type": "node", "amenity": "hospital", "name": "Kute Hospital", "latitude": 19.260746, "longitude": 73.9822169 }, "geometry": { "type": "Point", "coordinates": [ 73.9822169, 19.260746 ] } },
{ "type": "Feature", "properties": { "osm_id": 7068071309, "osm_type": "node", "amenity": "hospital", "name": "Dr. Gaikar Hospital", "latitude": 19.2609018, "longitude": 73.9847672 }, "geometry": { "type": "Point", "coordinates": [ 73.9847672, 19.2609018 ] } },
{ "type": "Feature", "properties": { "osm_id": 7054482424, "osm_type": "node", "amenity": "hospital", "name": "Dr. Phapale Hospital", "latitude": 19.2618326, "longitude": 73.9831915 }, "geometry": { "type": "Point", "coordinates": [ 73.9831915, 19.2618326 ] } },
{ "type": "Feature", "properties": { "osm_id": 7070157913, "osm_type": "node", "amenity": "hospital", "name": "Dr. Wetal Hospital", "latitude": 19.2644456, "longitude": 73.9824291 }, "geometry": { "type": "Point", "coordinates": [ 73.9824291, 19.2644456 ] } }
]
}
