{
"type": "FeatureCollection",
"name": "PuneRailways",
"crs": { "type": "name", "properties": { "name": "urn:ogc:def:crs:OGC:1.3:CRS84" } },
"features": [
{ "type": "Feature", "properties": { "osm_id": 22973188, "railway": "rail", "name": "", "ref": "", "operator": "", "usage": "", "service": "yard", "electrified": "" }, "geometry": { "type": "LineString", "coordinates": [ [ 73.8961654, 18.5287876 ], [ 73.8965721, 18.5287431 ], [ 73.8966533, 18.528745 ], [ 73.8968932, 18.5287505 ], [ 73.8974038, 18.5288506 ], [ 73.8978478, 18.529022 ], [ 73.8982666, 18.5292956 ], [ 73.898834, 18.5296761 ], [ 73.8992809, 18.5299086 ], [ 73.8997022, 18.5300272 ], [ 73.9006548, 18.5301006 ] ] } },
{ "type": "Feature", "properties": { "osm_id": 22973189, "railway": "rail", "name": "Mumbai–Pune Railway", "ref": "", "operator": "", "usage": "main", "service": "", "electrified": "contact_line" }, "geometry": { "type": "LineString", "coordinates": [ [ 73.8632498, 18.5287536 ], [ 73.8634379, 18.5287639 ] ] } },
{ "type": "Feature", "properties": { "osm_id": 22973190, "railway": "rail", "name": "Mumbai–Pune Railway", "ref": "", "operator": "", "usage": "main", "service": "", "electrified": "contact_line" }, "geometry": { "type": "LineString", "coordinates": [ [ 73.8615292, 18.5286616 ], [ 73.8618388, 18.5286763 ], [ 73.8632498, 18.5287536 ] ] } },
{ "type": "Feature", "properties": { "osm_id": 22973191, "railway": "rail", "name": "Mumbai–Pune Railway", "ref": "", "operator": "", "usage": "main", "service": "", "electrified": "contact_line" }, "geometry": { "type": "LineString", "coordinates": [ [ 73.8593067, 18.5285586 ], [ 73.8615292, 18.5286616 ] ] } },
{ "type": "Feature", "properties": { "osm_id": 22981417, "railway": "rail", "name": "", "ref": "", "operator": "", "usage": "", "service": "yard", "electrified": "" }, "geometry": { "type": "LineString", "coordinates": [ [ 73.8879321, 18.531148 ], [ 73.8882336, 18.5310257 ], [ 73.8885452, 18.5308805 ], [ 73.8891115, 18.5306933 ], [ 73.8949957, 18.528881 ], [ 73.8954326, 18.5287616 ], [ 73.8957521, 18.5286367 ], [ 73.8960681, 18.5284227 ], [ 73.896274, 18.5282549 ], [ 73.8964798, 18.5279981 ], [ 73.8969257, 18.5274441 ] ] } },
{ "type": "Feature", "properties": { "osm_id": 22981555, "railway": "rail", "name": "Mumbai–Pune Railway", "ref": "", "operator": "", "usage": "main", "service": "", "electrified": "contact_line" }, "geometry": { "type": "LineString", "coordinates": [ [ 73.8349472, 18.5756732 ], [ 73.8357598, 18.5735963 ] ] } },
{ "type": "Feature", "properties": { "osm_id": 52879752, "railway": "rail", "name": "Mumbai–Pune Railway", "ref": "", "operator": "", "usage": "main", "service": "", "electrified": "contact_line" }, "geometry": { "type": "LineString", "coordinates": [ [ 73.8501767, 18.5368374 ], [ 73.8502035, 18.5367318 ], [ 73.8502612, 18.5365042 ], [ 73.8510069, 18.5338058 ], [ 73.8511899, 18.5332561 ], [ 73.8513049, 18.5329735 ], [ 73.8514717, 18.532605 ], [ 73.8516564, 18.5322503 ], [ 73.8518361, 18.5319478 ], [ 73.8520305, 18.5316621 ], [ 73.8523884, 18.5311799 ], [ 73.8527949, 18.5307223 ], [ 73.8530719, 18.5304413 ], [ 73.8533116, 18.5302348 ] ] } },
{ "type": "Feature", "properties": { "osm_id": 52881191, "railway": "rail", "name": "", "ref": "", "operator": "", "usage": "", "service": "yard", "electrified": "contact_line" }, "geometry": { "type": "LineString", "coordinates": [ [ 73.8639475, 18.5285168 ], [ 73.8642181, 18.5284843 ], [ 73.8645497, 18.5284867 ], [ 73.8649006, 18.5284886 ], [ 73.865742, 18.5285434 ], [ 73.8665834, 18.5286033 ], [ 73.8677191, 18.5286735 ], [ 73.8687591, 18.5287317 ], [ 73.8691347, 18.5287437 ], [ 73.8693243, 18.5287625 ], [ 73.8695798, 18.5288111 ], [ 73.869828, 18.5288584 ] ] } },
{ "type": "Feature", "properties": { "osm_id": 52881202, "railway": "rail", "name": "", "ref": "", "operator": "", "usage": "main", "service": "", "electrified": "contact_line" }, "geometry": { "type": "LineString", "coordinates": [ [ 73.8726619, 18.52937 ], [ 73.8712989, 18.5293082 ], [ 73.870815, 18.52929 ], [ 73.870746, 18.529288 ], [ 73.8700553, 18.5292683 ], [ 73.8697106, 18.529244 ] ] } },
{ "type": "Feature", "properties": { "osm_id": 61970413, "railway": "rail", "name": "", "ref": "", "operator": "", "usage": "", "service": "yard", "electrified": "contact_line" }, "geometry": { "type": "LineString", "coordinates": [ [ 73.8638822, 18.5291859 ], [ 73.866474, 18.5293275 ], [ 73.8668622, 18.5293372 ], [ 73.8672912, 18.5292525 ], [ 73.867759, 18.5291421 ] ] } },
{ "type": "Feature", "properties": { "osm_id": 61971119, "railway": "rail", "name": "", "ref": "", "operator": "", "usage": "", "service": "yard", "electrified": "contact_line" }, "geometry": { "type": "LineString", "coordinates": [ [ 73.8643183, 18.5284001 ], [ 73.864643, 18.5283497 ], [ 73.8650299, 18.5283473 ], [ 73.8654863, 18.5283887 ], [ 73.8659196, 18.5284195 ], [ 73.8669019, 18.5284794 ], [ 73.8683481, 18.5285753 ], [ 73.8689169, 18.5285975 ] ] } },
{ "type": "Feature", "properties": { "osm_id": 61971120, "railway": "rail", "name": "", "ref": "", "operator": "", "usage": "", "service": "yard", "electrified": "contact_line" }, "geometry": { "type": "LineString", "coordinates": [ [ 73.8636773, 18.5286762 ], [ 73.8639129, 18.5286511 ], [ 73.8642755, 18.5286293 ], [ 73.8647216, 18.5286422 ], [ 73.8654864, 18.5287094 ], [ 73.8661554, 18.5287457 ], [ 73.8665818, 18.5287687 ], [ 73.8677027, 18.5288486 ], [ 73.8684024, 18.5288898 ], [ 73.8690216, 18.5289213 ], [ 73.8693969, 18.5289382 ], [ 73.8703002, 18.528967 ] ] } },
{ "type": "Feature", "properties": { "osm_id": 69379777, "railway": "rail", "name": "", "ref": "", "operator": "", "usage": "", "service": "yard", "electrified": "" }, "geometry": { "type": "LineString", "coordinates": [ [ 73.8882336, 18.5310257 ], [ 73.8891152, 18.5307463 ], [ 73.8954479, 18.528807 ], [ 73.8958181, 18.5287198 ], [ 73.8962012, 18.5286884 ], [ 73.8965463, 18.5286936 ], [ 73.8966391, 18.5287088 ], [ 73.8968932, 18.5287505 ] ] } },
{ "type": "Feature", "properties": { "osm_id": 69379995, "railway": "rail", "name": "", "ref": "", "operator": "", "usage": "", "service": "yard", "electrified": "" }, "geometry": { "type": "LineString", "coordinates": [ [ 73.8891709, 18.5311524 ], [ 73.8894599, 18.5310891 ], [ 73.8897535, 18.5310247 ], [ 73.893027, 18.5306378 ], [ 73.8934972, 18.5306289 ] ] } },
{ "type": "Feature", "properties": { "osm_id": 69380059, "railway": "rail", "name": "", "ref": "", "operator": "", "usage": "", "service": "yard", "electrified": "" }, "geometry": { "type": "LineString", "coordinates": [ [ 73.8897871, 18.5309857 ], [ 73.8918041, 18.5307351 ] ] } },
{ "type": "Feature", "properties": { "osm_id": 69380486, "railway": "rail", "name": "", "ref": "", "operator": "", "usage": "", "service": "yard", "electrified": "contact_line" }, "geometry": { "type": "LineString", "coordinates": [ [ 73.8672919, 18.5259479 ], [ 73.8692965, 18.5281189 ], [ 73.8693367, 18.5281473 ], [ 73.8695307, 18.5282844 ], [ 73.869826, 18.5284526 ] ] } },
{ "type": "Feature", "properties": { "osm_id": 69380614, "railway": "rail", "name": "", "ref": "", "operator": "", "usage": "", "service": "yard", "electrified": "contact_line" }, "geometry": { "type": "LineString", "coordinates": [ [ 73.8687304, 18.5282223 ], [ 73.8696278, 18.5284877 ], [ 73.8699817, 18.5285544 ], [ 73.8703697, 18.5286232 ], [ 73.8704836, 18.5286435 ], [ 73.8705955, 18.5286607 ] ] } },
{ "type": "Feature", "properties": { "osm_id": 69380731, "railway": "rail", "name": "", "ref": "", "operator": "", "usage": "", "service": "yard", "electrified": "contact_line" }, "geometry": { "type": "LineString", "coordinates": [ [ 73.8687184, 18.5282741 ], [ 73.8696068, 18.5285189 ], [ 73.8699817, 18.5285544 ] ] } },
{ "type": "Feature", "properties": { "osm_id": 69684340, "railway": "rail", "name": "", "ref": "", "operator": "", "usage": "", "service": "yard", "electrified": "contact_line" }, "geometry": { "type": "LineString", "coordinates": [ [ 73.8636367, 18.5289183 ], [ 73.8654624, 18.5290152 ], [ 73.8671692, 18.52913 ], [ 73.8676409, 18.529101 ] ] } },
{ "type": "Feature", "properties": { "osm_id": 106483611, "railway": "rail", "name": "", "ref": "", "operator": "", "usage": "main", "service": "", "electrified": "contact_line" }, "geometry": { "type": "LineString", "coordinates": [ [ 73.9009755, 18.5300576 ], [ 73.9006548, 18.5301006 ], [ 73.8988755, 18.5303417 ], [ 73.8979175, 18.5304558 ], [ 73.8965597, 18.5306239 ], [ 73.8952396, 18.5307885 ], [ 73.8943816, 18.5308951 ], [ 73.8906842, 18.5313333 ], [ 73.8895156, 18.5314664 ], [ 73.8886787, 18.5315691 ], [ 73.8879601, 18.5316616 ], [ 73.887292, 18.5317335 ], [ 73.8869208, 18.5317777 ], [ 73.8867467, 18.5317985 ], [ 73.8860878, 18.5318638 ], [ 73.8854974, 18.5318822 ], [ 73.8851686, 18.5318636 ], [ 73.8847191, 18.5318276 ], [ 73.8842189, 18.5317643 ], [ 73.8834791, 18.5316475 ] ] } },
{ "type": "Feature", "properties": { "osm_id": 106483654, "railway": "rail", "name": "", "ref": "", "operator": "", "usage": "", "service": "yard", "electrified": "contact_line" }, "geometry": { "type": "LineString", "coordinates": [ [ 73.8639475, 18.5285168 ], [ 73.8634951, 18.5286143 ] ] } },
{ "type": "Feature", "properties": { "osm_id": 106619172, "railway": "rail", "name": "Mumbai–Pune Railway", "ref": "", "operator": "", "usage": "main", "service": "", "electrified": "contact_line" }, "geometry": { "type": "LineString", "coordinates": [ [ 73.8450621, 18.5554378 ], [ 73.8451017, 18.5552985 ] ] } },
{ "type": "Feature", "properties": { "osm_id": 106619291, "railway": "rail", "name": "Mumbai–Pune Railway", "ref": "", "operator": "", "usage": "main", "service": "", "electrified": "contact_line" }, "geometry": { "type": "LineString", "coordinates": [ [ 73.8451017, 18.5552985 ], [ 73.8452797, 18.5546572 ], [ 73.8474069, 18.5469075 ] ] } },
{ "type": "Feature", "properties": { "osm_id": 106619311, "railway": "rail", "name": "Mumbai–Pune Railway", "ref": "", "operator": "", "usage": "main", "service": "", "electrified": "contact_line" }, "geometry": { "type": "LineString", "coordinates": [ [ 73.8474069, 18.5469075 ], [ 73.847438, 18.5467943 ] ] } },
{ "type": "Feature", "properties": { "osm_id": 106747581, "railway": "rail", "name": "", "ref": "", "operator": "", "usage": "", "service": "yard", "electrified": "" }, "geometry": { "type": "LineString", "coordinates": [ [ 73.8881827, 18.5311271 ], [ 73.8886197, 18.5310022 ], [ 73.8889392, 18.5309388 ], [ 73.8891867, 18.5308795 ], [ 73.8955704, 18.5289256 ], [ 73.8957951, 18.528853 ] ] } },
{ "type": "Feature", "properties": { "osm_id": 106747597, "railway": "rail", "name": "", "ref": "", "operator": "", "usage": "", "service": "yard", "electrified": "" }, "geometry": { "type": "LineString", "coordinates": [ [ 73.8894599, 18.5310891 ], [ 73.8897871, 18.5309857 ], [ 73.8901471, 18.5308833 ] ] } },
{ "type": "Feature", "properties": { "osm_id": 108093173, "railway": "rail", "name": "", "ref": "", "operator": "", "usage": "", "service": "yard", "electrified": "contact_line" }, "geometry": { "type": "LineString", "coordinates": [ [ 73.8701884, 18.5287415 ], [ 73.8706097, 18.5287252 ], [ 73.8712254, 18.5286944 ], [ 73.8725579, 18.5286071 ] ] } },
{ "type": "Feature", "properties": { "osm_id": 121895447, "railway": "rail", "name": "", "ref": "", "operator": "", "usage": "", "service": "yard", "electrified": "contact_line" }, "geometry": { "type": "LineString", "coordinates": [ [ 73.8670314, 18.5260223 ], [ 73.8686578, 18.5277617 ], [ 73.8689208, 18.5279868 ], [ 73.8691021, 18.5281098 ], [ 73.8693243, 18.5282604 ], [ 73.8696138, 18.5283803 ], [ 73.869826, 18.5284526 ], [ 73.870011, 18.5285156 ], [ 73.8703697, 18.5286232 ] ] } },
{ "type": "Feature", "properties": { "osm_id": 121895453, "railway": "rail", "name": "Mumbai–Pune Railway", "ref": "", "operator": "", "usage": "main", "service": "", "electrified": "contact_line" }, "geometry": { "type": "LineString", "coordinates": [ [ 73.8632537, 18.5287064 ], [ 73.8622011, 18.5286517 ], [ 73.8617562, 18.5286204 ], [ 73.8615307, 18.5286077 ] ] } },
{ "type": "Feature", "properties": { "osm_id": 121895457, "railway": "rail", "name": "", "ref": "", "operator": "", "usage": "main", "service": "", "electrified": "contact_line" }, "geometry": { "type": "LineString", "coordinates": [ [ 73.8693761, 18.5291073 ], [ 73.8698555, 18.5290956 ], [ 73.8705322, 18.5290496 ], [ 73.8708939, 18.5290269 ], [ 73.8709452, 18.5290237 ], [ 73.8713423, 18.5290177 ], [ 73.871878, 18.5290453 ], [ 73.872047, 18.529054 ], [ 73.8744993, 18.5291839 ], [ 73.8750176, 18.5292337 ], [ 73.8754364, 18.5292979 ], [ 73.8761488, 18.5294347 ], [ 73.8765289, 18.5295297 ] ] } },
{ "type": "Feature", "properties": { "osm_id": 125859243, "railway": "rail", "name": "", "ref": "", "operator": "", "usage": "military", "service": "spur", "electrified": "no" }, "geometry": { "type": "LineString", "coordinates": [ [ 73.8393762, 18.5654911 ], [ 73.8392708, 18.5657016 ], [ 73.839227, 18.5658704 ], [ 73.8391965, 18.5660782 ], [ 73.8391775, 18.5662976 ], [ 73.8391938, 18.5665873 ], [ 73.8392299, 18.5668967 ] ] } },
{ "type": "Feature", "properties": { "osm_id": 214946479, "railway": "rail", "name": "", "ref": "", "operator": "", "usage": "", "service": "yard", "electrified": "contact_line" }, "geometry": { "type": "LineString", "coordinates": [ [ 73.8433573, 18.5594588 ], [ 73.8431905, 18.5596416 ], [ 73.8429979, 18.5598792 ], [ 73.8427802, 18.5601788 ], [ 73.8424997, 18.5605416 ], [ 73.8424643, 18.5605944 ], [ 73.8420889, 18.5610841 ], [ 73.8413064, 18.56213 ], [ 73.8394088, 18.5648233 ], [ 73.83932, 18.5649524 ], [ 73.8392173, 18.5651189 ], [ 73.839099, 18.5652788 ], [ 73.8389885, 18.5654586 ], [ 73.8387853, 18.5658743 ], [ 73.8385015, 18.5664997 ], [ 73.838398, 18.5667933 ], [ 73.8382637, 18.5670751 ], [ 73.8381142, 18.5674748 ] ] } },
{ "type": "Feature", "properties": { "osm_id": 216121849, "railway": "rail", "name": "", "ref": "", "operator": "", "usage": "", "service": "yard", "electrified": "" }, "geometry": { "type": "LineString", "coordinates": [ [ 73.8645497, 18.5284867 ], [ 73.8649649, 18.5285207 ], [ 73.8652069, 18.5285481 ], [ 73.8657359, 18.5285858 ], [ 73.8665809, 18.5286388 ], [ 73.8677058, 18.5287124 ], [ 73.8684948, 18.528757 ], [ 73.8689516, 18.5287809 ], [ 73.8692712, 18.5287895 ], [ 73.8695798, 18.5288111 ] ] } },
{ "type": "Feature", "properties": { "osm_id": 216121852, "railway": "rail", "name": "", "ref": "", "operator": "", "usage": "main", "service": "", "electrified": "contact_line" }, "geometry": { "type": "LineString", "coordinates": [ [ 73.8802648, 18.5307621 ], [ 73.8808797, 18.5309651 ], [ 73.8812728, 18.5310842 ], [ 73.8816649, 18.5312 ], [ 73.882118, 18.5313247 ], [ 73.8827133, 18.5314481 ] ] } },
{ "type": "Feature", "properties": { "osm_id": 216121854, "railway": "rail", "name": "", "ref": "", "operator": "", "usage": "main", "service": "", "electrified": "contact_line" }, "geometry": { "type": "LineString", "coordinates": [ [ 73.8816649, 18.5312 ], [ 73.882187, 18.5313102 ], [ 73.8825458, 18.5313848 ], [ 73.8829326, 18.5314506 ], [ 73.8834867, 18.5315305 ], [ 73.883857, 18.5315692 ], [ 73.8845256, 18.5316191 ], [ 73.8847992, 18.5316395 ], [ 73.8853048, 18.5316685 ], [ 73.8858849, 18.5316345 ] ] } },
{ "type": "Feature", "properties": { "osm_id": 216121857, "railway": "rail", "name": "", "ref": "", "operator": "", "usage": "main", "service": "", "electrified": "contact_line" }, "geometry": { "type": "LineString", "coordinates": [ [ 73.8693761, 18.5291073 ], [ 73.8698536, 18.5291351 ], [ 73.8705405, 18.5290988 ], [ 73.8711022, 18.5290685 ], [ 73.8715312, 18.5290758 ], [ 73.8720636, 18.5291024 ], [ 73.8733305, 18.5291657 ], [ 73.8744691, 18.5292225 ], [ 73.8750102, 18.5292765 ], [ 73.875642, 18.5293792 ], [ 73.876046, 18.5294643 ], [ 73.8765289, 18.5295297 ] ] } },
{ "type": "Feature", "properties": { "osm_id": 216121860, "railway": "rail", "name": "Pune - Miraj Railway Line", "ref": "", "operator": "", "usage": "main", "service": "", "electrified": "contact_line" }, "geometry": { "type": "LineString", "coordinates": [ [ 73.8858849, 18.5316345 ], [ 73.8861988, 18.5315681 ], [ 73.886455, 18.5314994 ], [ 73.8867754, 18.5313917 ], [ 73.8900617, 18.5299657 ], [ 73.8910984, 18.5295008 ], [ 73.8918619, 18.5290795 ], [ 73.8923981, 18.5288108 ], [ 73.8927786, 18.5286365 ], [ 73.8939028, 18.5281294 ], [ 73.8945124, 18.5278544 ], [ 73.8949167, 18.5276857 ], [ 73.8951549, 18.5275984 ], [ 73.8954274, 18.5275141 ], [ 73.8957057, 18.5274443 ], [ 73.8967917, 18.5271854 ], [ 73.8969737, 18.5271431 ], [ 73.8972182, 18.5270572 ], [ 73.897273, 18.5270379 ], [ 73.8974442, 18.5269717 ], [ 73.8976555, 18.5268856 ], [ 73.8978477, 18.526785 ], [ 73.8980852, 18.5266376 ], [ 73.8982663, 18.5265196 ], [ 73.8984657, 18.526367 ], [ 73.8986011, 18.5262611 ], [ 73.8987511, 18.5261241 ], [ 73.8988993, 18.5259732 ], [ 73.8990219, 18.5258344 ], [ 73.8991426, 18.5256922 ], [ 73.8993823, 18.5253591 ], [ 73.899484, 18.5252048 ], [ 73.9006128, 18.5235482 ], [ 73.9008604, 18.5231806 ] ] } },
{ "type": "Feature", "properties": { "osm_id": 216121862, "railway": "rail", "name": "", "ref": "", "operator": "", "usage": "", "service": "yard", "electrified": "" }, "geometry": { "type": "LineString", "coordinates": [ [ 73.8858849, 18.5316345 ], [ 73.8862275, 18.5316164 ], [ 73.8866914, 18.5315285 ], [ 73.8868802, 18.5314679 ], [ 73.8872431, 18.5313143 ], [ 73.8876024, 18.5311893 ], [ 73.8881459, 18.5309719 ], [ 73.8887273, 18.5306671 ], [ 73.8891285, 18.530457 ], [ 73.8900635, 18.5300377 ], [ 73.8909521, 18.5296552 ] ] } },
{ "type": "Feature", "properties": { "osm_id": 216121865, "railway": "rail", "name": "", "ref": "", "operator": "", "usage": "", "service": "yard", "electrified": "contact_line" }, "geometry": { "type": "LineString", "coordinates": [ [ 73.879338, 18.5304029 ], [ 73.8795115, 18.530445 ], [ 73.8799945, 18.5306265 ], [ 73.880361, 18.5307446 ], [ 73.8809099, 18.5309261 ], [ 73.8813341, 18.5310511 ], [ 73.8817503, 18.5311649 ], [ 73.8820848, 18.5312472 ], [ 73.8825552, 18.5313418 ], [ 73.88293, 18.5314046 ], [ 73.8838517, 18.5314892 ] ] } },
{ "type": "Feature", "properties": { "osm_id": 216121876, "railway": "rail", "name": "", "ref": "", "operator": "", "usage": "main", "service": "", "electrified": "contact_line" }, "geometry": { "type": "LineString", "coordinates": [ [ 73.8716915, 18.5289844 ], [ 73.871883, 18.5289783 ], [ 73.872056, 18.5289727 ], [ 73.8740372, 18.5290793 ], [ 73.874499, 18.5291041 ], [ 73.8750226, 18.5291569 ], [ 73.8754394, 18.5292226 ], [ 73.8760726, 18.5293448 ], [ 73.8767448, 18.5294976 ], [ 73.8771547, 18.5296277 ], [ 73.8780246, 18.5299044 ], [ 73.8790327, 18.5302981 ], [ 73.879338, 18.5304029 ] ] } },
{ "type": "Feature", "properties": { "osm_id": 216121880, "railway": "rail", "name": "", "ref": "", "operator": "", "usage": "", "service": "yard", "electrified": "" }, "geometry": { "type": "LineString", "coordinates": [ [ 73.8921649, 18.5295325 ], [ 73.8928261, 18.5293879 ], [ 73.8933025, 18.5292452 ], [ 73.8940936, 18.5289902 ], [ 73.8949507, 18.5286703 ], [ 73.8955822, 18.5284066 ], [ 73.8960268, 18.5281321 ], [ 73.8962342, 18.5279807 ], [ 73.8964668, 18.5276933 ], [ 73.8965827, 18.5275739 ], [ 73.8967948, 18.5274136 ], [ 73.8970709, 18.527248 ] ] } },
{ "type": "Feature", "properties": { "osm_id": 216121882, "railway": "rail", "name": "", "ref": "", "operator": "", "usage": "", "service": "yard", "electrified": "contact_line" }, "geometry": { "type": "LineString", "coordinates": [ [ 73.8637484, 18.5286118 ], [ 73.8639975, 18.5285627 ], [ 73.8642719, 18.5285473 ], [ 73.8645969, 18.5285576 ], [ 73.8650014, 18.5285781 ], [ 73.865478, 18.5286158 ], [ 73.8661317, 18.528662 ], [ 73.866574, 18.5286877 ], [ 73.8676971, 18.5287579 ], [ 73.8684894, 18.5287963 ], [ 73.8693073, 18.5288391 ], [ 73.869828, 18.5288584 ] ] } },
{ "type": "Feature", "properties": { "osm_id": 216121885, "railway": "rail", "name": "", "ref": "", "operator": "", "usage": "", "service": "yard", "electrified": "" }, "geometry": { "type": "LineString", "coordinates": [ [ 73.8881461, 18.5310275 ], [ 73.888718, 18.5307225 ], [ 73.8889657, 18.530628 ], [ 73.8891687, 18.5305603 ], [ 73.8891927, 18.5305548 ], [ 73.8894713, 18.5304913 ], [ 73.8898441, 18.5304089 ], [ 73.8937561, 18.529225 ], [ 73.8949849, 18.5288262 ], [ 73.8955058, 18.528635 ], [ 73.8958454, 18.5284582 ], [ 73.8961237, 18.5282573 ], [ 73.8963944, 18.5279595 ] ] } },
{ "type": "Feature", "properties": { "osm_id": 216121886, "railway": "rail", "name": "", "ref": "", "operator": "", "usage": "", "service": "yard", "electrified": "contact_line" }, "geometry": { "type": "LineString", "coordinates": [ [ 73.8798005, 18.5304995 ], [ 73.8801022, 18.5305851 ], [ 73.8804021, 18.5306613 ], [ 73.8809436, 18.5308339 ], [ 73.8813657, 18.5309666 ], [ 73.8817114, 18.5310521 ], [ 73.8821049, 18.5311458 ], [ 73.8826218, 18.5312591 ], [ 73.8834242, 18.5314011 ], [ 73.8838517, 18.5314892 ], [ 73.8848222, 18.5315499 ], [ 73.8852639, 18.5315741 ], [ 73.8856418, 18.5315596 ] ] } },
{ "type": "Feature", "properties": { "osm_id": 216121887, "railway": "rail", "name": "", "ref": "", "operator": "", "usage": "", "service": "yard", "electrified": "contact_line" }, "geometry": { "type": "LineString", "coordinates": [ [ 73.8634951, 18.5286143 ], [ 73.8637484, 18.5286118 ], [ 73.8642357, 18.5285947 ], [ 73.8646076, 18.5286015 ], [ 73.8650084, 18.5286238 ], [ 73.8654923, 18.5286632 ], [ 73.8661351, 18.5287077 ], [ 73.8665793, 18.5287351 ], [ 73.8677042, 18.5288087 ], [ 73.8684788, 18.5288498 ], [ 73.8690187, 18.5288737 ], [ 73.86982, 18.5289182 ], [ 73.8703086, 18.5289377 ], [ 73.8705705, 18.5289499 ] ] } },
{ "type": "Feature", "properties": { "osm_id": 216121890, "railway": "rail", "name": "", "ref": "", "operator": "", "usage": "", "service": "yard", "electrified": "" }, "geometry": { "type": "LineString", "coordinates": [ [ 73.8835233, 18.5316198 ], [ 73.8837461, 18.5316476 ], [ 73.8842147, 18.5317042 ], [ 73.88471, 18.5317671 ], [ 73.8851569, 18.5317938 ], [ 73.8854965, 18.5318034 ], [ 73.8860761, 18.5317768 ], [ 73.8863672, 18.5317332 ], [ 73.886446, 18.5317126 ], [ 73.8868115, 18.531617 ], [ 73.8871389, 18.5314784 ], [ 73.8873322, 18.5313765 ], [ 73.8877614, 18.5312442 ], [ 73.8879321, 18.531148 ], [ 73.8881461, 18.5310275 ] ] } },
{ "type": "Feature", "properties": { "osm_id": 216121892, "railway": "rail", "name": "", "ref": "", "operator": "", "usage": "", "service": "yard", "electrified": "contact_line" }, "geometry": { "type": "LineString", "coordinates": [ [ 73.8634534, 18.5286616 ], [ 73.8635409, 18.5286666 ], [ 73.8636773, 18.5286762 ], [ 73.8640904, 18.5286922 ], [ 73.864444, 18.5287116 ], [ 73.8648296, 18.5287261 ], [ 73.8654807, 18.5287648 ], [ 73.8661434, 18.5288096 ], [ 73.8683809, 18.528937 ], [ 73.868705, 18.5289516 ], [ 73.869021, 18.5289712 ], [ 73.8693622, 18.5289884 ], [ 73.8698651, 18.5289764 ], [ 73.8703002, 18.528967 ] ] } },
{ "type": "Feature", "properties": { "osm_id": 216121897, "railway": "rail", "name": "", "ref": "", "operator": "", "usage": "", "service": "yard", "electrified": "contact_line" }, "geometry": { "type": "LineString", "coordinates": [ [ 73.8650566, 18.528286 ], [ 73.8655423, 18.5282269 ], [ 73.8656383, 18.5282163 ], [ 73.8662266, 18.5281832 ], [ 73.8666455, 18.5281867 ], [ 73.868074, 18.5282887 ], [ 73.8688783, 18.528417 ], [ 73.8694784, 18.5285647 ], [ 73.8699355, 18.5286446 ], [ 73.8702868, 18.5286546 ], [ 73.8704487, 18.5286591 ], [ 73.8705955, 18.5286607 ], [ 73.8707301, 18.5286622 ], [ 73.8708553, 18.5286636 ], [ 73.8712254, 18.5286567 ], [ 73.8725525, 18.5285626 ] ] } },
{ "type": "Feature", "properties": { "osm_id": 216121900, "railway": "rail", "name": "", "ref": "", "operator": "", "usage": "", "service": "yard", "electrified": "" }, "geometry": { "type": "LineString", "coordinates": [ [ 73.8954479, 18.528807 ], [ 73.8957521, 18.5286367 ] ] } },
{ "type": "Feature", "properties": { "osm_id": 216121902, "railway": "rail", "name": "", "ref": "", "operator": "", "usage": "", "service": "yard", "electrified": "contact_line" }, "geometry": { "type": "LineString", "coordinates": [ [ 73.8632544, 18.5286501 ], [ 73.8634534, 18.5286616 ] ] } },
{ "type": "Feature", "properties": { "osm_id": 216121904, "railway": "rail", "name": "", "ref": "", "operator": "", "usage": "", "service": "yard", "electrified": "" }, "geometry": { "type": "LineString", "coordinates": [ [ 73.8888748, 18.5312106 ], [ 73.8885248, 18.5312564 ] ] } },
{ "type": "Feature", "properties": { "osm_id": 216121906, "railway": "rail", "name": "", "ref": "", "operator": "", "usage": "", "service": "yard", "electrified": "" }, "geometry": { "type": "LineString", "coordinates": [ [ 73.8967476, 18.5304541 ], [ 73.8970897, 18.5304073 ] ] } },
{ "type": "Feature", "properties": { "osm_id": 216121907, "railway": "rail", "name": "", "ref": "", "operator": "", "usage": "", "service": "yard", "electrified": "" }, "geometry": { "type": "LineString", "coordinates": [ [ 73.8866914, 18.5315285 ], [ 73.887096, 18.5314403 ] ] } },
{ "type": "Feature", "properties": { "osm_id": 216121908, "railway": "rail", "name": "", "ref": "", "operator": "", "usage": "", "service": "yard", "electrified": "" }, "geometry": { "type": "LineString", "coordinates": [ [ 73.8932904, 18.5289594 ], [ 73.8938605, 18.5287934 ] ] } },
{ "type": "Feature", "properties": { "osm_id": 216121909, "railway": "rail", "name": "", "ref": "", "operator": "", "usage": "", "service": "yard", "electrified": "contact_line" }, "geometry": { "type": "LineString", "coordinates": [ [ 73.8697259, 18.528701 ], [ 73.8702868, 18.5286546 ] ] } },
{ "type": "Feature", "properties": { "osm_id": 216121910, "railway": "rail", "name": "", "ref": "", "operator": "", "usage": "", "service": "yard", "electrified": "contact_line" }, "geometry": { "type": "LineString", "coordinates": [ [ 73.8698545, 18.5293137 ], [ 73.8704339, 18.5294396 ] ] } },
{ "type": "Feature", "properties": { "osm_id": 216121911, "railway": "rail", "name": "", "ref": "", "operator": "", "usage": "", "service": "yard", "electrified": "" }, "geometry": { "type": "LineString", "coordinates": [ [ 73.8888275, 18.5313408 ], [ 73.88977, 18.5312689 ] ] } },
{ "type": "Feature", "properties": { "osm_id": 216121913, "railway": "rail", "name": "", "ref": "", "operator": "", "usage": "", "service": "yard", "electrified": "" }, "geometry": { "type": "LineString", "coordinates": [ [ 73.8957951, 18.528853 ], [ 73.8961654, 18.5287876 ] ] } },
{ "type": "Feature", "properties": { "osm_id": 216121914, "railway": "rail", "name": "", "ref": "", "operator": "", "usage": "", "service": "yard", "electrified": "" }, "geometry": { "type": "LineString", "coordinates": [ [ 73.8957447, 18.527878 ], [ 73.8967948, 18.5274136 ] ] } },
{ "type": "Feature", "properties": { "osm_id": 216121916, "railway": "rail", "name": "", "ref": "", "operator": "", "usage": "", "service": "yard", "electrified": "contact_line" }, "geometry": { "type": "LineString", "coordinates": [ [ 73.8632543, 18.5286112 ], [ 73.8634594, 18.5286139 ] ] } },
{ "type": "Feature", "properties": { "osm_id": 216121917, "railway": "rail", "name": "", "ref": "", "operator": "", "usage": "", "service": "yard", "electrified": "" }, "geometry": { "type": "LineString", "coordinates": [ [ 73.8891457, 18.5311952 ], [ 73.8888748, 18.5312106 ] ] } },
{ "type": "Feature", "properties": { "osm_id": 216121919, "railway": "rail", "name": "", "ref": "", "operator": "", "usage": "", "service": "yard", "electrified": "contact_line" }, "geometry": { "type": "LineString", "coordinates": [ [ 73.8700489, 18.5291726 ], [ 73.8704136, 18.5291709 ] ] } },
{ "type": "Feature", "properties": { "osm_id": 216121921, "railway": "rail", "name": "", "ref": "", "operator": "", "usage": "", "service": "yard", "electrified": "contact_line" }, "geometry": { "type": "LineString", "coordinates": [ [ 73.8798005, 18.5304995 ], [ 73.8795115, 18.530445 ] ] } },
{ "type": "Feature", "properties": { "osm_id": 216121925, "railway": "rail", "name": "", "ref": "", "operator": "", "usage": "", "service": "yard", "electrified": "contact_line" }, "geometry": { "type": "LineString", "coordinates": [ [ 73.8697259, 18.528701 ], [ 73.869412, 18.5286834 ] ] } },
{ "type": "Feature", "properties": { "osm_id": 216121927, "railway": "rail", "name": "", "ref": "", "operator": "", "usage": "", "service": "", "electrified": "contact_line" }, "geometry": { "type": "LineString", "coordinates": [ [ 73.8796025, 18.5305472 ], [ 73.879338, 18.5304029 ] ] } },
{ "type": "Feature", "properties": { "osm_id": 216121930, "railway": "rail", "name": "", "ref": "", "operator": "", "usage": "", "service": "yard", "electrified": "contact_line" }, "geometry": { "type": "LineString", "coordinates": [ [ 73.8689169, 18.5285975 ], [ 73.8692464, 18.5286644 ] ] } },
{ "type": "Feature", "properties": { "osm_id": 216121932, "railway": "rail", "name": "", "ref": "", "operator": "", "usage": "", "service": "yard", "electrified": "contact_line" }, "geometry": { "type": "LineString", "coordinates": [ [ 73.8693186, 18.5292743 ], [ 73.8702371, 18.5294465 ] ] } },
{ "type": "Feature", "properties": { "osm_id": 216121933, "railway": "rail", "name": "", "ref": "", "operator": "", "usage": "", "service": "yard", "electrified": "" }, "geometry": { "type": "LineString", "coordinates": [ [ 73.8880372, 18.5313701 ], [ 73.8884988, 18.5313528 ] ] } },
{ "type": "Feature", "properties": { "osm_id": 216121934, "railway": "rail", "name": "", "ref": "", "operator": "", "usage": "", "service": "yard", "electrified": "" }, "geometry": { "type": "LineString", "coordinates": [ [ 73.8970897, 18.5304073 ], [ 73.8979175, 18.5304558 ] ] } },
{ "type": "Feature", "properties": { "osm_id": 216121935, "railway": "rail", "name": "", "ref": "", "operator": "", "usage": "", "service": "yard", "electrified": "contact_line" }, "geometry": { "type": "LineString", "coordinates": [ [ 73.8634594, 18.5286139 ], [ 73.8634951, 18.5286143 ] ] } },
{ "type": "Feature", "properties": { "osm_id": 216121937, "railway": "rail", "name": "", "ref": "", "operator": "", "usage": "", "service": "yard", "electrified": "contact_line" }, "geometry": { "type": "LineString", "coordinates": [ [ 73.8629431, 18.5285954 ], [ 73.8632123, 18.5286477 ] ] } },
{ "type": "Feature", "properties": { "osm_id": 216121939, "railway": "rail", "name": "", "ref": "", "operator": "", "usage": "", "service": "yard", "electrified": "" }, "geometry": { "type": "LineString", "coordinates": [ [ 73.8891709, 18.5311524 ], [ 73.8888748, 18.5312106 ] ] } },
{ "type": "Feature", "properties": { "osm_id": 216121941, "railway": "rail", "name": "", "ref": "", "operator": "", "usage": "", "service": "yard", "electrified": "contact_line" }, "geometry": { "type": "LineString", "coordinates": [ [ 73.8620556, 18.5283009 ], [ 73.8622939, 18.5284156 ] ] } },
{ "type": "Feature", "properties": { "osm_id": 216121943, "railway": "rail", "name": "", "ref": "", "operator": "", "usage": "", "service": "yard", "electrified": "contact_line" }, "geometry": { "type": "LineString", "coordinates": [ [ 73.8672543, 18.5293539 ], [ 73.8669477, 18.5293979 ] ] } },
{ "type": "Feature", "properties": { "osm_id": 216121946, "railway": "rail", "name": "", "ref": "", "operator": "", "usage": "main", "service": "", "electrified": "contact_line" }, "geometry": { "type": "LineString", "coordinates": [ [ 73.8771783, 18.5298261 ], [ 73.8774516, 18.5299048 ], [ 73.878381, 18.5302232 ], [ 73.8787268, 18.5303375 ], [ 73.8790986, 18.5304605 ], [ 73.8795022, 18.5305982 ], [ 73.8799489, 18.5307958 ], [ 73.8803012, 18.530929 ], [ 73.880863, 18.5311154 ], [ 73.8816329, 18.5313399 ], [ 73.8821523, 18.5314481 ], [ 73.8825228, 18.5315217 ], [ 73.8832558, 18.5316478 ], [ 73.8835393, 18.5316992 ], [ 73.8841983, 18.5317908 ], [ 73.8847129, 18.5318686 ], [ 73.8851643, 18.5319029 ], [ 73.8855038, 18.5319149 ], [ 73.8860942, 18.5318995 ], [ 73.886737, 18.5318447 ], [ 73.8872859, 18.5317813 ], [ 73.8879576, 18.5316992 ], [ 73.8886726, 18.5316084 ], [ 73.8895122, 18.5315091 ], [ 73.8906912, 18.5313773 ], [ 73.8943956, 18.5309391 ], [ 73.8952229, 18.5308253 ], [ 73.8965661, 18.5306679 ], [ 73.8980037, 18.5304936 ], [ 73.8988821, 18.5303822 ], [ 73.9009714, 18.5301055 ] ] } },
{ "type": "Feature", "properties": { "osm_id": 216121948, "railway": "rail", "name": "", "ref": "", "operator": "", "usage": "", "service": "yard", "electrified": "contact_line" }, "geometry": { "type": "LineString", "coordinates": [ [ 73.8695471, 18.5293827 ], [ 73.8699861, 18.5294585 ] ] } },
{ "type": "Feature", "properties": { "osm_id": 216121950, "railway": "rail", "name": "", "ref": "", "operator": "", "usage": "", "service": "yard", "electrified": "contact_line" }, "geometry": { "type": "LineString", "coordinates": [ [ 73.869828, 18.5288584 ], [ 73.870119, 18.5288678 ] ] } },
{ "type": "Feature", "properties": { "osm_id": 216121952, "railway": "rail", "name": "Mumbai–Pune Railway", "ref": "", "operator": "", "usage": "main", "service": "", "electrified": "contact_line" }, "geometry": { "type": "LineString", "coordinates": [ [ 73.8615307, 18.5286077 ], [ 73.8593066, 18.5285095 ] ] } },
{ "type": "Feature", "properties": { "osm_id": 216121954, "railway": "rail", "name": "", "ref": "", "operator": "", "usage": "", "service": "yard", "electrified": "contact_line" }, "geometry": { "type": "LineString", "coordinates": [ [ 73.8692464, 18.5286644 ], [ 73.869412, 18.5286834 ] ] } },
{ "type": "Feature", "properties": { "osm_id": 216121959, "railway": "rail", "name": "Mumbai–Pune Railway", "ref": "", "operator": "", "usage": "main", "service": "", "electrified": "contact_line" }, "geometry": { "type": "LineString", "coordinates": [ [ 73.8634475, 18.5287164 ], [ 73.8632537, 18.5287064 ] ] } },
{ "type": "Feature", "properties": { "osm_id": 216121961, "railway": "rail", "name": "", "ref": "", "operator": "", "usage": "", "service": "", "electrified": "contact_line" }, "geometry": { "type": "LineString", "coordinates": [ [ 73.901502, 18.529968 ], [ 73.9020114, 18.5299528 ] ] } },
{ "type": "Feature", "properties": { "osm_id": 216121965, "railway": "rail", "name": "", "ref": "", "operator": "", "usage": "", "service": "yard", "electrified": "contact_line" }, "geometry": { "type": "LineString", "coordinates": [ [ 73.8703002, 18.528967 ], [ 73.8706605, 18.5289972 ] ] } },
{ "type": "Feature", "properties": { "osm_id": 216121967, "railway": "rail", "name": "", "ref": "", "operator": "", "usage": "", "service": "yard", "electrified": "" }, "geometry": { "type": "LineString", "coordinates": [ [ 73.8928091, 18.5290738 ], [ 73.8932904, 18.5289594 ] ] } },
{ "type": "Feature", "properties": { "osm_id": 216121970, "railway": "rail", "name": "Mumbai-Pune Railway", "ref": "", "operator": "", "usage": "main", "service": "", "electrified": "contact_line" }, "geometry": { "type": "LineString", "coordinates": [ [ 73.8790327, 18.5302981 ], [ 73.8784182, 18.5300923 ], [ 73.8779993, 18.5299417 ], [ 73.8777471, 18.5298648 ], [ 73.8774883, 18.5297859 ], [ 73.8772464, 18.5297003 ], [ 73.8768275, 18.5295668 ], [ 73.8765422, 18.5294897 ], [ 73.8760643, 18.5293842 ], [ 73.8754303, 18.5292549 ], [ 73.8750273, 18.5291896 ], [ 73.8745057, 18.5291375 ], [ 73.8720506, 18.5290063 ], [ 73.8718796, 18.5289959 ], [ 73.8716915, 18.5289844 ] ] } },
{ "type": "Feature", "properties": { "osm_id": 216121979, "railway": "rail", "name": "", "ref": "", "operator": "", "usage": "", "service": "yard", "electrified": "contact_line" }, "geometry": { "type": "LineString", "coordinates": [ [ 73.8660834, 18.5295454 ], [ 73.8666221, 18.529468 ], [ 73.8672912, 18.5292525 ] ] } },
{ "type": "Feature", "properties": { "osm_id": 216121983, "railway": "rail", "name": "", "ref": "", "operator": "", "usage": "", "service": "yard", "electrified": "contact_line" }, "geometry": { "type": "LineString", "coordinates": [ [ 73.8629431, 18.5285954 ], [ 73.8632169, 18.5286107 ], [ 73.8632543, 18.5286112 ] ] } },
{ "type": "Feature", "properties": { "osm_id": 216121987, "railway": "rail", "name": "", "ref": "", "operator": "", "usage": "", "service": "crossover", "electrified": "contact_line" }, "geometry": { "type": "LineString", "coordinates": [ [ 73.8771725, 18.529764 ], [ 73.8774673, 18.5298214 ], [ 73.8777471, 18.5298648 ] ] } },
{ "type": "Feature", "properties": { "osm_id": 216121991, "railway": "rail", "name": "", "ref": "", "operator": "", "usage": "", "service": "yard", "electrified": "" }, "geometry": { "type": "LineString", "coordinates": [ [ 73.8963185, 18.5303743 ], [ 73.8965029, 18.5303868 ], [ 73.8970897, 18.5304073 ] ] } },
{ "type": "Feature", "properties": { "osm_id": 216121993, "railway": "rail", "name": "", "ref": "", "operator": "", "usage": "", "service": "yard", "electrified": "" }, "geometry": { "type": "LineString", "coordinates": [ [ 73.8924695, 18.5293149 ], [ 73.8929871, 18.5290587 ], [ 73.8932904, 18.5289594 ] ] } },
{ "type": "Feature", "properties": { "osm_id": 216121995, "railway": "rail", "name": "", "ref": "", "operator": "", "usage": "", "service": "yard", "electrified": "contact_line" }, "geometry": { "type": "LineString", "coordinates": [ [ 73.8622939, 18.5284156 ], [ 73.8625593, 18.5285097 ], [ 73.8628184, 18.5285851 ] ] } },
{ "type": "Feature", "properties": { "osm_id": 216121998, "railway": "rail", "name": "", "ref": "", "operator": "", "usage": "", "service": "yard", "electrified": "contact_line" }, "geometry": { "type": "LineString", "coordinates": [ [ 73.8638809, 18.5292504 ], [ 73.8657693, 18.5293372 ], [ 73.866474, 18.5293275 ] ] } },
{ "type": "Feature", "properties": { "osm_id": 216122004, "railway": "rail", "name": "", "ref": "", "operator": "", "usage": "", "service": "yard", "electrified": "contact_line" }, "geometry": { "type": "LineString", "coordinates": [ [ 73.869412, 18.5286834 ], [ 73.869521, 18.5287051 ], [ 73.8699114, 18.5287695 ] ] } },
{ "type": "Feature", "properties": { "osm_id": 216122007, "railway": "rail", "name": "", "ref": "", "operator": "", "usage": "", "service": "yard", "electrified": "" }, "geometry": { "type": "LineString", "coordinates": [ [ 73.8936244, 18.5286525 ], [ 73.8939719, 18.5284615 ], [ 73.8950852, 18.5279603 ] ] } },
{ "type": "Feature", "properties": { "osm_id": 216122018, "railway": "rail", "name": "", "ref": "", "operator": "", "usage": "", "service": "yard", "electrified": "" }, "geometry": { "type": "LineString", "coordinates": [ [ 73.8900635, 18.5300377 ], [ 73.8905292, 18.5299407 ], [ 73.8909064, 18.5299182 ] ] } },
{ "type": "Feature", "properties": { "osm_id": 216122021, "railway": "rail", "name": "", "ref": "", "operator": "", "usage": "", "service": "yard", "electrified": "contact_line" }, "geometry": { "type": "LineString", "coordinates": [ [ 73.8712456, 18.5289295 ], [ 73.8711039, 18.5289608 ], [ 73.8709202, 18.5289911 ] ] } },
{ "type": "Feature", "properties": { "osm_id": 216122024, "railway": "rail", "name": "", "ref": "", "operator": "", "usage": "", "service": "yard", "electrified": "" }, "geometry": { "type": "LineString", "coordinates": [ [ 73.8891709, 18.5311524 ], [ 73.8897591, 18.5310709 ], [ 73.8934972, 18.5306289 ] ] } },
{ "type": "Feature", "properties": { "osm_id": 216122027, "railway": "rail", "name": "", "ref": "", "operator": "", "usage": "", "service": "crossover", "electrified": "contact_line" }, "geometry": { "type": "LineString", "coordinates": [ [ 73.8771783, 18.5298261 ], [ 73.8774432, 18.5298536 ], [ 73.8777278, 18.5299074 ] ] } },
{ "type": "Feature", "properties": { "osm_id": 216122030, "railway": "rail", "name": "", "ref": "", "operator": "", "usage": "", "service": "yard", "electrified": "contact_line" }, "geometry": { "type": "LineString", "coordinates": [ [ 73.8617562, 18.5286204 ], [ 73.8623321, 18.5286021 ], [ 73.862677, 18.5285902 ], [ 73.8628184, 18.5285851 ] ] } },
{ "type": "Feature", "properties": { "osm_id": 216122032, "railway": "rail", "name": "", "ref": "", "operator": "", "usage": "", "service": "yard", "electrified": "contact_line" }, "geometry": { "type": "LineString", "coordinates": [ [ 73.8639475, 18.5285168 ], [ 73.8643183, 18.5284001 ], [ 73.8647679, 18.5282512 ], [ 73.865055, 18.5281673 ] ] } },
{ "type": "Feature", "properties": { "osm_id": 216122036, "railway": "rail", "name": "", "ref": "", "operator": "", "usage": "", "service": "yard", "electrified": "contact_line" }, "geometry": { "type": "LineString", "coordinates": [ [ 73.8638797, 18.5293154 ], [ 73.8659455, 18.5294074 ], [ 73.8664868, 18.5293929 ], [ 73.8668622, 18.5293372 ] ] } },
{ "type": "Feature", "properties": { "osm_id": 216122039, "railway": "rail", "name": "", "ref": "", "operator": "", "usage": "", "service": "yard", "electrified": "" }, "geometry": { "type": "LineString", "coordinates": [ [ 73.8868802, 18.5314679 ], [ 73.8873573, 18.5313398 ], [ 73.8877421, 18.5312034 ], [ 73.8881461, 18.5310275 ] ] } },
{ "type": "Feature", "properties": { "osm_id": 216122041, "railway": "rail", "name": "", "ref": "", "operator": "", "usage": "", "service": "yard", "electrified": "" }, "geometry": { "type": "LineString", "coordinates": [ [ 73.8916619, 18.5296867 ], [ 73.8919158, 18.5296352 ], [ 73.8921649, 18.5295325 ], [ 73.8924695, 18.5293149 ] ] } },
{ "type": "Feature", "properties": { "osm_id": 216122043, "railway": "rail", "name": "", "ref": "", "operator": "", "usage": "", "service": "yard", "electrified": "" }, "geometry": { "type": "LineString", "coordinates": [ [ 73.8871389, 18.5314784 ], [ 73.8874993, 18.5313865 ], [ 73.8879868, 18.531318 ], [ 73.8885248, 18.5312564 ] ] } },
{ "type": "Feature", "properties": { "osm_id": 216122045, "railway": "rail", "name": "", "ref": "", "operator": "", "usage": "", "service": "yard", "electrified": "" }, "geometry": { "type": "LineString", "coordinates": [ [ 73.8937103, 18.528755 ], [ 73.8940434, 18.5285752 ], [ 73.8952308, 18.5280547 ], [ 73.8957447, 18.527878 ] ] } },
{ "type": "Feature", "properties": { "osm_id": 216122047, "railway": "rail", "name": "", "ref": "", "operator": "", "usage": "", "service": "yard", "electrified": "" }, "geometry": { "type": "LineString", "coordinates": [ [ 73.8886197, 18.5310022 ], [ 73.8891601, 18.5308348 ], [ 73.8952206, 18.5289741 ], [ 73.8957951, 18.528853 ] ] } },
{ "type": "Feature", "properties": { "osm_id": 216122049, "railway": "rail", "name": "", "ref": "", "operator": "", "usage": "", "service": "yard", "electrified": "contact_line" }, "geometry": { "type": "LineString", "coordinates": [ [ 73.8699114, 18.5287695 ], [ 73.8702587, 18.5288034 ], [ 73.8705242, 18.5288531 ], [ 73.8709596, 18.5288809 ] ] } },
{ "type": "Feature", "properties": { "osm_id": 216122051, "railway": "rail", "name": "", "ref": "", "operator": "", "usage": "", "service": "yard", "electrified": "contact_line" }, "geometry": { "type": "LineString", "coordinates": [ [ 73.8686989, 18.5292122 ], [ 73.8690653, 18.5292964 ], [ 73.8691961, 18.529313 ], [ 73.8695471, 18.5293827 ] ] } },
{ "type": "Feature", "properties": { "osm_id": 216122054, "railway": "rail", "name": "", "ref": "", "operator": "", "usage": "", "service": "yard", "electrified": "" }, "geometry": { "type": "LineString", "coordinates": [ [ 73.8948263, 18.5305481 ], [ 73.8953196, 18.5305365 ], [ 73.8959865, 18.5304501 ], [ 73.8965029, 18.5303868 ] ] } },
{ "type": "Feature", "properties": { "osm_id": 216122056, "railway": "rail", "name": "", "ref": "", "operator": "", "usage": "", "service": "yard", "electrified": "" }, "geometry": { "type": "LineString", "coordinates": [ [ 73.8868115, 18.531617 ], [ 73.8873299, 18.5315226 ], [ 73.8880372, 18.5313701 ], [ 73.8885248, 18.5312564 ] ] } },
{ "type": "Feature", "properties": { "osm_id": 216122059, "railway": "rail", "name": "", "ref": "", "operator": "", "usage": "", "service": "yard", "electrified": "contact_line" }, "geometry": { "type": "LineString", "coordinates": [ [ 73.8703714, 18.5287577 ], [ 73.8708336, 18.5287783 ], [ 73.8711442, 18.5287954 ], [ 73.8720506, 18.5288245 ] ] } },
{ "type": "Feature", "properties": { "osm_id": 216122060, "railway": "rail", "name": "", "ref": "", "operator": "", "usage": "", "service": "yard", "electrified": "contact_line" }, "geometry": { "type": "LineString", "coordinates": [ [ 73.8708613, 18.5289113 ], [ 73.8712456, 18.5289295 ], [ 73.8716924, 18.5289501 ], [ 73.8718791, 18.5289617 ], [ 73.872056, 18.5289727 ] ] } },
{ "type": "Feature", "properties": { "osm_id": 216122061, "railway": "rail", "name": "", "ref": "", "operator": "", "usage": "", "service": "yard", "electrified": "contact_line" }, "geometry": { "type": "LineString", "coordinates": [ [ 73.8699114, 18.5287695 ], [ 73.8699995, 18.528795 ], [ 73.8705076, 18.528887 ], [ 73.8708613, 18.5289113 ] ] } },
{ "type": "Feature", "properties": { "osm_id": 216122063, "railway": "rail", "name": "", "ref": "", "operator": "", "usage": "", "service": "yard", "electrified": "" }, "geometry": { "type": "LineString", "coordinates": [ [ 73.8934972, 18.5306289 ], [ 73.894939, 18.5304496 ], [ 73.8956498, 18.5303807 ], [ 73.8958743, 18.5303589 ], [ 73.8963185, 18.5303743 ] ] } },
{ "type": "Feature", "properties": { "osm_id": 216122065, "railway": "rail", "name": "", "ref": "", "operator": "", "usage": "", "service": "yard", "electrified": "" }, "geometry": { "type": "LineString", "coordinates": [ [ 73.88977, 18.5312689 ], [ 73.8928263, 18.5309147 ], [ 73.8963052, 18.5304929 ], [ 73.8967476, 18.5304541 ] ] } },
{ "type": "Feature", "properties": { "osm_id": 216122068, "railway": "rail", "name": "", "ref": "", "operator": "", "usage": "", "service": "yard", "electrified": "" }, "geometry": { "type": "LineString", "coordinates": [ [ 73.889779, 18.5313389 ], [ 73.8928331, 18.5309819 ], [ 73.8963543, 18.5305509 ], [ 73.8967476, 18.5304541 ] ] } },
{ "type": "Feature", "properties": { "osm_id": 216122070, "railway": "rail", "name": "", "ref": "", "operator": "", "usage": "main", "service": "", "electrified": "contact_line" }, "geometry": { "type": "LineString", "coordinates": [ [ 73.8708939, 18.5290269 ], [ 73.8705405, 18.5290988 ], [ 73.8700489, 18.5291726 ], [ 73.8696876, 18.5291884 ] ] } },
{ "type": "Feature", "properties": { "osm_id": 216122073, "railway": "rail", "name": "", "ref": "", "operator": "", "usage": "", "service": "yard", "electrified": "" }, "geometry": { "type": "LineString", "coordinates": [ [ 73.8656383, 18.5282163 ], [ 73.8662489, 18.5282163 ], [ 73.8666443, 18.5282334 ], [ 73.868078, 18.528331 ], [ 73.8688783, 18.528417 ] ] } },
{ "type": "Feature", "properties": { "osm_id": 216122076, "railway": "rail", "name": "", "ref": "", "operator": "", "usage": "", "service": "yard", "electrified": "contact_line" }, "geometry": { "type": "LineString", "coordinates": [ [ 73.8636393, 18.5288735 ], [ 73.8654544, 18.5289744 ], [ 73.8671769, 18.5290805 ], [ 73.8676409, 18.529101 ], [ 73.868015, 18.529075 ] ] } },
{ "type": "Feature", "properties": { "osm_id": 216122079, "railway": "rail", "name": "", "ref": "", "operator": "", "usage": "", "service": "yard", "electrified": "contact_line" }, "geometry": { "type": "LineString", "coordinates": [ [ 73.8618388, 18.5286763 ], [ 73.8622011, 18.5286517 ], [ 73.8627248, 18.5286323 ], [ 73.8632123, 18.5286477 ], [ 73.8632544, 18.5286501 ] ] } },
{ "type": "Feature", "properties": { "osm_id": 216122081, "railway": "rail", "name": "", "ref": "", "operator": "", "usage": "", "service": "yard", "electrified": "contact_line" }, "geometry": { "type": "LineString", "coordinates": [ [ 73.8636721, 18.5289959 ], [ 73.8654527, 18.5291193 ], [ 73.8669184, 18.5291968 ], [ 73.8672184, 18.529198 ], [ 73.8673913, 18.5291735 ] ] } },
{ "type": "Feature", "properties": { "osm_id": 216122088, "railway": "rail", "name": "", "ref": "", "operator": "", "usage": "", "service": "yard", "electrified": "" }, "geometry": { "type": "LineString", "coordinates": [ [ 73.8963944, 18.5279595 ], [ 73.8965886, 18.5277104 ], [ 73.8969257, 18.5274441 ], [ 73.8972683, 18.5271932 ], [ 73.8973563, 18.5271286 ], [ 73.897563, 18.5270123 ], [ 73.8976877, 18.5269466 ], [ 73.8979053, 18.5268319 ], [ 73.8981071, 18.5266941 ], [ 73.8983805, 18.5264829 ] ] } },
{ "type": "Feature", "properties": { "osm_id": 216122093, "railway": "rail", "name": "", "ref": "", "operator": "", "usage": "", "service": "yard", "electrified": "contact_line" }, "geometry": { "type": "LineString", "coordinates": [ [ 73.8695471, 18.5293827 ], [ 73.8691462, 18.5293451 ], [ 73.868121, 18.5292961 ], [ 73.8676716, 18.529313 ], [ 73.8672543, 18.5293539 ] ] } },
{ "type": "Feature", "properties": { "osm_id": 216122096, "railway": "rail", "name": "", "ref": "", "operator": "", "usage": "", "service": "yard", "electrified": "contact_line" }, "geometry": { "type": "LineString", "coordinates": [ [ 73.8658394, 18.528286 ], [ 73.866211, 18.5282677 ], [ 73.8669495, 18.5283019 ], [ 73.8676103, 18.5283652 ], [ 73.8679122, 18.5284195 ] ] } },
{ "type": "Feature", "properties": { "osm_id": 216122100, "railway": "rail", "name": "", "ref": "", "operator": "", "usage": "", "service": "yard", "electrified": "contact_line" }, "geometry": { "type": "LineString", "coordinates": [ [ 73.8695023, 18.5281658 ], [ 73.8698616, 18.5283969 ], [ 73.870044, 18.5284757 ], [ 73.8705496, 18.5286161 ], [ 73.8707301, 18.5286622 ] ] } },
{ "type": "Feature", "properties": { "osm_id": 216122103, "railway": "rail", "name": "", "ref": "", "operator": "", "usage": "", "service": "yard", "electrified": "contact_line" }, "geometry": { "type": "LineString", "coordinates": [ [ 73.88293, 18.5314046 ], [ 73.8838645, 18.5315283 ], [ 73.8848144, 18.5316009 ], [ 73.885297, 18.5316251 ], [ 73.8856392, 18.5316203 ] ] } },
{ "type": "Feature", "properties": { "osm_id": 216122108, "railway": "rail", "name": "", "ref": "", "operator": "", "usage": "", "service": "yard", "electrified": "contact_line" }, "geometry": { "type": "LineString", "coordinates": [ [ 73.8672543, 18.5293539 ], [ 73.8675718, 18.529292 ], [ 73.8679004, 18.5292492 ], [ 73.8681513, 18.5292424 ], [ 73.8690653, 18.5292964 ] ] } },
{ "type": "Feature", "properties": { "osm_id": 216122112, "railway": "rail", "name": "", "ref": "", "operator": "", "usage": "", "service": "yard", "electrified": "" }, "geometry": { "type": "LineString", "coordinates": [ [ 73.8891457, 18.5311952 ], [ 73.8897717, 18.5311086 ], [ 73.8942947, 18.5305727 ], [ 73.8950347, 18.5304736 ], [ 73.8955692, 18.5304137 ], [ 73.8959411, 18.5304068 ] ] } },
{ "type": "Feature", "properties": { "osm_id": 216122128, "railway": "rail", "name": "", "ref": "", "operator": "", "usage": "", "service": "yard", "electrified": "contact_line" }, "geometry": { "type": "LineString", "coordinates": [ [ 73.8654628, 18.5282945 ], [ 73.8658394, 18.528286 ], [ 73.866168, 18.5282963 ], [ 73.86693, 18.5283545 ], [ 73.8679122, 18.5284195 ], [ 73.868173, 18.5284726 ] ] } },
{ "type": "Feature", "properties": { "osm_id": 216122131, "railway": "rail", "name": "", "ref": "", "operator": "", "usage": "", "service": "yard", "electrified": "contact_line" }, "geometry": { "type": "LineString", "coordinates": [ [ 73.8650299, 18.5283473 ], [ 73.8653248, 18.5283339 ], [ 73.8659243, 18.528375 ], [ 73.8669065, 18.5284401 ], [ 73.8686182, 18.5285496 ], [ 73.8689169, 18.5285975 ] ] } },
{ "type": "Feature", "properties": { "osm_id": 216122135, "railway": "rail", "name": "", "ref": "", "operator": "", "usage": "", "service": "yard", "electrified": "contact_line" }, "geometry": { "type": "LineString", "coordinates": [ [ 73.8697259, 18.528701 ], [ 73.8701884, 18.5287415 ], [ 73.8703714, 18.5287577 ], [ 73.8708841, 18.5288245 ], [ 73.8711279, 18.528845 ], [ 73.8720469, 18.528869 ] ] } },
{ "type": "Feature", "properties": { "osm_id": 216122138, "railway": "rail", "name": "", "ref": "", "operator": "", "usage": "", "service": "yard", "electrified": "contact_line" }, "geometry": { "type": "LineString", "coordinates": [ [ 73.8798005, 18.5304995 ], [ 73.8803895, 18.5307039 ], [ 73.8809283, 18.5308758 ], [ 73.8813496, 18.5310101 ], [ 73.8817646, 18.5311263 ], [ 73.8821029, 18.531205 ], [ 73.8825957, 18.5313079 ] ] } },
{ "type": "Feature", "properties": { "osm_id": 216122142, "railway": "rail", "name": "", "ref": "", "operator": "", "usage": "", "service": "yard", "electrified": "" }, "geometry": { "type": "LineString", "coordinates": [ [ 73.891074, 18.5297601 ], [ 73.8915483, 18.5295201 ], [ 73.8918137, 18.5293951 ], [ 73.8923806, 18.5291537 ], [ 73.8927523, 18.5290206 ], [ 73.893043, 18.5289127 ], [ 73.8936244, 18.5286525 ] ] } },
{ "type": "Feature", "properties": { "osm_id": 216122149, "railway": "rail", "name": "", "ref": "", "operator": "", "usage": "", "service": "yard", "electrified": "contact_line" }, "geometry": { "type": "LineString", "coordinates": [ [ 73.8651315, 18.5284025 ], [ 73.8659169, 18.528471 ], [ 73.8669028, 18.5285309 ], [ 73.8679013, 18.5285891 ], [ 73.8683274, 18.5286182 ], [ 73.8690841, 18.5286562 ], [ 73.8692464, 18.5286644 ] ] } },
{ "type": "Feature", "properties": { "osm_id": 216122154, "railway": "rail", "name": "", "ref": "", "operator": "", "usage": "", "service": "yard", "electrified": "" }, "geometry": { "type": "LineString", "coordinates": [ [ 73.8889657, 18.530628 ], [ 73.8894506, 18.5304009 ], [ 73.8898004, 18.5302581 ], [ 73.8909064, 18.5299182 ], [ 73.8916619, 18.5296867 ], [ 73.8919996, 18.5295668 ], [ 73.8924695, 18.5293149 ] ] } },
{ "type": "Feature", "properties": { "osm_id": 216122158, "railway": "rail", "name": "", "ref": "", "operator": "", "usage": "", "service": "yard", "electrified": "" }, "geometry": { "type": "LineString", "coordinates": [ [ 73.8869208, 18.5317777 ], [ 73.8874769, 18.531625 ], [ 73.888042, 18.5314435 ], [ 73.8884988, 18.5313528 ], [ 73.8888275, 18.5313408 ], [ 73.8893601, 18.5313613 ], [ 73.889779, 18.5313389 ] ] } },
{ "type": "Feature", "properties": { "osm_id": 216122164, "railway": "rail", "name": "", "ref": "", "operator": "", "usage": "", "service": "yard", "electrified": "" }, "geometry": { "type": "LineString", "coordinates": [ [ 73.8930638, 18.5289589 ], [ 73.8933969, 18.5288635 ], [ 73.8937103, 18.528755 ], [ 73.894069, 18.5286309 ], [ 73.8948682, 18.5282774 ], [ 73.8952946, 18.5280886 ], [ 73.8957447, 18.527878 ] ] } },
{ "type": "Feature", "properties": { "osm_id": 216122167, "railway": "rail", "name": "", "ref": "", "operator": "", "usage": "", "service": "yard", "electrified": "contact_line" }, "geometry": { "type": "LineString", "coordinates": [ [ 73.864643, 18.5283497 ], [ 73.8650566, 18.528286 ], [ 73.8654628, 18.5282945 ], [ 73.8661742, 18.5283407 ], [ 73.8669326, 18.5283904 ], [ 73.868173, 18.5284726 ], [ 73.8686182, 18.5285496 ] ] } },
{ "type": "Feature", "properties": { "osm_id": 216122171, "railway": "rail", "name": "", "ref": "", "operator": "", "usage": "", "service": "yard", "electrified": "contact_line" }, "geometry": { "type": "LineString", "coordinates": [ [ 73.8801022, 18.5305851 ], [ 73.8804731, 18.5306477 ], [ 73.8812391, 18.530868 ], [ 73.8817166, 18.531006 ], [ 73.8820946, 18.531098 ], [ 73.882807, 18.5312432 ], [ 73.8834505, 18.531357 ], [ 73.8838539, 18.5314127 ] ] } },
{ "type": "Feature", "properties": { "osm_id": 216122175, "railway": "rail", "name": "", "ref": "", "operator": "", "usage": "", "service": "yard", "electrified": "contact_line" }, "geometry": { "type": "LineString", "coordinates": [ [ 73.8642181, 18.5284843 ], [ 73.8648625, 18.5284436 ], [ 73.865415, 18.5284778 ], [ 73.8665886, 18.5285566 ], [ 73.8677279, 18.5286336 ], [ 73.8685332, 18.5286661 ], [ 73.8687715, 18.528673 ], [ 73.8690841, 18.5286562 ] ] } },
{ "type": "Feature", "properties": { "osm_id": 216122177, "railway": "rail", "name": "", "ref": "", "operator": "", "usage": "", "service": "yard", "electrified": "" }, "geometry": { "type": "LineString", "coordinates": [ [ 73.8891457, 18.5311952 ], [ 73.8893804, 18.5311901 ], [ 73.8897812, 18.5311633 ], [ 73.8942967, 18.5306178 ], [ 73.8948263, 18.5305481 ], [ 73.8955872, 18.5304479 ], [ 73.8959411, 18.5304068 ], [ 73.8963185, 18.5303743 ] ] } },
{ "type": "Feature", "properties": { "osm_id": 216122181, "railway": "rail", "name": "", "ref": "", "operator": "", "usage": "", "service": "yard", "electrified": "" }, "geometry": { "type": "LineString", "coordinates": [ [ 73.8877614, 18.5312442 ], [ 73.8879299, 18.5311922 ], [ 73.8881827, 18.5311271 ], [ 73.8886215, 18.5310467 ], [ 73.8889591, 18.5309833 ], [ 73.8891802, 18.5309288 ], [ 73.8956355, 18.5289514 ], [ 73.8961654, 18.5287876 ] ] } },
{ "type": "Feature", "properties": { "osm_id": 216122182, "railway": "rail", "name": "", "ref": "", "operator": "", "usage": "", "service": "yard", "electrified": "" }, "geometry": { "type": "LineString", "coordinates": [ [ 73.8905292, 18.5299407 ], [ 73.891074, 18.5297601 ], [ 73.8916518, 18.5295889 ], [ 73.8924643, 18.5292294 ], [ 73.8928091, 18.5290738 ], [ 73.8930638, 18.5289589 ], [ 73.8933527, 18.5288305 ], [ 73.8936244, 18.5286525 ] ] } },
{ "type": "Feature", "properties": { "osm_id": 216122185, "railway": "rail", "name": "", "ref": "", "operator": "", "usage": "", "service": "yard", "electrified": "contact_line" }, "geometry": { "type": "LineString", "coordinates": [ [ 73.8606526, 18.5264177 ], [ 73.8609505, 18.5269604 ], [ 73.8611076, 18.5272788 ], [ 73.8613189, 18.5276435 ], [ 73.8614363, 18.5278061 ], [ 73.8616114, 18.5279773 ], [ 73.8619888, 18.5282632 ], [ 73.8620556, 18.5283009 ] ] } },
{ "type": "Feature", "properties": { "osm_id": 216122187, "railway": "rail", "name": "", "ref": "", "operator": "", "usage": "", "service": "yard", "electrified": "" }, "geometry": { "type": "LineString", "coordinates": [ [ 73.8879299, 18.5311922 ], [ 73.8882083, 18.5310789 ], [ 73.8891543, 18.5307894 ], [ 73.8945179, 18.5291454 ], [ 73.8952359, 18.5289184 ], [ 73.8958028, 18.5287707 ], [ 73.8961858, 18.5287319 ], [ 73.8965721, 18.5287431 ] ] } },
{ "type": "Feature", "properties": { "osm_id": 216122188, "railway": "rail", "name": "", "ref": "", "operator": "", "usage": "", "service": "yard", "electrified": "" }, "geometry": { "type": "LineString", "coordinates": [ [ 73.8891927, 18.5305548 ], [ 73.8898293, 18.5303544 ], [ 73.8937464, 18.5291797 ], [ 73.8949645, 18.5287754 ], [ 73.8954854, 18.5285841 ], [ 73.8958224, 18.5284171 ], [ 73.8961089, 18.5282098 ], [ 73.8963944, 18.5279595 ] ] } },
{ "type": "Feature", "properties": { "osm_id": 216122189, "railway": "rail", "name": "", "ref": "", "operator": "", "usage": "", "service": "yard", "electrified": "contact_line" }, "geometry": { "type": "LineString", "coordinates": [ [ 73.8638559, 18.5288337 ], [ 73.8645872, 18.5288773 ], [ 73.8654593, 18.5289321 ], [ 73.8670988, 18.5290382 ], [ 73.8676802, 18.5290656 ], [ 73.868015, 18.529075 ], [ 73.8683882, 18.5290951 ], [ 73.8686029, 18.5291067 ] ] } },
{ "type": "Feature", "properties": { "osm_id": 216122190, "railway": "rail", "name": "Pune - Daund Railway Line", "ref": "", "operator": "", "usage": "main", "service": "", "electrified": "contact_line" }, "geometry": { "type": "LineString", "coordinates": [ [ 73.9028373, 18.5298461 ], [ 73.9214098, 18.5276266 ], [ 73.9227776, 18.5274632 ], [ 73.9310702, 18.5264784 ], [ 73.9335939, 18.526163 ], [ 73.9340291, 18.5260935 ], [ 73.9344651, 18.5260203 ], [ 73.9348888, 18.5259352 ], [ 73.9352243, 18.5258516 ], [ 73.935626, 18.5257411 ], [ 73.948739, 18.5218113 ], [ 73.9516806, 18.5209297 ], [ 73.9522571, 18.5207356 ], [ 73.9527511, 18.5205595 ], [ 73.9539323, 18.5201279 ], [ 73.9548547, 18.5197583 ], [ 73.9580172, 18.518402 ], [ 73.9592754, 18.5178375 ], [ 73.9627426, 18.5163229 ], [ 73.9700501, 18.5131306 ], [ 73.9715419, 18.5124811 ], [ 73.9754702, 18.5107708 ] ] } },
{ "type": "Feature", "properties": { "osm_id": 216122192, "railway": "rail", "name": "", "ref": "", "operator": "", "usage": "", "service": "yard", "electrified": "contact_line" }, "geometry": { "type": "LineString", "coordinates": [ [ 73.869521, 18.5287051 ], [ 73.8698616, 18.5287986 ], [ 73.8700033, 18.5288446 ], [ 73.870119, 18.5288678 ], [ 73.8703774, 18.5289197 ], [ 73.8705705, 18.5289499 ], [ 73.8706889, 18.5289572 ], [ 73.8711039, 18.5289608 ], [ 73.8712545, 18.5289759 ] ] } },
{ "type": "Feature", "properties": { "osm_id": 216122194, "railway": "rail", "name": "", "ref": "", "operator": "", "usage": "", "service": "yard", "electrified": "contact_line" }, "geometry": { "type": "LineString", "coordinates": [ [ 73.8666221, 18.529468 ], [ 73.8669477, 18.5293979 ], [ 73.8673192, 18.5293179 ], [ 73.867807, 18.5292016 ], [ 73.8681823, 18.5291581 ], [ 73.8684789, 18.5291814 ], [ 73.8686989, 18.5292122 ], [ 73.8689714, 18.5292404 ], [ 73.8693186, 18.5292743 ] ] } },
{ "type": "Feature", "properties": { "osm_id": 216122195, "railway": "rail", "name": "Pune - Miraj Railway Line", "ref": "", "operator": "", "usage": "main", "service": "", "electrified": "contact_line" }, "geometry": { "type": "LineString", "coordinates": [ [ 73.8827133, 18.5314481 ], [ 73.8834321, 18.5315515 ], [ 73.884711, 18.5316747 ], [ 73.884886, 18.5316801 ], [ 73.8853161, 18.5316941 ], [ 73.8856015, 18.5316919 ], [ 73.8858872, 18.5316808 ] ] } },
{ "type": "Feature", "properties": { "osm_id": 216122197, "railway": "rail", "name": "", "ref": "", "operator": "", "usage": "", "service": "yard", "electrified": "contact_line" }, "geometry": { "type": "LineString", "coordinates": [ [ 73.8636522, 18.5289511 ], [ 73.8654507, 18.5290646 ], [ 73.8669215, 18.5291542 ], [ 73.8673913, 18.5291735 ], [ 73.867759, 18.5291421 ], [ 73.8681242, 18.5290994 ], [ 73.8683882, 18.5290951 ], [ 73.8686677, 18.5291405 ], [ 73.8693186, 18.5292743 ] ] } },
{ "type": "Feature", "properties": { "osm_id": 217138696, "railway": "rail", "name": "", "ref": "", "operator": "", "usage": "", "service": "yard", "electrified": "contact_line" }, "geometry": { "type": "LineString", "coordinates": [ [ 73.8423424, 18.5604464 ], [ 73.8423313, 18.5604637 ], [ 73.8418175, 18.5612628 ], [ 73.841645, 18.5615234 ], [ 73.8414806, 18.5617393 ], [ 73.841204, 18.5620652 ], [ 73.8393063, 18.5647585 ], [ 73.8392206, 18.5648958 ], [ 73.8391409, 18.5650793 ], [ 73.839054, 18.5652856 ], [ 73.8389885, 18.5654586 ] ] } },
{ "type": "Feature", "properties": { "osm_id": 217138699, "railway": "rail", "name": "", "ref": "", "operator": "", "usage": "", "service": "siding", "electrified": "contact_line" }, "geometry": { "type": "LineString", "coordinates": [ [ 73.8382942, 18.5670975 ], [ 73.8385666, 18.5665315 ], [ 73.8387989, 18.566141 ], [ 73.8393361, 18.5653128 ], [ 73.8397561, 18.5647173 ], [ 73.8402372, 18.5640316 ], [ 73.8405583, 18.5635739 ], [ 73.8409166, 18.5630663 ], [ 73.8414577, 18.5622986 ], [ 73.8419436, 18.5616104 ], [ 73.8424407, 18.5609039 ], [ 73.8425433, 18.5608202 ] ] } },
{ "type": "Feature", "properties": { "osm_id": 217138700, "railway": "rail", "name": "", "ref": "", "operator": "", "usage": "", "service": "yard", "electrified": "contact_line" }, "geometry": { "type": "LineString", "coordinates": [ [ 73.839054, 18.5652856 ], [ 73.8391668, 18.5650942 ], [ 73.8392592, 18.5649176 ], [ 73.8393419, 18.5647797 ], [ 73.8412395, 18.5620864 ], [ 73.8415332, 18.5617469 ], [ 73.8415908, 18.5616692 ] ] } },
{ "type": "Feature", "properties": { "osm_id": 217138701, "railway": "rail", "name": "", "ref": "", "operator": "", "usage": "", "service": "siding", "electrified": "contact_line" }, "geometry": { "type": "LineString", "coordinates": [ [ 73.8383408, 18.5671221 ], [ 73.838682, 18.5665935 ], [ 73.8389131, 18.5662049 ], [ 73.8393762, 18.5654911 ], [ 73.8394477, 18.5653807 ], [ 73.8398665, 18.5647871 ], [ 73.8403491, 18.5640992 ], [ 73.8406687, 18.5636437 ], [ 73.8410269, 18.5631362 ], [ 73.841568, 18.5623685 ], [ 73.8420539, 18.5616803 ], [ 73.8425529, 18.5609711 ], [ 73.8426329, 18.5608433 ], [ 73.8427246, 18.5606982 ], [ 73.842819, 18.5605014 ] ] } },
{ "type": "Feature", "properties": { "osm_id": 217138702, "railway": "rail", "name": "Mumbai–Pune Railway", "ref": "", "operator": "", "usage": "main", "service": "", "electrified": "contact_line" }, "geometry": { "type": "LineString", "coordinates": [ [ 73.8425433, 18.5608202 ], [ 73.8424768, 18.5609255 ], [ 73.841979, 18.5616329 ], [ 73.8414932, 18.5623211 ], [ 73.840952, 18.5630887 ], [ 73.8405938, 18.5635964 ], [ 73.8397916, 18.5647398 ], [ 73.839372, 18.5653346 ], [ 73.8388356, 18.5661615 ], [ 73.8386037, 18.5665515 ], [ 73.8382942, 18.5670975 ] ] } },
{ "type": "Feature", "properties": { "osm_id": 217138703, "railway": "rail", "name": "", "ref": "", "operator": "", "usage": "", "service": "crossover", "electrified": "contact_line" }, "geometry": { "type": "LineString", "coordinates": [ [ 73.8426879, 18.5606774 ], [ 73.8427764, 18.5604779 ] ] } },
{ "type": "Feature", "properties": { "osm_id": 217138704, "railway": "rail", "name": "", "ref": "", "operator": "", "usage": "", "service": "yard", "electrified": "contact_line" }, "geometry": { "type": "LineString", "coordinates": [ [ 73.8386344, 18.5661045 ], [ 73.8387853, 18.5658743 ] ] } },
{ "type": "Feature", "properties": { "osm_id": 217138705, "railway": "rail", "name": "", "ref": "", "operator": "", "usage": "", "service": "yard", "electrified": "contact_line" }, "geometry": { "type": "LineString", "coordinates": [ [ 73.8372898, 18.5689128 ], [ 73.8377236, 18.5678527 ], [ 73.8385015, 18.5664997 ] ] } },
{ "type": "Feature", "properties": { "osm_id": 217138707, "railway": "rail", "name": "", "ref": "", "operator": "", "usage": "", "service": "yard", "electrified": "contact_line" }, "geometry": { "type": "LineString", "coordinates": [ [ 73.8372672, 18.5686535 ], [ 73.8376133, 18.567846 ], [ 73.8378063, 18.5674764 ], [ 73.838227, 18.5667439 ], [ 73.8386344, 18.5661045 ] ] } },
{ "type": "Feature", "properties": { "osm_id": 217138708, "railway": "rail", "name": "", "ref": "", "operator": "", "usage": "", "service": "yard", "electrified": "contact_line" }, "geometry": { "type": "LineString", "coordinates": [ [ 73.8372189, 18.5686349 ], [ 73.8375657, 18.5678257 ], [ 73.8377601, 18.5674537 ], [ 73.8381812, 18.5667203 ], [ 73.8384512, 18.5663281 ], [ 73.8386344, 18.5661045 ] ] } },
{ "type": "Feature", "properties": { "osm_id": 217138709, "railway": "rail", "name": "Mumbai–Pune Railway", "ref": "", "operator": "", "usage": "main", "service": "", "electrified": "contact_line" }, "geometry": { "type": "LineString", "coordinates": [ [ 73.8436749, 18.5588575 ], [ 73.8435324, 18.5591283 ], [ 73.8433573, 18.5594588 ], [ 73.84324, 18.5596801 ], [ 73.8429059, 18.5602689 ], [ 73.8427764, 18.5604779 ] ] } },
{ "type": "Feature", "properties": { "osm_id": 217138710, "railway": "rail", "name": "", "ref": "", "operator": "", "usage": "", "service": "yard", "electrified": "contact_line" }, "geometry": { "type": "LineString", "coordinates": [ [ 73.8415332, 18.5617469 ], [ 73.841271, 18.5621076 ], [ 73.8393733, 18.5648009 ], [ 73.8392895, 18.5649362 ], [ 73.8391924, 18.565106 ], [ 73.839099, 18.5652788 ] ] } },
{ "type": "Feature", "properties": { "osm_id": 217140685, "railway": "rail", "name": "", "ref": "", "operator": "", "usage": "military", "service": "spur", "electrified": "no" }, "geometry": { "type": "LineString", "coordinates": [ [ 73.8445591, 18.5695403 ], [ 73.8449061, 18.5695633 ], [ 73.8452202, 18.56961 ], [ 73.8454741, 18.5696568 ], [ 73.8457626, 18.5697208 ], [ 73.8460347, 18.5697901 ], [ 73.8464164, 18.5699182 ], [ 73.8470574, 18.5701761 ], [ 73.8474902, 18.5703509 ], [ 73.8478244, 18.5705448 ] ] } },
{ "type": "Feature", "properties": { "osm_id": 217140687, "railway": "rail", "name": "", "ref": "", "operator": "", "usage": "military", "service": "spur", "electrified": "no" }, "geometry": { "type": "LineString", "coordinates": [ [ 73.844897, 18.5696083 ], [ 73.8451709, 18.5696481 ], [ 73.8454631, 18.5696966 ], [ 73.8457498, 18.5697589 ], [ 73.8460256, 18.5698351 ], [ 73.8463981, 18.5699597 ], [ 73.8470409, 18.5702159 ], [ 73.8478244, 18.5705448 ], [ 73.8479175, 18.5705795 ], [ 73.8479666, 18.5705982 ], [ 73.8482535, 18.5707076 ], [ 73.8485694, 18.5707924 ], [ 73.8488927, 18.5708495 ], [ 73.8493191, 18.5709048 ], [ 73.8497017, 18.5709395 ] ] } },
{ "type": "Feature", "properties": { "osm_id": 217140688, "railway": "rail", "name": "", "ref": "", "operator": "", "usage": "military", "service": "spur", "electrified": "no" }, "geometry": { "type": "LineString", "coordinates": [ [ 73.843678, 18.569389 ], [ 73.8445105, 18.569532 ], [ 73.8445591, 18.5695403 ], [ 73.844897, 18.5696083 ], [ 73.845118, 18.5696706 ], [ 73.8454576, 18.5697485 ], [ 73.845737, 18.5697987 ], [ 73.8460128, 18.5698801 ], [ 73.8463835, 18.570003 ], [ 73.8470208, 18.5702488 ], [ 73.8479011, 18.5706245 ], [ 73.8479486, 18.5706416 ], [ 73.8482371, 18.5707456 ], [ 73.8485603, 18.5708305 ], [ 73.8488836, 18.5708841 ], [ 73.8493145, 18.5709291 ], [ 73.8497017, 18.5709395 ] ] } },
{ "type": "Feature", "properties": { "osm_id": 217140689, "railway": "rail", "name": "", "ref": "", "operator": "", "usage": "military", "service": "spur", "electrified": "no" }, "geometry": { "type": "LineString", "coordinates": [ [ 73.8591791, 18.5656276 ], [ 73.8595216, 18.5657181 ] ] } },
{ "type": "Feature", "properties": { "osm_id": 217140691, "railway": "rail", "name": "", "ref": "", "operator": "", "usage": "industrial", "service": "spur", "electrified": "no" }, "geometry": { "type": "LineString", "coordinates": [ [ 73.9211851, 18.5274948 ], [ 73.9228424, 18.5272681 ] ] } },
{ "type": "Feature", "properties": { "osm_id": 217140692, "railway": "rail", "name": "", "ref": "", "operator": "", "usage": "military", "service": "spur", "electrified": "no" }, "geometry": { "type": "LineString", "coordinates": [ [ 73.8558476, 18.5752454 ], [ 73.8563479, 18.5753683 ] ] } },
{ "type": "Feature", "properties": { "osm_id": 217140694, "railway": "rail", "name": "", "ref": "", "operator": "", "usage": "military", "service": "spur", "electrified": "no" }, "geometry": { "type": "LineString", "coordinates": [ [ 73.8497017, 18.5709395 ], [ 73.8501235, 18.5709724 ], [ 73.8504029, 18.5709724 ], [ 73.8510147, 18.5709153 ], [ 73.8513315, 18.5708762 ], [ 73.8514639, 18.5708599 ], [ 73.8517577, 18.570803 ], [ 73.8521798, 18.570685 ], [ 73.8525122, 18.5705085 ], [ 73.8528391, 18.5703111 ], [ 73.8530564, 18.5701086 ], [ 73.8532353, 18.5698957 ], [ 73.8533795, 18.5696928 ], [ 73.8534088, 18.5696516 ], [ 73.8535421, 18.5693348 ], [ 73.8545862, 18.5669098 ], [ 73.8548077, 18.5663953 ], [ 73.8549183, 18.5662372 ], [ 73.8550901, 18.5660255 ], [ 73.8552124, 18.5659167 ], [ 73.8552773, 18.565859 ], [ 73.8554032, 18.5657657 ], [ 73.8554839, 18.565706 ], [ 73.8557499, 18.5655701 ], [ 73.8560443, 18.5654575 ], [ 73.8563659, 18.5653804 ], [ 73.8567145, 18.5653742 ], [ 73.8570968, 18.5654195 ], [ 73.8573579, 18.5654504 ], [ 73.8576379, 18.5654902 ], [ 73.8579018, 18.5655466 ], [ 73.858182, 18.5655977 ], [ 73.8600872, 18.5658333 ] ] } },
{ "type": "Feature", "properties": { "osm_id": 217140695, "railway": "rail", "name": "", "ref": "", "operator": "", "usage": "military", "service": "spur", "electrified": "no" }, "geometry": { "type": "LineString", "coordinates": [ [ 73.8596031, 18.574631 ], [ 73.8598871, 18.5744249 ], [ 73.8600368, 18.5743522 ] ] } },
{ "type": "Feature", "properties": { "osm_id": 217140696, "railway": "rail", "name": "", "ref": "", "operator": "", "usage": "military", "service": "spur", "electrified": "no" }, "geometry": { "type": "LineString", "coordinates": [ [ 73.8570968, 18.5654195 ], [ 73.8572759, 18.5654893 ], [ 73.8578634, 18.5657573 ] ] } },
{ "type": "Feature", "properties": { "osm_id": 217140697, "railway": "rail", "name": "", "ref": "", "operator": "", "usage": "military", "service": "spur", "electrified": "no" }, "geometry": { "type": "LineString", "coordinates": [ [ 73.8497017, 18.5709395 ], [ 73.8501235, 18.5710157 ], [ 73.8503975, 18.5710849 ], [ 73.8508267, 18.5712204 ], [ 73.8512038, 18.5713943 ], [ 73.8516144, 18.5716244 ], [ 73.8519269, 18.5718472 ], [ 73.8522372, 18.5721053 ], [ 73.8524965, 18.5723771 ], [ 73.8527157, 18.5726523 ], [ 73.8528855, 18.5728999 ], [ 73.8532745, 18.5735248 ], [ 73.8535247, 18.5738502 ], [ 73.8537803, 18.5741255 ], [ 73.8540762, 18.5743886 ], [ 73.8543775, 18.574598 ], [ 73.8546971, 18.5748023 ], [ 73.8547709, 18.5748406 ], [ 73.8550276, 18.5749737 ], [ 73.8554988, 18.5751468 ], [ 73.8558476, 18.5752454 ], [ 73.8561507, 18.5752905 ], [ 73.8565525, 18.5753164 ], [ 73.8566257, 18.5753181 ], [ 73.8569292, 18.5753046 ], [ 73.8573414, 18.5752593 ], [ 73.8579513, 18.5751312 ], [ 73.8584444, 18.5750343 ], [ 73.8587356, 18.5749374 ], [ 73.859011, 18.5748432 ], [ 73.8596031, 18.574631 ], [ 73.8600788, 18.5744647 ] ] } },
{ "type": "Feature", "properties": { "osm_id": 217140699, "railway": "rail", "name": "", "ref": "", "operator": "", "usage": "industrial", "service": "spur", "electrified": "no" }, "geometry": { "type": "LineString", "coordinates": [ [ 73.9164586, 18.5278523 ], [ 73.9168057, 18.5278416 ], [ 73.916895, 18.5278439 ], [ 73.9169517, 18.5278454 ], [ 73.9174059, 18.5278814 ], [ 73.9178747, 18.5278868 ] ] } },
{ "type": "Feature", "properties": { "osm_id": 217140700, "railway": "rail", "name": "", "ref": "", "operator": "", "usage": "military", "service": "spur", "electrified": "no" }, "geometry": { "type": "LineString", "coordinates": [ [ 73.8576379, 18.5654902 ], [ 73.8579169, 18.5655117 ], [ 73.8581844, 18.5655532 ], [ 73.8595216, 18.5657181 ], [ 73.8602589, 18.5658091 ] ] } },
{ "type": "Feature", "properties": { "osm_id": 217140703, "railway": "rail", "name": "", "ref": "", "operator": "", "usage": "military", "service": "spur", "electrified": "no" }, "geometry": { "type": "LineString", "coordinates": [ [ 73.8573579, 18.5654504 ], [ 73.8576338, 18.5654511 ], [ 73.8579205, 18.5654684 ], [ 73.8581872, 18.565503 ], [ 73.8591791, 18.5656276 ], [ 73.8601, 18.5657433 ] ] } },
{ "type": "Feature", "properties": { "osm_id": 217140705, "railway": "rail", "name": "", "ref": "", "operator": "", "usage": "military", "service": "spur", "electrified": "no" }, "geometry": { "type": "LineString", "coordinates": [ [ 73.8567591, 18.5755144 ], [ 73.8573617, 18.5752997 ], [ 73.8574969, 18.575272 ], [ 73.8579626, 18.5751803 ], [ 73.8584648, 18.575066 ], [ 73.8587449, 18.5749644 ], [ 73.859011, 18.5748432 ] ] } },
{ "type": "Feature", "properties": { "osm_id": 217140707, "railway": "rail", "name": "", "ref": "", "operator": "", "usage": "industrial", "service": "spur", "electrified": "no" }, "geometry": { "type": "LineString", "coordinates": [ [ 73.9149639, 18.5280261 ], [ 73.9167394, 18.5279345 ], [ 73.9168471, 18.5279345 ], [ 73.9168738, 18.5279345 ], [ 73.9174046, 18.5279345 ], [ 73.9178747, 18.5278868 ], [ 73.9183133, 18.527837 ], [ 73.9211851, 18.5274948 ], [ 73.9219884, 18.5274646 ] ] } },
{ "type": "Feature", "properties": { "osm_id": 217725240, "railway": "rail", "name": "", "ref": "", "operator": "", "usage": "", "service": "siding", "electrified": "contact_line" }, "geometry": { "type": "LineString", "coordinates": [ [ 73.8501767, 18.5368374 ], [ 73.8502158, 18.5367363 ], [ 73.8503006, 18.5365166 ], [ 73.8503404, 18.5363845 ], [ 73.8510472, 18.5338171 ], [ 73.8512332, 18.5332675 ], [ 73.8513417, 18.532988 ], [ 73.8515102, 18.5326241 ], [ 73.8516915, 18.532274 ], [ 73.8518729, 18.5319668 ], [ 73.8520657, 18.5316812 ], [ 73.8524252, 18.5312052 ], [ 73.8528301, 18.530746 ], [ 73.8530002, 18.5305694 ], [ 73.8530973, 18.530462 ], [ 73.8533116, 18.5302348 ] ] } },
{ "type": "Feature", "properties": { "osm_id": 217725242, "railway": "rail", "name": "", "ref": "", "operator": "", "usage": "", "service": "siding", "electrified": "contact_line" }, "geometry": { "type": "LineString", "coordinates": [ [ 73.8532761, 18.5301987 ], [ 73.8530177, 18.5303801 ], [ 73.8528944, 18.5304806 ], [ 73.852718, 18.530663 ], [ 73.8523138, 18.5311245 ], [ 73.8519553, 18.5316185 ], [ 73.8517605, 18.5318962 ], [ 73.8515719, 18.5322071 ], [ 73.8513783, 18.5325687 ], [ 73.8512085, 18.5329348 ], [ 73.8510951, 18.533222 ], [ 73.8509121, 18.5337794 ], [ 73.8502044, 18.5363499 ], [ 73.8501805, 18.5364788 ], [ 73.850136, 18.5367126 ], [ 73.8501157, 18.5368196 ] ] } },
{ "type": "Feature", "properties": { "osm_id": 217725243, "railway": "rail", "name": "Mumbai–Pune Railway", "ref": "", "operator": "", "usage": "main", "service": "", "electrified": "contact_line" }, "geometry": { "type": "LineString", "coordinates": [ [ 73.8450516, 18.5552848 ], [ 73.8450118, 18.5554247 ] ] } },
{ "type": "Feature", "properties": { "osm_id": 217725248, "railway": "rail", "name": "Mumbai–Pune Railway", "ref": "", "operator": "", "usage": "main", "service": "", "electrified": "contact_line" }, "geometry": { "type": "LineString", "coordinates": [ [ 73.847389, 18.5467763 ], [ 73.8473574, 18.5468917 ] ] } },
{ "type": "Feature", "properties": { "osm_id": 217725250, "railway": "rail", "name": "Mumbai–Pune Railway", "ref": "", "operator": "", "usage": "main", "service": "", "electrified": "contact_line" }, "geometry": { "type": "LineString", "coordinates": [ [ 73.8532761, 18.5301987 ], [ 73.8530353, 18.5304061 ], [ 73.8527559, 18.5306895 ], [ 73.8523471, 18.5311498 ], [ 73.8519873, 18.5316345 ], [ 73.8517915, 18.5319222 ], [ 73.8516103, 18.5322272 ], [ 73.8514244, 18.5325843 ], [ 73.8512567, 18.5329549 ], [ 73.8511407, 18.5332397 ], [ 73.8509568, 18.5337921 ], [ 73.8502146, 18.5364895 ], [ 73.8501468, 18.5367157 ], [ 73.8501157, 18.5368196 ] ] } },
{ "type": "Feature", "properties": { "osm_id": 217725252, "railway": "rail", "name": "Mumbai–Pune Railway", "ref": "", "operator": "", "usage": "main", "service": "", "electrified": "contact_line" }, "geometry": { "type": "LineString", "coordinates": [ [ 73.8473574, 18.5468917 ], [ 73.8452292, 18.5546447 ], [ 73.8450516, 18.5552848 ] ] } },
{ "type": "Feature", "properties": { "osm_id": 217725254, "railway": "rail", "name": "Mumbai–Pune Railway", "ref": "", "operator": "", "usage": "main", "service": "", "electrified": "contact_line" }, "geometry": { "type": "LineString", "coordinates": [ [ 73.8445877, 18.556743 ], [ 73.8443992, 18.5572288 ], [ 73.8442714, 18.5575597 ], [ 73.8440407, 18.5580859 ], [ 73.8438487, 18.5585019 ], [ 73.8436749, 18.5588575 ] ] } },
{ "type": "Feature", "properties": { "osm_id": 235145486, "railway": "rail", "name": "", "ref": "", "operator": "", "usage": "", "service": "siding", "electrified": "contact_line" }, "geometry": { "type": "LineString", "coordinates": [ [ 73.7932849, 18.6361845 ], [ 73.7932267, 18.6367011 ], [ 73.7931935, 18.6368378 ], [ 73.7930523, 18.6372763 ], [ 73.7929315, 18.637576 ], [ 73.7925791, 18.6383617 ], [ 73.7923775, 18.638768 ], [ 73.7921723, 18.6391568 ], [ 73.7919431, 18.6395547 ], [ 73.7916185, 18.640057 ], [ 73.7912354, 18.6405917 ], [ 73.790878, 18.6410294 ], [ 73.7906778, 18.6412596 ], [ 73.7904642, 18.6414858 ], [ 73.79011, 18.6418631 ], [ 73.7896812, 18.6422521 ], [ 73.7892432, 18.6426263 ], [ 73.7887986, 18.642976 ], [ 73.7884013, 18.6432246 ] ] } },
{ "type": "Feature", "properties": { "osm_id": 235145488, "railway": "rail", "name": "", "ref": "", "operator": "", "usage": "", "service": "crossover", "electrified": "contact_line" }, "geometry": { "type": "LineString", "coordinates": [ [ 73.7931935, 18.6368378 ], [ 73.793095, 18.6373401 ], [ 73.7930578, 18.6375247 ], [ 73.7930144, 18.637678 ], [ 73.792927, 18.6378873 ], [ 73.792695, 18.6384168 ], [ 73.7925054, 18.6388123 ], [ 73.792311, 18.6392254 ], [ 73.7920785, 18.639629 ], [ 73.7917493, 18.6401383 ], [ 73.7913526, 18.6406741 ], [ 73.7911727, 18.6408944 ], [ 73.7909857, 18.6411066 ], [ 73.7905378, 18.6415407 ], [ 73.7901672, 18.6419147 ], [ 73.7897283, 18.6423044 ], [ 73.7892788, 18.6426573 ], [ 73.7890293, 18.6428229 ], [ 73.7887986, 18.642976 ] ] } },
{ "type": "Feature", "properties": { "osm_id": 235145489, "railway": "rail", "name": "Mumbai–Pune Railway", "ref": "", "operator": "", "usage": "main", "service": "", "electrified": "contact_line" }, "geometry": { "type": "LineString", "coordinates": [ [ 73.8357109, 18.5735792 ], [ 73.8348983, 18.5756561 ] ] } },
{ "type": "Feature", "properties": { "osm_id": 235145490, "railway": "rail", "name": "", "ref": "", "operator": "", "usage": "", "service": "siding", "electrified": "" }, "geometry": { "type": "LineString", "coordinates": [ [ 73.7931069, 18.6364388 ], [ 73.7929726, 18.6368049 ], [ 73.7928354, 18.6371901 ], [ 73.792702, 18.6374979 ], [ 73.7923241, 18.6382547 ], [ 73.7921469, 18.6386212 ], [ 73.792126, 18.6386643 ], [ 73.7919305, 18.6390434 ], [ 73.7916841, 18.6394314 ], [ 73.7913505, 18.639894 ], [ 73.7910276, 18.6404136 ], [ 73.7908071, 18.6407878 ], [ 73.7907274, 18.6409148 ], [ 73.7905298, 18.6411577 ], [ 73.790311, 18.6414127 ], [ 73.7899808, 18.6417463 ], [ 73.7891574, 18.6425024 ], [ 73.7887905, 18.642821 ] ] } },
{ "type": "Feature", "properties": { "osm_id": 235145491, "railway": "rail", "name": "", "ref": "", "operator": "", "usage": "", "service": "yard", "electrified": "" }, "geometry": { "type": "LineString", "coordinates": [ [ 73.7969476, 18.6290674 ], [ 73.796166, 18.6299365 ], [ 73.795917, 18.630221 ], [ 73.7956296, 18.6305801 ], [ 73.7953441, 18.6309883 ], [ 73.7951778, 18.6312394 ], [ 73.7949715, 18.6315645 ], [ 73.7948004, 18.6318441 ], [ 73.7946939, 18.6320534 ], [ 73.7944471, 18.6326061 ], [ 73.7942787, 18.6330016 ], [ 73.7941432, 18.6333121 ], [ 73.7940426, 18.633532 ], [ 73.7939564, 18.6337332 ], [ 73.793898, 18.6339299 ], [ 73.7938615, 18.6341329 ], [ 73.7938129, 18.6344352 ], [ 73.7936857, 18.6351759 ], [ 73.7936239, 18.6354363 ], [ 73.7935624, 18.6356276 ], [ 73.7934529, 18.6359514 ], [ 73.7933445, 18.6362808 ], [ 73.7932267, 18.6367011 ] ] } },
{ "type": "Feature", "properties": { "osm_id": 235145492, "railway": "rail", "name": "", "ref": "", "operator": "", "usage": "", "service": "siding", "electrified": "contact_line" }, "geometry": { "type": "LineString", "coordinates": [ [ 73.7934208, 18.6353558 ], [ 73.7932937, 18.6357607 ], [ 73.7931845, 18.6361625 ], [ 73.7931253, 18.6363734 ], [ 73.7931069, 18.6364388 ], [ 73.7930375, 18.636768 ], [ 73.7929133, 18.6372145 ], [ 73.7927913, 18.6375311 ], [ 73.7927108, 18.6377136 ], [ 73.7924491, 18.638307 ], [ 73.7922496, 18.6387092 ], [ 73.7920463, 18.6390943 ], [ 73.79182, 18.6394872 ], [ 73.7914995, 18.639983 ], [ 73.7911205, 18.6405122 ], [ 73.790767, 18.6409451 ], [ 73.7905676, 18.6411744 ], [ 73.7903357, 18.6414317 ], [ 73.7900046, 18.6417837 ], [ 73.7895832, 18.6421544 ], [ 73.789185, 18.6425187 ], [ 73.7887905, 18.642821 ], [ 73.7886803, 18.6429044 ], [ 73.788482, 18.6430731 ], [ 73.7883319, 18.6431849 ], [ 73.7880544, 18.6433842 ] ] } },
{ "type": "Feature", "properties": { "osm_id": 235145496, "railway": "rail", "name": "Mumbai–Pune Railway", "ref": "", "operator": "", "usage": "main", "service": "", "electrified": "contact_line" }, "geometry": { "type": "LineString", "coordinates": [ [ 73.8383408, 18.5671221 ], [ 73.838644, 18.5665716 ], [ 73.8388748, 18.566187 ], [ 73.8394108, 18.5653575 ], [ 73.8398295, 18.5647652 ], [ 73.8406327, 18.5636205 ], [ 73.8409895, 18.5631148 ], [ 73.841531, 18.562345 ], [ 73.8420174, 18.5616576 ], [ 73.8425171, 18.560949 ], [ 73.842616, 18.5607987 ], [ 73.8426879, 18.5606774 ], [ 73.842819, 18.5605014 ] ] } },
{ "type": "Feature", "properties": { "osm_id": 235145498, "railway": "rail", "name": "Mumbai–Pune Railway", "ref": "", "operator": "", "usage": "main", "service": "", "electrified": "contact_line" }, "geometry": { "type": "LineString", "coordinates": [ [ 73.8382942, 18.5670975 ], [ 73.8381142, 18.5674748 ], [ 73.8379674, 18.5677893 ], [ 73.8379055, 18.5679249 ], [ 73.8378027, 18.5681423 ], [ 73.8376663, 18.5684714 ], [ 73.8365603, 18.5713605 ], [ 73.8357109, 18.5735792 ] ] } },
{ "type": "Feature", "properties": { "osm_id": 235145499, "railway": "rail", "name": "", "ref": "", "operator": "", "usage": "", "service": "yard", "electrified": "" }, "geometry": { "type": "LineString", "coordinates": [ [ 73.7886803, 18.6429044 ], [ 73.7883635, 18.643126 ], [ 73.7880556, 18.6433221 ], [ 73.7877319, 18.6435058 ], [ 73.7873559, 18.6437074 ], [ 73.7867285, 18.6440071 ], [ 73.7866984, 18.6440207 ] ] } },
{ "type": "Feature", "properties": { "osm_id": 235145501, "railway": "rail", "name": "", "ref": "", "operator": "", "usage": "", "service": "spur", "electrified": "" }, "geometry": { "type": "LineString", "coordinates": [ [ 73.7938375, 18.6345963 ], [ 73.793856, 18.6348219 ], [ 73.7938985, 18.6350149 ], [ 73.7939828, 18.6352421 ], [ 73.7941823, 18.6356602 ], [ 73.7948431, 18.6368657 ] ] } },
{ "type": "Feature", "properties": { "osm_id": 238567588, "railway": "rail", "name": "", "ref": "", "operator": "", "usage": "", "service": "yard", "electrified": "" }, "geometry": { "type": "LineString", "coordinates": [ [ 73.8905456, 18.5306996 ], [ 73.8907141, 18.5306572 ], [ 73.8928486, 18.5300491 ], [ 73.8931479, 18.5299691 ], [ 73.8946186, 18.5296111 ], [ 73.8951057, 18.5294995 ], [ 73.8959496, 18.5293545 ] ] } },
{ "type": "Feature", "properties": { "osm_id": 238567591, "railway": "rail", "name": "", "ref": "", "operator": "", "usage": "", "service": "yard", "electrified": "" }, "geometry": { "type": "LineString", "coordinates": [ [ 73.8901471, 18.5308833 ], [ 73.8907284, 18.5307 ], [ 73.8928619, 18.5300923 ], [ 73.8931603, 18.5300125 ], [ 73.8946301, 18.5296547 ], [ 73.8951155, 18.5295435 ], [ 73.895958, 18.5293986 ] ] } },
{ "type": "Feature", "properties": { "osm_id": 238567593, "railway": "rail", "name": "", "ref": "", "operator": "", "usage": "", "service": "yard", "electrified": "" }, "geometry": { "type": "LineString", "coordinates": [ [ 73.8901471, 18.5308833 ], [ 73.8905456, 18.5306996 ], [ 73.890846, 18.5305562 ], [ 73.8910179, 18.5304917 ], [ 73.8928342, 18.5300108 ], [ 73.8931356, 18.5299257 ], [ 73.8946072, 18.5295675 ], [ 73.8950959, 18.5294556 ], [ 73.8959411, 18.5293103 ] ] } },
{ "type": "Feature", "properties": { "osm_id": 247057428, "railway": "rail", "name": "Pune - Daund Railway Line", "ref": "", "operator": "", "usage": "main", "service": "", "electrified": "contact_line" }, "geometry": { "type": "LineString", "coordinates": [ [ 73.9870915, 18.5056431 ], [ 73.9869401, 18.5057137 ] ] } },
{ "type": "Feature", "properties": { "osm_id": 247057429, "railway": "rail", "name": "Pune - Daund Railway Line", "ref": "", "operator": "", "usage": "main", "service": "", "electrified": "contact_line" }, "geometry": { "type": "LineString", "coordinates": [ [ 73.9869662, 18.5057567 ], [ 73.9871198, 18.5056834 ] ] } },
{ "type": "Feature", "properties": { "osm_id": 247057433, "railway": "rail", "name": "Pune - Daund Railway Line", "ref": "", "operator": "", "usage": "main", "service": "", "electrified": "contact_line" }, "geometry": { "type": "LineString", "coordinates": [ [ 73.9953716, 18.5020382 ], [ 73.9870915, 18.5056431 ] ] } },
{ "type": "Feature", "properties": { "osm_id": 247057434, "railway": "rail", "name": "Pune - Daund Railway Line", "ref": "", "operator": "", "usage": "main", "service": "", "electrified": "contact_line" }, "geometry": { "type": "LineString", "coordinates": [ [ 73.9754702, 18.5107708 ], [ 73.9757349, 18.5106526 ] ] } },
{ "type": "Feature", "properties": { "osm_id": 247057435, "railway": "rail", "name": "Pune - Daund Railway Line", "ref": "", "operator": "", "usage": "main", "service": "", "electrified": "contact_line" }, "geometry": { "type": "LineString", "coordinates": [ [ 73.9871198, 18.5056834 ], [ 73.9953982, 18.502081 ] ] } },
{ "type": "Feature", "properties": { "osm_id": 247057436, "railway": "rail", "name": "Pune - Daund Railway Line", "ref": "", "operator": "", "usage": "main", "service": "", "electrified": "contact_line" }, "geometry": { "type": "LineString", "coordinates": [ [ 73.9869401, 18.5057137 ], [ 73.9757172, 18.5106059 ] ] } },
{ "type": "Feature", "properties": { "osm_id": 247057438, "railway": "rail", "name": "Pune - Daund Railway Line", "ref": "", "operator": "", "usage": "main", "service": "", "electrified": "contact_line" }, "geometry": { "type": "LineString", "coordinates": [ [ 73.9757349, 18.5106526 ], [ 73.9869662, 18.5057567 ] ] } },
{ "type": "Feature", "properties": { "osm_id": 247057442, "railway": "rail", "name": "Pune - Daund Railway Line", "ref": "", "operator": "", "usage": "main", "service": "", "electrified": "contact_line" }, "geometry": { "type": "LineString", "coordinates": [ [ 73.9953982, 18.502081 ], [ 73.9957056, 18.501947 ] ] } },
{ "type": "Feature", "properties": { "osm_id": 247057445, "railway": "rail", "name": "Pune - Daund Railway Line", "ref": "", "operator": "", "usage": "main", "service": "", "electrified": "contact_line" }, "geometry": { "type": "LineString", "coordinates": [ [ 73.9757172, 18.5106059 ], [ 73.9754464, 18.5107239 ] ] } },
{ "type": "Feature", "properties": { "osm_id": 247057448, "railway": "rail", "name": "Pune - Daund Railway Line", "ref": "", "operator": "", "usage": "main", "service": "", "electrified": "contact_line" }, "geometry": { "type": "LineString", "coordinates": [ [ 73.9956887, 18.5019 ], [ 73.9953716, 18.5020382 ] ] } },
{ "type": "Feature", "properties": { "osm_id": 247057449, "railway": "rail", "name": "Pune - Daund Railway Line", "ref": "", "operator": "", "usage": "main", "service": "", "electrified": "contact_line" }, "geometry": { "type": "LineString", "coordinates": [ [ 73.9754464, 18.5107239 ], [ 73.9715203, 18.5124353 ], [ 73.9700308, 18.5130846 ], [ 73.9592501, 18.5177941 ], [ 73.9579955, 18.518357 ], [ 73.9548338, 18.5197131 ], [ 73.9539128, 18.520082 ], [ 73.9527326, 18.5205133 ], [ 73.9522392, 18.5206892 ], [ 73.951664, 18.5208829 ], [ 73.9487249, 18.5217812 ], [ 73.9356109, 18.5256938 ], [ 73.9352104, 18.525804 ], [ 73.9348768, 18.5258871 ], [ 73.9344552, 18.5259718 ], [ 73.9340203, 18.5260448 ], [ 73.9335861, 18.5261141 ], [ 73.9310636, 18.5264294 ], [ 73.9227711, 18.5274142 ], [ 73.9214032, 18.5275776 ], [ 73.9028252, 18.5297962 ] ] } },
{ "type": "Feature", "properties": { "osm_id": 247057450, "railway": "rail", "name": "Pune - Daund Railway Line", "ref": "", "operator": "", "usage": "main", "service": "", "electrified": "contact_line" }, "geometry": { "type": "LineString", "coordinates": [ [ 73.9957056, 18.501947 ], [ 74.0012212, 18.4995426 ], [ 74.0101447, 18.4956525 ] ] } },
{ "type": "Feature", "properties": { "osm_id": 247057451, "railway": "rail", "name": "Pune - Daund Railway Line", "ref": "", "operator": "", "usage": "main", "service": "", "electrified": "contact_line" }, "geometry": { "type": "LineString", "coordinates": [ [ 74.0101233, 18.4956075 ], [ 74.0011972, 18.4994987 ], [ 73.9956887, 18.5019 ] ] } },
{ "type": "Feature", "properties": { "osm_id": 247057452, "railway": "rail", "name": "Pune - Daund Railway Line", "ref": "", "operator": "", "usage": "main", "service": "", "electrified": "no" }, "geometry": { "type": "LineString", "coordinates": [ [ 73.9227776, 18.5274632 ], [ 73.9231688, 18.527466 ], [ 73.9233265, 18.527458 ], [ 73.9234785, 18.5274419 ], [ 73.9271246, 18.5269951 ], [ 73.9302489, 18.5266123 ], [ 73.9306391, 18.5265594 ], [ 73.9310702, 18.5264784 ] ] } },
{ "type": "Feature", "properties": { "osm_id": 247057453, "railway": "rail", "name": "Pune - Daund Railway Line", "ref": "", "operator": "", "usage": "main", "service": "", "electrified": "no" }, "geometry": { "type": "LineString", "coordinates": [ [ 73.9214032, 18.5275776 ], [ 73.9219884, 18.5274646 ], [ 73.9253439, 18.5270648 ], [ 73.9277417, 18.5267791 ], [ 73.9296352, 18.5265535 ], [ 73.9302393, 18.5264816 ], [ 73.9306281, 18.5264484 ], [ 73.9310636, 18.5264294 ] ] } },
{ "type": "Feature", "properties": { "osm_id": 247057454, "railway": "rail", "name": "", "ref": "", "operator": "", "usage": "", "service": "siding", "electrified": "" }, "geometry": { "type": "LineString", "coordinates": [ [ 73.9253439, 18.5270648 ], [ 73.9261076, 18.5269077 ], [ 73.9263598, 18.5268494 ], [ 73.9265813, 18.5268124 ], [ 73.9269873, 18.5267541 ], [ 73.9273913, 18.5266958 ], [ 73.9281849, 18.5266024 ], [ 73.9288186, 18.5265499 ], [ 73.9291405, 18.5265519 ], [ 73.9296352, 18.5265535 ] ] } },
{ "type": "Feature", "properties": { "osm_id": 254627445, "railway": "rail", "name": "Pune - Miraj Railway Line", "ref": "", "operator": "", "usage": "main", "service": "", "electrified": "contact_line" }, "geometry": { "type": "LineString", "coordinates": [ [ 73.8862275, 18.5316164 ], [ 73.8865194, 18.5315325 ], [ 73.8867799, 18.5314459 ], [ 73.8900764, 18.530015 ], [ 73.8911055, 18.5295502 ], [ 73.8918945, 18.5291483 ], [ 73.8924435, 18.5289013 ], [ 73.8928265, 18.5287391 ], [ 73.8939472, 18.528246 ], [ 73.8951042, 18.5277368 ], [ 73.8952878, 18.527656 ] ] } },
{ "type": "Feature", "properties": { "osm_id": 342557188, "railway": "rail", "name": "", "ref": "", "operator": "", "usage": "", "service": "yard", "electrified": "contact_line" }, "geometry": { "type": "LineString", "coordinates": [ [ 73.8628184, 18.5285851 ], [ 73.8629431, 18.5285954 ] ] } },
{ "type": "Feature", "properties": { "osm_id": 384667648, "railway": "rail", "name": "", "ref": "", "operator": "", "usage": "main", "service": "", "electrified": "contact_line" }, "geometry": { "type": "LineString", "coordinates": [ [ 73.9009714, 18.5301055 ], [ 73.9013474, 18.5300382 ] ] } },
{ "type": "Feature", "properties": { "osm_id": 384667649, "railway": "rail", "name": "", "ref": "", "operator": "", "usage": "main", "service": "", "electrified": "contact_line" }, "geometry": { "type": "LineString", "coordinates": [ [ 73.9013658, 18.5299863 ], [ 73.9009755, 18.5300576 ] ] } },
{ "type": "Feature", "properties": { "osm_id": 384667650, "railway": "rail", "name": "", "ref": "", "operator": "", "usage": "main", "service": "", "electrified": "contact_line" }, "geometry": { "type": "LineString", "coordinates": [ [ 73.9028252, 18.5297962 ], [ 73.901502, 18.529968 ], [ 73.9013658, 18.5299863 ] ] } },
{ "type": "Feature", "properties": { "osm_id": 384667651, "railway": "rail", "name": "", "ref": "", "operator": "", "usage": "main", "service": "", "electrified": "contact_line" }, "geometry": { "type": "LineString", "coordinates": [ [ 73.9013474, 18.5300382 ], [ 73.9020114, 18.5299528 ], [ 73.9028373, 18.5298461 ] ] } },
{ "type": "Feature", "properties": { "osm_id": 582851127, "railway": "subway", "name": "Pune Metro Line 1: Purple Line", "ref": "", "operator": "MahaMetro", "usage": "main", "service": "", "electrified": "contact_line" }, "geometry": { "type": "LineString", "coordinates": [ [ 73.8033009, 18.6293297 ], [ 73.8038955, 18.6286258 ], [ 73.8068209, 18.6251625 ], [ 73.8069737, 18.6249716 ], [ 73.8071248, 18.6247425 ], [ 73.8072373, 18.6245397 ], [ 73.8073517, 18.62435 ], [ 73.8074958, 18.6241444 ], [ 73.8076982, 18.6238964 ], [ 73.8157578, 18.614536 ], [ 73.8175411, 18.6124647 ], [ 73.8177952, 18.6121752 ], [ 73.8180417, 18.611864 ], [ 73.8182479, 18.6115769 ], [ 73.8184962, 18.6112511 ], [ 73.8189831, 18.6106346 ], [ 73.8201121, 18.6093152 ], [ 73.8242735, 18.6044516 ], [ 73.8250414, 18.6034968 ], [ 73.8253549, 18.6030984 ], [ 73.8255736, 18.60279 ], [ 73.8257699, 18.6024766 ], [ 73.8259937, 18.6020854 ], [ 73.8262368, 18.6016853 ], [ 73.8264407, 18.6013304 ], [ 73.826648, 18.6009843 ], [ 73.8268466, 18.6005767 ], [ 73.8272797, 18.5996273 ], [ 73.8304554, 18.5926659 ], [ 73.8311642, 18.591112 ], [ 73.831766, 18.5897927 ], [ 73.8322985, 18.5886254 ], [ 73.8324757, 18.5882193 ], [ 73.8325641, 18.5880161 ], [ 73.8326375, 18.5878264 ], [ 73.8326906, 18.5876779 ], [ 73.832746, 18.5874983 ], [ 73.8329341, 18.5868804 ], [ 73.8330385, 18.5865212 ], [ 73.8333203, 18.5856026 ], [ 73.8335166, 18.5848535 ], [ 73.8337957, 18.5837471 ], [ 73.8338966, 18.5833473 ], [ 73.833944, 18.5831446 ], [ 73.8340469, 18.5827325 ], [ 73.8342436, 18.5818823 ], [ 73.8347383, 18.5798793 ], [ 73.8349888, 18.5787875 ], [ 73.8353575, 18.577275 ], [ 73.8354969, 18.5767693 ], [ 73.8356889, 18.5762088 ], [ 73.8367381, 18.57337 ], [ 73.836859, 18.5730575 ], [ 73.8373099, 18.5717535 ], [ 73.837576, 18.5710435 ], [ 73.8378922, 18.5702689 ] ] } },
{ "type": "Feature", "properties": { "osm_id": 586112436, "railway": "subway", "name": "Pune Metro Line 1: Purple Line", "ref": "", "operator": "", "usage": "main", "service": "", "electrified": "contact_line" }, "geometry": { "type": "LineString", "coordinates": [ [ 73.8475927, 18.5410308 ], [ 73.8476007, 18.5408945 ], [ 73.8476141, 18.5406697 ], [ 73.8476844, 18.539598 ], [ 73.84776, 18.5389457 ], [ 73.8480025, 18.5380579 ], [ 73.8482788, 18.537088 ], [ 73.8486027, 18.5359072 ], [ 73.8488479, 18.5349736 ], [ 73.8489577, 18.5345458 ], [ 73.8491754, 18.5337187 ], [ 73.8491988, 18.5336296 ], [ 73.8493048, 18.5332609 ], [ 73.8496014, 18.5321548 ], [ 73.8498515, 18.5312146 ], [ 73.8498579, 18.5311907 ], [ 73.8500256, 18.5300902 ], [ 73.8502676, 18.5295137 ], [ 73.8506291, 18.5289965 ], [ 73.8510947, 18.5285604 ], [ 73.8512156, 18.5284864 ], [ 73.8516447, 18.5282241 ], [ 73.8522557, 18.5280017 ], [ 73.854497, 18.5273867 ], [ 73.85495, 18.5272624 ], [ 73.8561145, 18.5269429 ], [ 73.856888, 18.5267307 ], [ 73.8579537, 18.5264553 ], [ 73.8583181, 18.5263674 ], [ 73.858729, 18.5262682 ], [ 73.859407, 18.5260029 ], [ 73.8597593, 18.5257608 ], [ 73.8601626, 18.5253568 ], [ 73.8604289, 18.5247671 ], [ 73.8605631, 18.5241383 ], [ 73.8605568, 18.5235693 ], [ 73.8603921, 18.5229458 ], [ 73.8601412, 18.5224247 ], [ 73.8598236, 18.521887 ], [ 73.8595565, 18.5214219 ], [ 73.8593188, 18.5211002 ], [ 73.8579443, 18.5187354 ], [ 73.8575649, 18.5182009 ], [ 73.8572728, 18.5177616 ], [ 73.8569858, 18.5173091 ], [ 73.8568129, 18.5169219 ], [ 73.8566753, 18.51658 ], [ 73.8565903, 18.5162259 ], [ 73.8565426, 18.5158656 ], [ 73.8565327, 18.5155026 ], [ 73.8565606, 18.5151404 ], [ 73.8566047, 18.5147419 ], [ 73.8569526, 18.5129035 ], [ 73.8574898, 18.5100645 ], [ 73.8575649, 18.5098051 ], [ 73.8576776, 18.5095838 ], [ 73.8578466, 18.5092964 ], [ 73.8579338, 18.5090153 ], [ 73.8579726, 18.5087165 ], [ 73.8580364, 18.5076154 ], [ 73.8580363, 18.5075075 ], [ 73.8581121, 18.5033827 ], [ 73.8580906, 18.5029605 ], [ 73.8580531, 18.5025637 ], [ 73.8579404, 18.5020982 ], [ 73.8578346, 18.5016481 ], [ 73.8575924, 18.500568 ], [ 73.8574064, 18.49975 ] ] } },
{ "type": "Feature", "properties": { "osm_id": 661622703, "railway": "rail", "name": "Pune - Miraj Railway Line", "ref": "", "operator": "", "usage": "main", "service": "", "electrified": "contact_line" }, "geometry": { "type": "LineString", "coordinates": [ [ 73.8858872, 18.5316808 ], [ 73.8862275, 18.5316164 ] ] } },
{ "type": "Feature", "properties": { "osm_id": 661778979, "railway": "rail", "name": "", "ref": "", "operator": "", "usage": "", "service": "", "electrified": "contact_line" }, "geometry": { "type": "LineString", "coordinates": [ [ 73.8698545, 18.5293137 ], [ 73.8702583, 18.52936 ], [ 73.8707345, 18.5294101 ], [ 73.8709937, 18.5294351 ], [ 73.8726562, 18.5295147 ], [ 73.8738523, 18.529572 ], [ 73.8741396, 18.5295683 ], [ 73.8744571, 18.5295621 ], [ 73.8745984, 18.5295528 ], [ 73.8747569, 18.5295415 ], [ 73.8750095, 18.5295362 ], [ 73.875453, 18.5295414 ], [ 73.8758147, 18.5295844 ], [ 73.8763592, 18.5296823 ], [ 73.8769935, 18.5298158 ], [ 73.8774012, 18.5299239 ], [ 73.8778424, 18.5300714 ], [ 73.878344, 18.5302355 ], [ 73.8790521, 18.5304707 ], [ 73.8794745, 18.5306233 ], [ 73.8800459, 18.530856 ], [ 73.8814285, 18.5313112 ], [ 73.8817061, 18.5313913 ], [ 73.8825028, 18.5315566 ], [ 73.8835113, 18.5317143 ], [ 73.8841858, 18.5318198 ], [ 73.8846955, 18.531891 ], [ 73.8851246, 18.5319292 ], [ 73.8855015, 18.5319483 ], [ 73.8860728, 18.5319279 ] ] } },
{ "type": "Feature", "properties": { "osm_id": 661778983, "railway": "rail", "name": "", "ref": "", "operator": "", "usage": "main", "service": "", "electrified": "contact_line" }, "geometry": { "type": "LineString", "coordinates": [ [ 73.8726619, 18.52937 ], [ 73.8742273, 18.529466 ], [ 73.8743981, 18.5294733 ], [ 73.8744585, 18.529471 ], [ 73.8747554, 18.529448 ] ] } },
{ "type": "Feature", "properties": { "osm_id": 661778986, "railway": "rail", "name": "", "ref": "", "operator": "", "usage": "main", "service": "", "electrified": "contact_line" }, "geometry": { "type": "LineString", "coordinates": [ [ 73.8692176, 18.5291661 ], [ 73.8688469, 18.5290956 ] ] } },
{ "type": "Feature", "properties": { "osm_id": 661778995, "railway": "rail", "name": "Mumbai–Pune Railway", "ref": "", "operator": "", "usage": "main", "service": "", "electrified": "contact_line" }, "geometry": { "type": "LineString", "coordinates": [ [ 73.8634379, 18.5287639 ], [ 73.8644342, 18.5288184 ], [ 73.8654713, 18.5288855 ], [ 73.8683769, 18.5290664 ] ] } },
{ "type": "Feature", "properties": { "osm_id": 816857549, "railway": "rail", "name": "Mumbai–Pune Railway", "ref": "", "operator": "", "usage": "main", "service": "", "electrified": "contact_line" }, "geometry": { "type": "LineString", "coordinates": [ [ 73.8446239, 18.5566441 ], [ 73.8445877, 18.556743 ] ] } },
{ "type": "Feature", "properties": { "osm_id": 816857550, "railway": "rail", "name": "Mumbai–Pune Railway", "ref": "", "operator": "", "usage": "main", "service": "", "electrified": "contact_line" }, "geometry": { "type": "LineString", "coordinates": [ [ 73.8446331, 18.5567603 ], [ 73.8446694, 18.5566588 ] ] } },
{ "type": "Feature", "properties": { "osm_id": 816857551, "railway": "rail", "name": "Mumbai–Pune Railway", "ref": "", "operator": "", "usage": "main", "service": "", "electrified": "contact_line" }, "geometry": { "type": "LineString", "coordinates": [ [ 73.8446694, 18.5566588 ], [ 73.8448893, 18.5560059 ], [ 73.8450621, 18.5554378 ] ] } },
{ "type": "Feature", "properties": { "osm_id": 816857552, "railway": "rail", "name": "Mumbai–Pune Railway", "ref": "", "operator": "", "usage": "main", "service": "", "electrified": "contact_line" }, "geometry": { "type": "LineString", "coordinates": [ [ 73.8450118, 18.5554247 ], [ 73.8448405, 18.555991 ], [ 73.8446239, 18.5566441 ] ] } },
{ "type": "Feature", "properties": { "osm_id": 816877907, "railway": "rail", "name": "", "ref": "", "operator": "", "usage": "military", "service": "spur", "electrified": "no" }, "geometry": { "type": "LineString", "coordinates": [ [ 73.8392299, 18.5668967 ], [ 73.8392422, 18.5670219 ], [ 73.8393042, 18.5672775 ], [ 73.8394394, 18.5676189 ], [ 73.8396062, 18.5679097 ], [ 73.8398358, 18.5681933 ], [ 73.8401178, 18.5684543 ], [ 73.8404722, 18.5686864 ], [ 73.8408498, 18.5688623 ], [ 73.8411271, 18.5689444 ], [ 73.8414668, 18.5690051 ], [ 73.8425657, 18.5691525 ], [ 73.8428898, 18.5692341 ], [ 73.843678, 18.569389 ] ] } },
{ "type": "Feature", "properties": { "osm_id": 817667260, "railway": "rail", "name": "Mumbai–Pune Railway", "ref": "", "operator": "", "usage": "main", "service": "", "electrified": "contact_line" }, "geometry": { "type": "LineString", "coordinates": [ [ 73.8683769, 18.5290664 ], [ 73.8688469, 18.5290956 ] ] } },
{ "type": "Feature", "properties": { "osm_id": 817667273, "railway": "rail", "name": "Mumbai–Pune Railway", "ref": "", "operator": "", "usage": "main", "service": "", "electrified": "contact_line" }, "geometry": { "type": "LineString", "coordinates": [ [ 73.8683692, 18.5290141 ], [ 73.8661154, 18.528871 ], [ 73.865472, 18.528831 ], [ 73.8644422, 18.5287681 ], [ 73.8634475, 18.5287164 ] ] } },
{ "type": "Feature", "properties": { "osm_id": 817667274, "railway": "rail", "name": "", "ref": "", "operator": "", "usage": "main", "service": "", "electrified": "contact_line" }, "geometry": { "type": "LineString", "coordinates": [ [ 73.8695497, 18.5292762 ], [ 73.8698545, 18.5293137 ] ] } },
{ "type": "Feature", "properties": { "osm_id": 817667275, "railway": "rail", "name": "", "ref": "", "operator": "", "usage": "", "service": "siding", "electrified": "contact_line" }, "geometry": { "type": "LineString", "coordinates": [ [ 73.8697106, 18.529244 ], [ 73.8700764, 18.5293182 ] ] } },
{ "type": "Feature", "properties": { "osm_id": 817667276, "railway": "rail", "name": "", "ref": "", "operator": "", "usage": "main", "service": "", "electrified": "contact_line" }, "geometry": { "type": "LineString", "coordinates": [ [ 73.8803287, 18.5308954 ], [ 73.879952, 18.5307506 ], [ 73.8794903, 18.5305439 ], [ 73.8790748, 18.5304019 ], [ 73.8787939, 18.5303062 ], [ 73.8783675, 18.530161 ], [ 73.8774432, 18.5298536 ], [ 73.8771725, 18.529764 ], [ 73.8766802, 18.529684 ], [ 73.8763646, 18.5296157 ], [ 73.8756239, 18.5295166 ], [ 73.8747554, 18.529448 ], [ 73.8742343, 18.5294047 ], [ 73.8733199, 18.5293602 ], [ 73.8713975, 18.5292666 ], [ 73.8708124, 18.529238 ], [ 73.8707497, 18.5292359 ], [ 73.8700451, 18.5292126 ], [ 73.8696876, 18.5291884 ], [ 73.8692176, 18.5291661 ] ] } },
{ "type": "Feature", "properties": { "osm_id": 918820056, "railway": "rail", "name": "", "ref": "", "operator": "", "usage": "", "service": "yard", "electrified": "" }, "geometry": { "type": "LineString", "coordinates": [ [ 73.895136, 18.5303766 ], [ 73.8948825, 18.5303652 ], [ 73.8947159, 18.5303819 ], [ 73.8918041, 18.5307351 ] ] } },
{ "type": "Feature", "properties": { "osm_id": 918820057, "railway": "rail", "name": "", "ref": "", "operator": "", "usage": "", "service": "yard", "electrified": "" }, "geometry": { "type": "LineString", "coordinates": [ [ 73.8956498, 18.5303807 ], [ 73.895136, 18.5303766 ], [ 73.8947247, 18.5304242 ], [ 73.893027, 18.5306378 ] ] } },
{ "type": "Feature", "properties": { "osm_id": 1039564317, "railway": "subway", "name": "Pune Metro Line 2: Aqua Line", "ref": "", "operator": "MahaMetro", "usage": "main", "service": "", "electrified": "contact_line" }, "geometry": { "type": "LineString", "coordinates": [ [ 73.8643992, 18.530024 ], [ 73.8639325, 18.5299942 ], [ 73.8636234, 18.5299441 ], [ 73.8632206, 18.5298519 ], [ 73.8627824, 18.5297396 ], [ 73.8624879, 18.5296827 ], [ 73.8621291, 18.5296354 ], [ 73.8617833, 18.5295937 ], [ 73.8614516, 18.5295788 ], [ 73.8611188, 18.5295804 ], [ 73.8606668, 18.5296023 ], [ 73.8604974, 18.5295861 ], [ 73.8603304, 18.5295551 ], [ 73.8601561, 18.5295038 ], [ 73.8599901, 18.5294379 ], [ 73.8598569, 18.5293605 ], [ 73.8597331, 18.5292774 ], [ 73.8595669, 18.5291379 ], [ 73.8594138, 18.5289892 ], [ 73.8593212, 18.5288622 ], [ 73.8588754, 18.5282582 ], [ 73.8584009, 18.5275905 ], [ 73.8581971, 18.5273048 ], [ 73.8575569, 18.5264139 ], [ 73.8574267, 18.5262403 ], [ 73.8572846, 18.5260504 ], [ 73.8568922, 18.5254962 ], [ 73.8567061, 18.5252629 ], [ 73.8564117, 18.5249282 ], [ 73.855932, 18.524387 ], [ 73.8557977, 18.5242156 ], [ 73.855451, 18.5238552 ], [ 73.8551557, 18.5236043 ], [ 73.8548512, 18.5233944 ], [ 73.8546428, 18.523279 ], [ 73.8542863, 18.5231156 ], [ 73.853912, 18.5229555 ], [ 73.8528226, 18.5224972 ], [ 73.8526712, 18.5224329 ], [ 73.8522879, 18.5222788 ], [ 73.8516533, 18.5220139 ], [ 73.8511507, 18.5217845 ], [ 73.8506469, 18.5216505 ], [ 73.8496238, 18.5214298 ], [ 73.8491889, 18.5213156 ], [ 73.8488996, 18.5211962 ], [ 73.8485199, 18.521008 ], [ 73.848297, 18.5208759 ], [ 73.848156, 18.5207782 ], [ 73.848048, 18.5206892 ], [ 73.8479414, 18.5205913 ], [ 73.8469712, 18.5196592 ], [ 73.8468751, 18.5195673 ], [ 73.8467296, 18.5194227 ], [ 73.8466122, 18.5192891 ], [ 73.8462606, 18.5188148 ], [ 73.8459805, 18.5184539 ], [ 73.845686, 18.5180963 ], [ 73.8454387, 18.5177977 ], [ 73.844956, 18.5171307 ], [ 73.8447238, 18.5167975 ], [ 73.844458, 18.5164257 ], [ 73.8439648, 18.5157789 ], [ 73.8438226, 18.5155969 ], [ 73.8435236, 18.5151844 ], [ 73.8433065, 18.5148422 ], [ 73.8430641, 18.5144841 ], [ 73.8428783, 18.5142413 ], [ 73.8424604, 18.5138932 ], [ 73.8423809, 18.5138432 ], [ 73.8420323, 18.5136883 ], [ 73.841417, 18.5134545 ], [ 73.8407205, 18.5131795 ], [ 73.8399533, 18.5128632 ], [ 73.8394131, 18.512641 ], [ 73.8390635, 18.5124791 ], [ 73.8380616, 18.5119737 ], [ 73.8368877, 18.5113815 ], [ 73.8362402, 18.5110549 ], [ 73.8357281, 18.5108118 ], [ 73.8353027, 18.5106216 ], [ 73.8344889, 18.5102695 ], [ 73.8340879, 18.510073 ], [ 73.8336946, 18.509866 ], [ 73.8293235, 18.5076189 ], [ 73.8287889, 18.507341 ], [ 73.8280904, 18.5070027 ], [ 73.8279361, 18.5069268 ], [ 73.8277705, 18.5068625 ], [ 73.8275376, 18.5067866 ], [ 73.8273134, 18.5067394 ], [ 73.8271171, 18.5066794 ], [ 73.8269258, 18.506605 ], [ 73.8261419, 18.5062282 ], [ 73.8259787, 18.5061602 ], [ 73.8258152, 18.5061131 ], [ 73.8256646, 18.5060866 ], [ 73.8254322, 18.5060783 ], [ 73.825202, 18.5060985 ], [ 73.8249679, 18.5061602 ], [ 73.8247265, 18.5062566 ], [ 73.8242992, 18.5065208 ], [ 73.8240542, 18.5066832 ], [ 73.8238812, 18.5068362 ], [ 73.8237009, 18.5070389 ], [ 73.8234237, 18.5073832 ], [ 73.8221254, 18.5088771 ], [ 73.8217075, 18.509358 ], [ 73.821468, 18.5096192 ], [ 73.8212454, 18.5098362 ], [ 73.8210438, 18.5100024 ], [ 73.8208189, 18.5101468 ], [ 73.8205912, 18.5102618 ], [ 73.8203647, 18.5103416 ], [ 73.8201744, 18.5103934 ], [ 73.8199803, 18.5104244 ], [ 73.8197197, 18.5104512 ], [ 73.8193934, 18.5104466 ], [ 73.8185632, 18.5103895 ], [ 73.8182306, 18.5103615 ], [ 73.8178327, 18.5103188 ], [ 73.8174073, 18.5102458 ], [ 73.8154844, 18.5098332 ], [ 73.814821, 18.5096758 ], [ 73.8144185, 18.5096008 ], [ 73.8140793, 18.5095528 ], [ 73.8139291, 18.5095316 ], [ 73.813406, 18.5094862 ], [ 73.8122937, 18.5094269 ], [ 73.8121779, 18.5094141 ], [ 73.8120412, 18.5093868 ], [ 73.8119302, 18.5093585 ], [ 73.8117871, 18.5093173 ], [ 73.811648, 18.5092618 ], [ 73.8115368, 18.5092101 ], [ 73.811437, 18.5091561 ], [ 73.8113475, 18.5091031 ], [ 73.8112544, 18.5090331 ], [ 73.8108093, 18.5086707 ], [ 73.8107272, 18.5086056 ], [ 73.8106152, 18.5085302 ], [ 73.8105119, 18.5084715 ], [ 73.8103921, 18.508412 ], [ 73.8102812, 18.5083648 ], [ 73.8101757, 18.5083279 ], [ 73.8100438, 18.5082928 ], [ 73.8098957, 18.5082645 ], [ 73.8093909, 18.5082064 ], [ 73.8092482, 18.5081817 ], [ 73.8090904, 18.5081418 ], [ 73.808942, 18.5080906 ], [ 73.8088166, 18.5080336 ], [ 73.8086949, 18.5079646 ], [ 73.8082448, 18.5076625 ], [ 73.8081089, 18.5075921 ], [ 73.808, 18.507542 ], [ 73.8078672, 18.5074928 ], [ 73.8077515, 18.5074586 ], [ 73.8076326, 18.5074331 ], [ 73.8075065, 18.5074128 ], [ 73.807015, 18.5073605 ], [ 73.8060183, 18.5072544 ], [ 73.8052269, 18.5071744 ] ] } },
{ "type": "Feature", "properties": { "osm_id": 1039564318, "railway": "subway", "name": "Pune Metro Line 2: Aqua Line", "ref": "", "operator": "MahaMetro", "usage": "main", "service": "", "electrified": "contact_line" }, "geometry": { "type": "LineString", "coordinates": [ [ 73.805226, 18.5072121 ], [ 73.8060127, 18.5072926 ], [ 73.8065355, 18.5073474 ], [ 73.8070101, 18.5073972 ], [ 73.8074799, 18.5074492 ], [ 73.8076163, 18.5074671 ], [ 73.8077428, 18.507497 ], [ 73.8078504, 18.5075282 ], [ 73.8079897, 18.5075774 ], [ 73.8080909, 18.5076244 ], [ 73.8082236, 18.5076946 ], [ 73.8086723, 18.507994 ], [ 73.8087984, 18.5080685 ], [ 73.8089267, 18.5081253 ], [ 73.8090727, 18.5081755 ], [ 73.8092394, 18.5082181 ], [ 73.8093791, 18.5082435 ], [ 73.8095856, 18.5082644 ], [ 73.8098933, 18.5083028 ], [ 73.8100277, 18.5083274 ], [ 73.810163, 18.5083631 ], [ 73.8102657, 18.5083988 ], [ 73.8103722, 18.5084447 ], [ 73.8104902, 18.5085028 ], [ 73.8105961, 18.5085633 ], [ 73.8107071, 18.5086371 ], [ 73.8107826, 18.5086988 ], [ 73.8112272, 18.5090606 ], [ 73.8113185, 18.5091289 ], [ 73.8114159, 18.5091888 ], [ 73.8115105, 18.509239 ], [ 73.8116296, 18.5092965 ], [ 73.8117719, 18.5093527 ], [ 73.8119194, 18.5093947 ], [ 73.8120226, 18.5094211 ], [ 73.8121674, 18.5094507 ], [ 73.8122881, 18.5094636 ], [ 73.8133948, 18.5095227 ], [ 73.8139242, 18.5095672 ], [ 73.8140732, 18.5095883 ], [ 73.814412, 18.5096362 ], [ 73.8148127, 18.5097109 ], [ 73.8154756, 18.5098682 ], [ 73.8173997, 18.510281 ], [ 73.8178272, 18.5103544 ], [ 73.8182268, 18.5103973 ], [ 73.8185602, 18.5104253 ], [ 73.8193917, 18.5104825 ], [ 73.8197215, 18.5104872 ], [ 73.8199855, 18.51046 ], [ 73.8201828, 18.5104285 ], [ 73.8203765, 18.5103758 ], [ 73.8206068, 18.5102946 ], [ 73.8208385, 18.5101776 ], [ 73.8210669, 18.5100309 ], [ 73.8212715, 18.5098623 ], [ 73.8214958, 18.5096436 ], [ 73.8217364, 18.5093813 ], [ 73.8221601, 18.5088937 ], [ 73.8234534, 18.5074055 ], [ 73.8237305, 18.5070614 ], [ 73.8239087, 18.506861 ], [ 73.8240781, 18.5067112 ], [ 73.8243204, 18.5065506 ], [ 73.8247535, 18.5062878 ], [ 73.8249745, 18.506195 ], [ 73.8252087, 18.5061341 ], [ 73.8254373, 18.5061118 ], [ 73.8256608, 18.5061225 ], [ 73.825798, 18.5061471 ], [ 73.8259654, 18.5061943 ], [ 73.8261263, 18.5062616 ], [ 73.8269086, 18.5066434 ], [ 73.8270983, 18.5067158 ], [ 73.827303, 18.506774 ], [ 73.8275282, 18.5068214 ], [ 73.8277568, 18.5068978 ], [ 73.8279113, 18.5069587 ], [ 73.8280718, 18.5070353 ], [ 73.8287717, 18.507373 ], [ 73.8293064, 18.507649 ], [ 73.8336764, 18.5098975 ], [ 73.83407, 18.5101047 ], [ 73.8344723, 18.5103018 ], [ 73.8352868, 18.5106542 ], [ 73.8357115, 18.5108441 ], [ 73.8362228, 18.5110868 ], [ 73.837187, 18.5115732 ], [ 73.8380406, 18.5120038 ], [ 73.8390457, 18.5125108 ], [ 73.8393997, 18.5126715 ], [ 73.8399374, 18.5128852 ], [ 73.8407876, 18.5132297 ], [ 73.8416324, 18.5135596 ], [ 73.8420207, 18.5137207 ], [ 73.8423603, 18.5138739 ], [ 73.8425836, 18.5140171 ], [ 73.8428534, 18.5142498 ], [ 73.8430422, 18.5145136 ], [ 73.8433645, 18.5150066 ], [ 73.8439326, 18.5158032 ], [ 73.8444257, 18.5164682 ], [ 73.8446856, 18.5168128 ], [ 73.8450645, 18.5173411 ], [ 73.8454196, 18.5178209 ], [ 73.8456881, 18.5181589 ], [ 73.8459563, 18.5184839 ], [ 73.8463755, 18.5190206 ], [ 73.8465817, 18.5193102 ], [ 73.8467048, 18.5194484 ], [ 73.8468505, 18.5195979 ], [ 73.847813, 18.5205306 ], [ 73.8479131, 18.5206271 ], [ 73.8480155, 18.520717 ], [ 73.848138, 18.5208145 ], [ 73.8482684, 18.5209032 ], [ 73.8484884, 18.5210303 ], [ 73.8488866, 18.5212274 ], [ 73.8491829, 18.5213507 ], [ 73.8496202, 18.521469 ], [ 73.8506273, 18.5216872 ], [ 73.8509877, 18.5217851 ], [ 73.8512755, 18.5218812 ], [ 73.851878, 18.5221468 ], [ 73.8522059, 18.522279 ], [ 73.8526541, 18.5224658 ], [ 73.8537626, 18.5229358 ], [ 73.8538961, 18.5229933 ], [ 73.8546194, 18.5233046 ], [ 73.8548268, 18.5234236 ], [ 73.8551444, 18.5236434 ], [ 73.8554332, 18.5239005 ], [ 73.8557634, 18.5242638 ], [ 73.856101, 18.5246485 ], [ 73.856665, 18.5252834 ], [ 73.8568529, 18.5255165 ], [ 73.8569631, 18.5256713 ], [ 73.8573858, 18.526265 ], [ 73.8580784, 18.5272205 ], [ 73.8581562, 18.5273252 ], [ 73.8586672, 18.5280423 ], [ 73.8591926, 18.5287841 ], [ 73.859391, 18.5290328 ], [ 73.8595975, 18.5292238 ], [ 73.859694, 18.5292978 ], [ 73.8597722, 18.5293497 ], [ 73.8599684, 18.5294685 ], [ 73.8601149, 18.5295318 ], [ 73.8603201, 18.5296069 ], [ 73.8604812, 18.5296342 ], [ 73.8606601, 18.5296493 ], [ 73.8610014, 18.5296289 ], [ 73.8613434, 18.5296195 ], [ 73.8616906, 18.5296296 ], [ 73.8621222, 18.5296766 ], [ 73.8624717, 18.529725 ], [ 73.8630005, 18.529844 ], [ 73.8634962, 18.5299587 ], [ 73.8639191, 18.530032 ], [ 73.8643109, 18.5300624 ], [ 73.8643955, 18.5300661 ] ] } },
{ "type": "Feature", "properties": { "osm_id": 1039564319, "railway": "subway", "name": "Pune Metro Line 2: Aqua Line", "ref": "", "operator": "MahaMetro", "usage": "main", "service": "", "electrified": "contact_line" }, "geometry": { "type": "LineString", "coordinates": [ [ 73.8052269, 18.5071744 ], [ 73.8041287, 18.5070634 ], [ 73.8032438, 18.506962 ], [ 73.8031111, 18.5069485 ], [ 73.8029831, 18.5069408 ], [ 73.8027627, 18.5069398 ], [ 73.8026327, 18.5069504 ], [ 73.8024829, 18.5069743 ], [ 73.8023625, 18.5070032 ], [ 73.8022525, 18.5070343 ], [ 73.8018622, 18.507164 ], [ 73.801762, 18.5071906 ], [ 73.8016497, 18.507217 ], [ 73.8015344, 18.5072445 ], [ 73.8013938, 18.5072682 ], [ 73.8010558, 18.507311 ], [ 73.8004114, 18.5073874 ], [ 73.8002352, 18.5074075 ], [ 73.799813, 18.5074555 ], [ 73.7993074, 18.5075126 ], [ 73.7985513, 18.5076 ], [ 73.7983999, 18.5076175 ] ] } },
{ "type": "Feature", "properties": { "osm_id": 1039564320, "railway": "subway", "name": "Pune Metro Line 2: Aqua Line", "ref": "", "operator": "MahaMetro", "usage": "main", "service": "", "electrified": "contact_line" }, "geometry": { "type": "LineString", "coordinates": [ [ 73.7984048, 18.5076646 ], [ 73.7985568, 18.507647 ], [ 73.7993066, 18.5075623 ], [ 73.7998233, 18.5075045 ], [ 73.8004142, 18.5074344 ], [ 73.8010591, 18.5073537 ], [ 73.8014065, 18.5073101 ], [ 73.8015458, 18.5072818 ], [ 73.8016603, 18.5072563 ], [ 73.8017853, 18.5072279 ], [ 73.801905, 18.5071916 ], [ 73.8022621, 18.5070704 ], [ 73.802395, 18.507032 ], [ 73.8025217, 18.5070037 ], [ 73.8026339, 18.5069875 ], [ 73.8027293, 18.5069783 ], [ 73.8028262, 18.5069746 ], [ 73.8029369, 18.5069759 ], [ 73.803028, 18.50698 ], [ 73.8031297, 18.5069865 ], [ 73.8035154, 18.5070283 ], [ 73.8036107, 18.5070376 ], [ 73.8041214, 18.5070991 ], [ 73.805226, 18.5072121 ] ] } },
{ "type": "Feature", "properties": { "osm_id": 1039564322, "railway": "subway", "name": "Aqua Line", "ref": "", "operator": "MahaMetro", "usage": "main", "service": "", "electrified": "contact_line" }, "geometry": { "type": "LineString", "coordinates": [ [ 73.837187, 18.5115732 ], [ 73.8368877, 18.5113815 ] ] } },
{ "type": "Feature", "properties": { "osm_id": 1039564326, "railway": "subway", "name": "Aqua Line", "ref": "", "operator": "", "usage": "main", "service": "", "electrified": "contact_line" }, "geometry": { "type": "LineString", "coordinates": [ [ 73.8065355, 18.5073474 ], [ 73.807015, 18.5073605 ] ] } },
{ "type": "Feature", "properties": { "osm_id": 1039564338, "railway": "subway", "name": "Pune Metro Line 2: Aqua Line", "ref": "", "operator": "", "usage": "", "service": "yard", "electrified": "contact_line" }, "geometry": { "type": "LineString", "coordinates": [ [ 73.8036107, 18.5070376 ], [ 73.8037304, 18.5070456 ], [ 73.8038014, 18.5070479 ], [ 73.8039053, 18.5070493 ], [ 73.803975, 18.5070527 ], [ 73.8041287, 18.5070634 ] ] } },
{ "type": "Feature", "properties": { "osm_id": 1039598117, "railway": "subway", "name": "Pune Metro Line 1: Purple Line", "ref": "", "operator": "MahaMetro", "usage": "main", "service": "", "electrified": "contact_line" }, "geometry": { "type": "LineString", "coordinates": [ [ 73.8032748, 18.629303 ], [ 73.8023921, 18.6303481 ], [ 73.7996328, 18.6335702 ] ] } },
{ "type": "Feature", "properties": { "osm_id": 1039598118, "railway": "subway", "name": "Pune Metro Line 1: Purple Line", "ref": "", "operator": "MahaMetro", "usage": "main", "service": "", "electrified": "contact_line" }, "geometry": { "type": "LineString", "coordinates": [ [ 73.7988985, 18.6345104 ], [ 73.7996619, 18.6335871 ], [ 73.8026516, 18.6300924 ], [ 73.8033009, 18.6293297 ] ] } },
{ "type": "Feature", "properties": { "osm_id": 1039598119, "railway": "subway", "name": "Pune Metro Line 1: Purple Line", "ref": "", "operator": "MahaMetro", "usage": "main", "service": "", "electrified": "contact_line" }, "geometry": { "type": "LineString", "coordinates": [ [ 73.8378529, 18.5702554 ], [ 73.8374808, 18.5712141 ], [ 73.8372751, 18.5717462 ], [ 73.83712, 18.5722009 ], [ 73.8368048, 18.5730916 ], [ 73.8365565, 18.573748 ], [ 73.8362827, 18.5745063 ], [ 73.8359951, 18.5752862 ], [ 73.8356356, 18.5762809 ], [ 73.8354564, 18.5767617 ], [ 73.8351884, 18.5778132 ], [ 73.8349833, 18.5786654 ], [ 73.8348455, 18.5792456 ], [ 73.8346073, 18.5802449 ], [ 73.8342744, 18.5816263 ], [ 73.8340396, 18.5825573 ], [ 73.8337538, 18.5837325 ], [ 73.8335996, 18.5843795 ], [ 73.8333879, 18.585229 ], [ 73.8330571, 18.5863454 ], [ 73.8327118, 18.5874871 ], [ 73.8326509, 18.5876774 ], [ 73.8326012, 18.5878169 ], [ 73.8324404, 18.5882062 ], [ 73.8322636, 18.5886114 ], [ 73.8315381, 18.5902017 ], [ 73.831128, 18.5911009 ], [ 73.8306295, 18.5921937 ], [ 73.8272445, 18.5996141 ], [ 73.826812, 18.6005621 ], [ 73.8266142, 18.6009679 ], [ 73.8264075, 18.601313 ], [ 73.8262037, 18.6016677 ], [ 73.8259606, 18.6020678 ], [ 73.8257369, 18.6024588 ], [ 73.8255416, 18.6027708 ], [ 73.8253239, 18.6030776 ], [ 73.8250111, 18.6034752 ], [ 73.8242437, 18.6044294 ], [ 73.8200813, 18.6092941 ], [ 73.8189532, 18.6106126 ], [ 73.8184656, 18.6112299 ], [ 73.8182169, 18.6115563 ], [ 73.8180109, 18.611843 ], [ 73.8177654, 18.612153 ], [ 73.8175119, 18.6124419 ], [ 73.8157295, 18.614512 ], [ 73.8076685, 18.623874 ], [ 73.807465, 18.6241234 ], [ 73.8073194, 18.6243312 ], [ 73.8072041, 18.6245225 ], [ 73.8070919, 18.6247245 ], [ 73.8069425, 18.6249512 ], [ 73.806791, 18.6251405 ], [ 73.8041279, 18.6282931 ], [ 73.8032748, 18.629303 ] ] } },
{ "type": "Feature", "properties": { "osm_id": 1039598121, "railway": "subway", "name": "Pune Metro Line 1: Purple Line", "ref": "", "operator": "MahaMetro", "usage": "main", "service": "crossover", "electrified": "contact_line" }, "geometry": { "type": "LineString", "coordinates": [ [ 73.8026516, 18.6300924 ], [ 73.8023921, 18.6303481 ] ] } },
{ "type": "Feature", "properties": { "osm_id": 1039598125, "railway": "subway", "name": "Purple Line", "ref": "", "operator": "", "usage": "main", "service": "crossover", "electrified": "contact_line" }, "geometry": { "type": "LineString", "coordinates": [ [ 73.8306295, 18.5921937 ], [ 73.8304554, 18.5926659 ] ] } },
{ "type": "Feature", "properties": { "osm_id": 1039598133, "railway": "subway", "name": "Purple Line", "ref": "", "operator": "", "usage": "main", "service": "crossover", "electrified": "contact_line" }, "geometry": { "type": "LineString", "coordinates": [ [ 73.8315381, 18.5902017 ], [ 73.831766, 18.5897927 ] ] } },
{ "type": "Feature", "properties": { "osm_id": 1039598137, "railway": "subway", "name": "Purple Line", "ref": "", "operator": "", "usage": "main", "service": "", "electrified": "contact_line" }, "geometry": { "type": "LineString", "coordinates": [ [ 73.8038955, 18.6286258 ], [ 73.8041279, 18.6282931 ] ] } },
{ "type": "Feature", "properties": { "osm_id": 1119821716, "railway": "rail", "name": "", "ref": "", "operator": "", "usage": "", "service": "yard", "electrified": "contact_line" }, "geometry": { "type": "LineString", "coordinates": [ [ 73.8416289, 18.5616176 ], [ 73.8418489, 18.5613369 ], [ 73.8420627, 18.5610623 ], [ 73.8424347, 18.5605714 ], [ 73.8424849, 18.5605108 ], [ 73.8427802, 18.5601788 ] ] } },
{ "type": "Feature", "properties": { "osm_id": 1119821717, "railway": "rail", "name": "", "ref": "", "operator": "", "usage": "", "service": "yard", "electrified": "contact_line" }, "geometry": { "type": "LineString", "coordinates": [ [ 73.8415908, 18.5616692 ], [ 73.8416289, 18.5616176 ] ] } },
{ "type": "Feature", "properties": { "osm_id": 1124096065, "railway": "subway", "name": "", "ref": "", "operator": "", "usage": "", "service": "yard", "electrified": "contact_line" }, "geometry": { "type": "LineString", "coordinates": [ [ 73.8012987, 18.5076325 ], [ 73.8009071, 18.5080502 ], [ 73.8008593, 18.5081057 ], [ 73.8008222, 18.508155 ], [ 73.8007842, 18.508212 ], [ 73.8007376, 18.5082873 ], [ 73.8006986, 18.5083664 ], [ 73.8006328, 18.5085232 ], [ 73.8006148, 18.5085682 ], [ 73.8004165, 18.5090636 ], [ 73.8003971, 18.5091086 ], [ 73.8003506, 18.5092182 ], [ 73.8003088, 18.5092945 ], [ 73.8002675, 18.5093673 ], [ 73.8002477, 18.5093995 ], [ 73.8001506, 18.5095577 ], [ 73.8000975, 18.5096369 ], [ 73.8000443, 18.5097084 ], [ 73.7999649, 18.5098024 ], [ 73.7998635, 18.5098989 ], [ 73.7998063, 18.5099609 ], [ 73.7997371, 18.5100404 ], [ 73.7996788, 18.5101168 ], [ 73.7996152, 18.5102225 ], [ 73.7992559, 18.5109027 ] ] } },
{ "type": "Feature", "properties": { "osm_id": 1124096066, "railway": "subway", "name": "", "ref": "", "operator": "", "usage": "", "service": "yard", "electrified": "contact_line" }, "geometry": { "type": "LineString", "coordinates": [ [ 73.8034517, 18.5070605 ], [ 73.8032672, 18.5070389 ], [ 73.8031508, 18.5070307 ], [ 73.8030448, 18.5070264 ], [ 73.8027317, 18.5070288 ], [ 73.8026385, 18.5070321 ], [ 73.8025486, 18.5070408 ], [ 73.8024767, 18.5070537 ], [ 73.8023809, 18.5070789 ], [ 73.8019462, 18.5072245 ], [ 73.8018359, 18.5072623 ], [ 73.8017293, 18.5073041 ], [ 73.8016279, 18.5073587 ], [ 73.8015197, 18.5074331 ], [ 73.8014368, 18.5074982 ], [ 73.801376, 18.5075522 ], [ 73.8012987, 18.5076325 ] ] } },
{ "type": "Feature", "properties": { "osm_id": 1188406316, "railway": "subway", "name": "", "ref": "", "operator": "", "usage": "", "service": "yard", "electrified": "contact_line" }, "geometry": { "type": "LineString", "coordinates": [ [ 73.8013387, 18.5076766 ], [ 73.8014227, 18.507587 ], [ 73.8015007, 18.5075142 ], [ 73.8015847, 18.5074488 ], [ 73.8016884, 18.5073829 ], [ 73.8017875, 18.5073281 ], [ 73.8018761, 18.5072889 ], [ 73.8019818, 18.5072503 ], [ 73.802363, 18.5071234 ], [ 73.8024386, 18.5071023 ], [ 73.8025249, 18.5070836 ], [ 73.8026018, 18.5070729 ], [ 73.8026716, 18.5070674 ], [ 73.8027491, 18.5070652 ], [ 73.8030324, 18.5070649 ], [ 73.8031243, 18.5070649 ], [ 73.803224, 18.5070605 ], [ 73.8032936, 18.5070574 ], [ 73.8033684, 18.5070574 ], [ 73.8034517, 18.5070605 ], [ 73.8035621, 18.5070735 ], [ 73.8040804, 18.5071346 ] ] } },
{ "type": "Feature", "properties": { "osm_id": 1188406318, "railway": "subway", "name": "", "ref": "", "operator": "", "usage": "", "service": "yard", "electrified": "contact_line" }, "geometry": { "type": "LineString", "coordinates": [ [ 73.8035621, 18.5070735 ], [ 73.803679, 18.507082 ], [ 73.8037555, 18.5070849 ], [ 73.8039194, 18.5070897 ], [ 73.8040149, 18.5070917 ], [ 73.8041214, 18.5070991 ] ] } },
{ "type": "Feature", "properties": { "osm_id": 1188406319, "railway": "subway", "name": "", "ref": "", "operator": "", "usage": "", "service": "yard", "electrified": "contact_line" }, "geometry": { "type": "LineString", "coordinates": [ [ 73.8030448, 18.5070264 ], [ 73.8033461, 18.5070221 ], [ 73.8034334, 18.5070233 ], [ 73.8035154, 18.5070283 ] ] } },
{ "type": "Feature", "properties": { "osm_id": 1188483868, "railway": "subway", "name": "", "ref": "", "operator": "", "usage": "", "service": "yard", "electrified": "contact_line" }, "geometry": { "type": "LineString", "coordinates": [ [ 73.7990681, 18.5109676 ], [ 73.7993617, 18.5103488 ], [ 73.7993816, 18.5103068 ] ] } },
{ "type": "Feature", "properties": { "osm_id": 1188483869, "railway": "subway", "name": "", "ref": "", "operator": "", "usage": "", "service": "yard", "electrified": "contact_line" }, "geometry": { "type": "LineString", "coordinates": [ [ 73.7994978, 18.5100618 ], [ 73.7995131, 18.5100308 ], [ 73.7995885, 18.5098781 ], [ 73.7996832, 18.5096578 ], [ 73.7997744, 18.5093994 ], [ 73.7998359, 18.5092357 ], [ 73.799896, 18.5090756 ], [ 73.7999066, 18.5090475 ] ] } },
{ "type": "Feature", "properties": { "osm_id": 1188485592, "railway": "subway", "name": "", "ref": "", "operator": "", "usage": "", "service": "yard", "electrified": "contact_line" }, "geometry": { "type": "LineString", "coordinates": [ [ 73.7994119, 18.5108694 ], [ 73.799531, 18.5107707 ], [ 73.7996103, 18.5106995 ], [ 73.7996951, 18.5106202 ], [ 73.7997638, 18.51055 ], [ 73.7998185, 18.5104838 ], [ 73.7998635, 18.5104218 ], [ 73.7999108, 18.5103556 ], [ 73.7999558, 18.5102803 ], [ 73.7999998, 18.5101939 ], [ 73.8000352, 18.5101125 ], [ 73.8003088, 18.5094369 ], [ 73.8004231, 18.5091693 ], [ 73.8004366, 18.5091325 ], [ 73.8004583, 18.5090786 ], [ 73.8006554, 18.5085823 ], [ 73.8006736, 18.5085366 ], [ 73.8007094, 18.5084537 ], [ 73.800731, 18.5084059 ], [ 73.8007637, 18.5083428 ], [ 73.8008024, 18.5082797 ], [ 73.8008447, 18.5082151 ], [ 73.800886, 18.5081632 ], [ 73.8009413, 18.5080966 ], [ 73.8013088, 18.5077082 ], [ 73.8013387, 18.5076766 ] ] } },
{ "type": "Feature", "properties": { "osm_id": 1188485922, "railway": "subway", "name": "", "ref": "", "operator": "", "usage": "", "service": "yard", "electrified": "contact_line" }, "geometry": { "type": "LineString", "coordinates": [ [ 73.799361, 18.5112056 ], [ 73.7997138, 18.5110136 ], [ 73.7997832, 18.51097 ], [ 73.7998624, 18.5109179 ], [ 73.7999161, 18.5108718 ], [ 73.7999778, 18.5108107 ], [ 73.8000407, 18.5107445 ], [ 73.8001022, 18.5106704 ], [ 73.8001643, 18.5105884 ], [ 73.8002168, 18.510505 ], [ 73.8002516, 18.5104388 ], [ 73.800285, 18.5103611 ], [ 73.8003093, 18.5102964 ], [ 73.8003336, 18.5102201 ], [ 73.8003533, 18.5101402 ], [ 73.8003715, 18.5100489 ], [ 73.8004921, 18.5093432 ], [ 73.8005164, 18.5092295 ], [ 73.8005275, 18.5091881 ], [ 73.8005392, 18.5091446 ], [ 73.8005665, 18.5090604 ], [ 73.8006014, 18.5089669 ], [ 73.8006542, 18.5088482 ], [ 73.8006903, 18.5087737 ], [ 73.8009825, 18.5081711 ] ] } },
{ "type": "Feature", "properties": { "osm_id": 1188485923, "railway": "subway", "name": "", "ref": "", "operator": "", "usage": "", "service": "yard", "electrified": "contact_line" }, "geometry": { "type": "LineString", "coordinates": [ [ 73.8003957, 18.5102314 ], [ 73.8005764, 18.5092179 ], [ 73.8005814, 18.5091905 ], [ 73.8006049, 18.5090924 ], [ 73.8006326, 18.5089981 ], [ 73.8006654, 18.5089087 ], [ 73.8008152, 18.5086102 ], [ 73.8009068, 18.508428 ], [ 73.8009889, 18.5082577 ], [ 73.8010428, 18.5081435 ], [ 73.801094, 18.5080336 ], [ 73.8011292, 18.5079664 ], [ 73.8011648, 18.5079061 ], [ 73.8011986, 18.5078539 ], [ 73.8012433, 18.5077923 ], [ 73.8013088, 18.5077082 ] ] } },
{ "type": "Feature", "properties": { "osm_id": 1188485977, "railway": "subway", "name": "", "ref": "", "operator": "", "usage": "", "service": "yard", "electrified": "contact_line" }, "geometry": { "type": "LineString", "coordinates": [ [ 73.8006335, 18.5093043 ], [ 73.8006429, 18.5092493 ], [ 73.8006637, 18.5091268 ], [ 73.8006811, 18.5090398 ], [ 73.8006971, 18.5089808 ], [ 73.8007267, 18.5089088 ], [ 73.8007631, 18.5088275 ], [ 73.8008174, 18.5087169 ], [ 73.8008485, 18.5086582 ], [ 73.8008735, 18.5086023 ], [ 73.8008993, 18.5085323 ], [ 73.8009193, 18.5084679 ], [ 73.8009444, 18.5083838 ], [ 73.8009645, 18.5083215 ], [ 73.8009889, 18.5082577 ] ] } },
{ "type": "Feature", "properties": { "osm_id": 1188486158, "railway": "subway", "name": "", "ref": "", "operator": "", "usage": "", "service": "yard", "electrified": "contact_line" }, "geometry": { "type": "LineString", "coordinates": [ [ 73.8005905, 18.5100313 ], [ 73.8007075, 18.5093146 ] ] } },
{ "type": "Feature", "properties": { "osm_id": 1188486231, "railway": "subway", "name": "", "ref": "", "operator": "", "usage": "", "service": "yard", "electrified": "contact_line" }, "geometry": { "type": "LineString", "coordinates": [ [ 73.8006903, 18.5087737 ], [ 73.8007225, 18.508716 ], [ 73.8007534, 18.5086691 ], [ 73.8008358, 18.50855 ], [ 73.8008658, 18.5085013 ], [ 73.8009068, 18.508428 ] ] } },
{ "type": "Feature", "properties": { "osm_id": 1188486396, "railway": "subway", "name": "", "ref": "", "operator": "", "usage": "", "service": "yard", "electrified": "contact_line" }, "geometry": { "type": "LineString", "coordinates": [ [ 73.8005117, 18.5100188 ], [ 73.8006335, 18.5093043 ] ] } },
{ "type": "Feature", "properties": { "osm_id": 1188486492, "railway": "subway", "name": "", "ref": "", "operator": "", "usage": "", "service": "yard", "electrified": "contact_line" }, "geometry": { "type": "LineString", "coordinates": [ [ 73.8004974, 18.5101024 ], [ 73.8005117, 18.5100188 ] ] } },
{ "type": "Feature", "properties": { "osm_id": 1188486493, "railway": "subway", "name": "", "ref": "", "operator": "", "usage": "", "service": "yard", "electrified": "contact_line" }, "geometry": { "type": "LineString", "coordinates": [ [ 73.8007075, 18.5093146 ], [ 73.8007167, 18.5092611 ], [ 73.800764, 18.5089843 ], [ 73.8007821, 18.5088996 ], [ 73.8008091, 18.5088141 ], [ 73.8008378, 18.5087255 ], [ 73.8008993, 18.5085323 ] ] } },
{ "type": "Feature", "properties": { "osm_id": 1188486494, "railway": "subway", "name": "", "ref": "", "operator": "", "usage": "", "service": "yard", "electrified": "contact_line" }, "geometry": { "type": "LineString", "coordinates": [ [ 73.800487, 18.5106645 ], [ 73.8005905, 18.5100313 ] ] } },
{ "type": "Feature", "properties": { "osm_id": 1188486638, "railway": "subway", "name": "", "ref": "", "operator": "", "usage": "", "service": "yard", "electrified": "contact_line" }, "geometry": { "type": "LineString", "coordinates": [ [ 73.7993816, 18.5103068 ], [ 73.7994978, 18.5100618 ] ] } },
{ "type": "Feature", "properties": { "osm_id": 1188498413, "railway": "subway", "name": "", "ref": "", "operator": "", "usage": "", "service": "yard", "electrified": "contact_line" }, "geometry": { "type": "LineString", "coordinates": [ [ 73.8004583, 18.5090786 ], [ 73.8005378, 18.5088191 ], [ 73.8006148, 18.5085682 ] ] } },
{ "type": "Feature", "properties": { "osm_id": 1188498414, "railway": "subway", "name": "", "ref": "", "operator": "", "usage": "", "service": "yard", "electrified": "contact_line" }, "geometry": { "type": "LineString", "coordinates": [ [ 73.8004165, 18.5090636 ], [ 73.8005378, 18.5088191 ], [ 73.8006554, 18.5085823 ] ] } },
{ "type": "Feature", "properties": { "osm_id": 1188499970, "railway": "subway", "name": "", "ref": "", "operator": "", "usage": "", "service": "yard", "electrified": "contact_line" }, "geometry": { "type": "LineString", "coordinates": [ [ 73.8003506, 18.5092182 ], [ 73.8002732, 18.5094075 ], [ 73.7999973, 18.5100945 ], [ 73.7999609, 18.5101751 ], [ 73.7999192, 18.5102585 ], [ 73.7998774, 18.5103319 ], [ 73.7998342, 18.5103945 ], [ 73.7997834, 18.5104636 ], [ 73.7997318, 18.510524 ], [ 73.7996642, 18.5105959 ], [ 73.79958, 18.5106743 ], [ 73.7995057, 18.5107376 ], [ 73.7993896, 18.5108376 ] ] } },
{ "type": "Feature", "properties": { "osm_id": 1188500523, "railway": "subway", "name": "", "ref": "", "operator": "", "usage": "", "service": "yard", "electrified": "contact_line" }, "geometry": { "type": "LineString", "coordinates": [ [ 73.8004231, 18.5091693 ], [ 73.8003481, 18.509415 ], [ 73.8001835, 18.5101156 ], [ 73.8001576, 18.5102006 ], [ 73.8001301, 18.5102839 ], [ 73.8000936, 18.5103671 ], [ 73.8000585, 18.5104361 ], [ 73.8000154, 18.5105099 ], [ 73.7999693, 18.5105772 ], [ 73.7999092, 18.5106559 ], [ 73.7998623, 18.5107083 ], [ 73.7997948, 18.5107752 ], [ 73.7997295, 18.5108292 ], [ 73.7996581, 18.5108829 ], [ 73.7995826, 18.510929 ], [ 73.7992156, 18.5111287 ] ] } },
{ "type": "Feature", "properties": { "osm_id": 1188502156, "railway": "subway", "name": "", "ref": "", "operator": "", "usage": "", "service": "yard", "electrified": "contact_line" }, "geometry": { "type": "LineString", "coordinates": [ [ 73.8003481, 18.509415 ], [ 73.8003229, 18.509569 ], [ 73.8003143, 18.5096563 ], [ 73.8003068, 18.5097328 ], [ 73.8002965, 18.509804 ], [ 73.8002823, 18.5098832 ], [ 73.8002652, 18.5099582 ], [ 73.8002307, 18.5101303 ], [ 73.8002091, 18.5102127 ], [ 73.8001779, 18.5102971 ], [ 73.8001408, 18.5103806 ], [ 73.8001034, 18.5104584 ], [ 73.8000601, 18.5105306 ], [ 73.8000102, 18.510604 ], [ 73.7999568, 18.5106737 ], [ 73.7998987, 18.5107381 ], [ 73.7998296, 18.5108027 ], [ 73.7997441, 18.5108737 ], [ 73.799652, 18.5109357 ], [ 73.7995831, 18.5109753 ], [ 73.799265, 18.5111533 ] ] } },
{ "type": "Feature", "properties": { "osm_id": 1188504444, "railway": "subway", "name": "", "ref": "", "operator": "", "usage": "", "service": "yard", "electrified": "contact_line" }, "geometry": { "type": "LineString", "coordinates": [ [ 73.8003088, 18.5094369 ], [ 73.8002769, 18.5095345 ], [ 73.8002534, 18.509623 ], [ 73.8002322, 18.5097158 ], [ 73.8001646, 18.510005 ], [ 73.8001411, 18.5100921 ], [ 73.8001176, 18.510169 ], [ 73.8000865, 18.5102482 ], [ 73.8000493, 18.510323 ], [ 73.8000122, 18.5103906 ], [ 73.7999735, 18.5104604 ], [ 73.7999302, 18.5105244 ], [ 73.7998801, 18.5105935 ], [ 73.7998346, 18.510651 ], [ 73.7997838, 18.5107057 ], [ 73.7997231, 18.5107625 ], [ 73.7996746, 18.5108079 ], [ 73.7996154, 18.5108532 ], [ 73.7995441, 18.5109007 ], [ 73.7994796, 18.5109417 ], [ 73.7991807, 18.5111086 ] ] } },
{ "type": "Feature", "properties": { "osm_id": 1188505402, "railway": "subway", "name": "", "ref": "", "operator": "", "usage": "", "service": "yard", "electrified": "contact_line" }, "geometry": { "type": "LineString", "coordinates": [ [ 73.8003143, 18.5096563 ], [ 73.8002914, 18.5098988 ], [ 73.8002828, 18.5099868 ], [ 73.8002721, 18.5100728 ], [ 73.8002624, 18.510147 ], [ 73.8002485, 18.5102193 ], [ 73.8002292, 18.5102808 ], [ 73.800205, 18.5103464 ], [ 73.8001755, 18.5104115 ], [ 73.8001476, 18.5104703 ], [ 73.8001063, 18.5105413 ], [ 73.8000725, 18.5105947 ], [ 73.8000345, 18.5106481 ], [ 73.799984, 18.5107112 ], [ 73.799939, 18.510762 ], [ 73.7998955, 18.5108073 ], [ 73.7998462, 18.5108516 ], [ 73.7997957, 18.5108923 ], [ 73.7997453, 18.5109284 ], [ 73.7996954, 18.5109619 ], [ 73.7992947, 18.5111802 ] ] } },
{ "type": "Feature", "properties": { "osm_id": 1188506052, "railway": "subway", "name": "", "ref": "", "operator": "", "usage": "", "service": "yard", "electrified": "contact_line" }, "geometry": { "type": "LineString", "coordinates": [ [ 73.7991587, 18.5110686 ], [ 73.799453, 18.5109038 ], [ 73.7995168, 18.510865 ], [ 73.7995775, 18.5108225 ], [ 73.7996336, 18.5107751 ], [ 73.7997004, 18.5107125 ], [ 73.7997664, 18.510647 ], [ 73.7998233, 18.5105808 ], [ 73.799887, 18.5104981 ], [ 73.7999355, 18.5104218 ], [ 73.7999856, 18.5103319 ], [ 73.8000304, 18.5102398 ], [ 73.8000774, 18.5101218 ], [ 73.8001616, 18.5099173 ], [ 73.8001946, 18.5098267 ], [ 73.8002322, 18.5097158 ] ] } },
{ "type": "Feature", "properties": { "osm_id": 1188509211, "railway": "subway", "name": "", "ref": "", "operator": "", "usage": "", "service": "yard", "electrified": "contact_line" }, "geometry": { "type": "LineString", "coordinates": [ [ 73.7992934, 18.5109035 ], [ 73.7995981, 18.5103479 ], [ 73.7996373, 18.5102777 ], [ 73.799685, 18.510207 ], [ 73.7997354, 18.5101383 ], [ 73.7997955, 18.5100737 ], [ 73.8000546, 18.5097756 ], [ 73.8000948, 18.5097222 ], [ 73.8001463, 18.5096479 ], [ 73.8001903, 18.5095696 ], [ 73.800228, 18.5095002 ], [ 73.8002732, 18.5094075 ] ] } },
{ "type": "Feature", "properties": { "osm_id": 1188509694, "railway": "subway", "name": "", "ref": "", "operator": "", "usage": "", "service": "yard", "electrified": "contact_line" }, "geometry": { "type": "LineString", "coordinates": [ [ 73.8002477, 18.5093995 ], [ 73.8002088, 18.5094515 ], [ 73.8001718, 18.5094993 ], [ 73.8000924, 18.5095975 ], [ 73.8000302, 18.5096636 ], [ 73.7998735, 18.5098188 ], [ 73.7998081, 18.5098834 ], [ 73.7997491, 18.5099515 ], [ 73.7996949, 18.5100217 ], [ 73.7996459, 18.510086 ], [ 73.7995998, 18.5101619 ], [ 73.7995184, 18.5103142 ], [ 73.7991386, 18.5110244 ] ] } },
{ "type": "Feature", "properties": { "osm_id": 1188510207, "railway": "subway", "name": "", "ref": "", "operator": "", "usage": "", "service": "yard", "electrified": "contact_line" }, "geometry": { "type": "LineString", "coordinates": [ [ 73.8001607, 18.5083266 ], [ 73.7999066, 18.5090475 ] ] } },
{ "type": "Feature", "properties": { "osm_id": 1188578459, "railway": "subway", "name": "", "ref": "", "operator": "", "usage": "", "service": "yard", "electrified": "contact_line" }, "geometry": { "type": "LineString", "coordinates": [ [ 73.7995184, 18.5103142 ], [ 73.7995586, 18.5102235 ], [ 73.799603, 18.5101017 ], [ 73.799718, 18.5097595 ], [ 73.7997388, 18.5096899 ], [ 73.7997543, 18.5096199 ], [ 73.7997987, 18.5093905 ], [ 73.7998134, 18.5093186 ], [ 73.7998359, 18.5092357 ] ] } },
{ "type": "Feature", "properties": { "osm_id": 1188578551, "railway": "subway", "name": "", "ref": "", "operator": "", "usage": "", "service": "yard", "electrified": "contact_line" }, "geometry": { "type": "LineString", "coordinates": [ [ 73.799603, 18.5101017 ], [ 73.7996507, 18.5099923 ], [ 73.7996915, 18.5099152 ], [ 73.7997341, 18.5098371 ], [ 73.799927, 18.5094836 ], [ 73.799977, 18.5093829 ], [ 73.8000124, 18.5092966 ], [ 73.8000706, 18.509129 ], [ 73.8000807, 18.509102 ] ] } },
{ "type": "Feature", "properties": { "osm_id": 1188578645, "railway": "subway", "name": "", "ref": "", "operator": "", "usage": "", "service": "yard", "electrified": "contact_line" }, "geometry": { "type": "LineString", "coordinates": [ [ 73.7997341, 18.5098371 ], [ 73.7997793, 18.5097385 ], [ 73.7998142, 18.5096482 ], [ 73.7998565, 18.5095298 ], [ 73.7999206, 18.5092818 ], [ 73.7999416, 18.5092106 ], [ 73.7999634, 18.5091453 ], [ 73.7999793, 18.5091011 ], [ 73.799989, 18.5090733 ] ] } },
{ "type": "Feature", "properties": { "osm_id": 1188578745, "railway": "subway", "name": "", "ref": "", "operator": "", "usage": "", "service": "yard", "electrified": "contact_line" }, "geometry": { "type": "LineString", "coordinates": [ [ 73.7995998, 18.5101619 ], [ 73.7997264, 18.5099395 ], [ 73.7998323, 18.5097534 ], [ 73.7998971, 18.5096483 ], [ 73.7999924, 18.5095017 ], [ 73.8000431, 18.5094277 ], [ 73.8000868, 18.5093411 ], [ 73.8001391, 18.5092115 ], [ 73.8001588, 18.509156 ], [ 73.800168, 18.5091294 ] ] } },
{ "type": "Feature", "properties": { "osm_id": 1188578858, "railway": "subway", "name": "", "ref": "", "operator": "", "usage": "", "service": "yard", "electrified": "contact_line" }, "geometry": { "type": "LineString", "coordinates": [ [ 73.7997264, 18.5099395 ], [ 73.7997944, 18.5098384 ], [ 73.7998456, 18.5097697 ], [ 73.8000119, 18.5095572 ], [ 73.8000611, 18.5094898 ], [ 73.8001095, 18.5094143 ], [ 73.8001516, 18.5093411 ], [ 73.8001969, 18.5092448 ], [ 73.8002218, 18.5091752 ], [ 73.8002312, 18.5091492 ] ] } },
{ "type": "Feature", "properties": { "osm_id": 1188670520, "railway": "subway", "name": "", "ref": "", "operator": "", "usage": "", "service": "yard", "electrified": "contact_line" }, "geometry": { "type": "LineString", "coordinates": [ [ 73.800243, 18.5083524 ], [ 73.799989, 18.5090733 ] ] } },
{ "type": "Feature", "properties": { "osm_id": 1188670521, "railway": "subway", "name": "", "ref": "", "operator": "", "usage": "", "service": "yard", "electrified": "contact_line" }, "geometry": { "type": "LineString", "coordinates": [ [ 73.8003347, 18.5083812 ], [ 73.8000807, 18.509102 ] ] } },
{ "type": "Feature", "properties": { "osm_id": 1188670522, "railway": "subway", "name": "", "ref": "", "operator": "", "usage": "", "service": "yard", "electrified": "contact_line" }, "geometry": { "type": "LineString", "coordinates": [ [ 73.800422, 18.5084085 ], [ 73.800168, 18.5091294 ] ] } },
{ "type": "Feature", "properties": { "osm_id": 1188670523, "railway": "subway", "name": "", "ref": "", "operator": "", "usage": "", "service": "yard", "electrified": "contact_line" }, "geometry": { "type": "LineString", "coordinates": [ [ 73.8004852, 18.5084283 ], [ 73.8002312, 18.5091492 ] ] } },
{ "type": "Feature", "properties": { "osm_id": 1195664032, "railway": "subway", "name": "Pune Metro Line 1: Purple Line", "ref": "", "operator": "", "usage": "main", "service": "", "electrified": "contact_line" }, "geometry": { "type": "LineString", "coordinates": [ [ 73.8476388, 18.5410313 ], [ 73.8476582, 18.5406748 ], [ 73.8476864, 18.5401751 ], [ 73.8477105, 18.539683 ], [ 73.847791, 18.5389608 ], [ 73.8485704, 18.5362675 ], [ 73.8494244, 18.5333161 ], [ 73.849726, 18.5321825 ], [ 73.8499835, 18.5312143 ], [ 73.85015, 18.5301217 ], [ 73.8503815, 18.5295702 ], [ 73.8507284, 18.529074 ], [ 73.8511752, 18.5286555 ], [ 73.8517029, 18.5283328 ], [ 73.8522965, 18.5281168 ], [ 73.8545326, 18.5275032 ], [ 73.85498, 18.52738 ], [ 73.8561431, 18.5270596 ], [ 73.8569149, 18.5268495 ], [ 73.8587646, 18.5263897 ], [ 73.8594546, 18.5261168 ], [ 73.8598153, 18.5258688 ], [ 73.8602739, 18.5254212 ], [ 73.860561, 18.5247955 ], [ 73.8607098, 18.5241458 ], [ 73.8607044, 18.5235748 ], [ 73.8605288, 18.5229009 ], [ 73.8602579, 18.5223516 ], [ 73.8599937, 18.5218924 ], [ 73.8596961, 18.5213885 ], [ 73.8596827, 18.5213628 ], [ 73.8580612, 18.5187057 ], [ 73.8576427, 18.518089 ], [ 73.8573959, 18.5177151 ], [ 73.8571277, 18.5172954 ], [ 73.8569266, 18.5168503 ], [ 73.8568139, 18.5165503 ], [ 73.8567167, 18.5161489 ], [ 73.856661, 18.5157541 ], [ 73.856708, 18.5151844 ], [ 73.8567569, 18.5146972 ], [ 73.8570796, 18.5129189 ], [ 73.8575918, 18.5101319 ], [ 73.8576748, 18.5098535 ], [ 73.8577983, 18.509627 ], [ 73.8579364, 18.5093676 ], [ 73.8580478, 18.5090535 ], [ 73.8581174, 18.5087622 ], [ 73.8581577, 18.5075235 ], [ 73.8582516, 18.5033574 ], [ 73.8582302, 18.5029784 ], [ 73.8581711, 18.5025434 ], [ 73.8580424, 18.5020448 ], [ 73.8579457, 18.5016249 ], [ 73.8577051, 18.5005522 ], [ 73.8575193, 18.4997302 ] ] } },
{ "type": "Feature", "properties": { "osm_id": 1195996618, "railway": "subway", "name": "Pune Metro Line 1: Purple Line", "ref": "", "operator": "MahaMetro", "usage": "main", "service": "", "electrified": "contact_line" }, "geometry": { "type": "LineString", "coordinates": [ [ 73.8475031, 18.5433965 ], [ 73.8475699, 18.5422244 ], [ 73.8476388, 18.5410313 ] ] } },
{ "type": "Feature", "properties": { "osm_id": 1195996619, "railway": "subway", "name": "Pune Metro Line 1: Purple Line", "ref": "", "operator": "MahaMetro", "usage": "main", "service": "", "electrified": "contact_line" }, "geometry": { "type": "LineString", "coordinates": [ [ 73.8475927, 18.5410308 ], [ 73.8475382, 18.5422224 ], [ 73.8474979, 18.5428279 ], [ 73.8474697, 18.5433951 ] ] } },
{ "type": "Feature", "properties": { "osm_id": 1260594561, "railway": "subway", "name": "Pune Metro Line 2: Aqua Line", "ref": "", "operator": "Maha Metro", "usage": "", "service": "", "electrified": "contact_line" }, "geometry": { "type": "LineString", "coordinates": [ [ 73.9091302, 18.5574446 ], [ 73.9094952, 18.5576713 ], [ 73.9098002, 18.5578322 ], [ 73.9104007, 18.5581411 ], [ 73.9110213, 18.5584723 ], [ 73.9112359, 18.5585765 ], [ 73.9114515, 18.5586649 ], [ 73.9117248, 18.5587469 ], [ 73.9126289, 18.5590101 ], [ 73.9128473, 18.5590722 ] ] } },
{ "type": "Feature", "properties": { "osm_id": 1260594562, "railway": "subway", "name": "Pune Metro Line 2: Aqua Line", "ref": "", "operator": "Maha Metro", "usage": "", "service": "", "electrified": "contact_line" }, "geometry": { "type": "LineString", "coordinates": [ [ 73.9091586, 18.5574051 ], [ 73.9095166, 18.5576353 ], [ 73.9098244, 18.5578013 ], [ 73.9104156, 18.5581052 ], [ 73.9110397, 18.5584427 ], [ 73.9112399, 18.5585413 ], [ 73.9114593, 18.5586263 ], [ 73.9117328, 18.5587093 ], [ 73.9126353, 18.5589746 ], [ 73.9128538, 18.5590378 ] ] } },
{ "type": "Feature", "properties": { "osm_id": 1266102008, "railway": "rail", "name": "Pune - Miraj Railway Line", "ref": "", "operator": "", "usage": "main", "service": "", "electrified": "contact_line" }, "geometry": { "type": "LineString", "coordinates": [ [ 73.9274801, 18.4935145 ], [ 73.9285064, 18.492477 ], [ 73.930281, 18.4906726 ], [ 73.9310311, 18.4899092 ], [ 73.9314592, 18.4894685 ], [ 73.9317739, 18.4891683 ], [ 73.9319783, 18.4889906 ], [ 73.9320373, 18.4889393 ], [ 73.932352, 18.4886947 ], [ 73.9328386, 18.4883303 ], [ 73.9352864, 18.4866039 ], [ 73.935402, 18.486521 ], [ 73.9378605, 18.4847561 ], [ 73.939379, 18.483663 ], [ 73.9397681, 18.4833836 ], [ 73.9405535, 18.4828197 ], [ 73.9420244, 18.4817561 ], [ 73.9438575, 18.4804513 ], [ 73.9448856, 18.479726 ], [ 73.9460117, 18.4789219 ], [ 73.9472838, 18.4780199 ], [ 73.948068, 18.4774575 ], [ 73.9486814, 18.4769981 ], [ 73.9501587, 18.4758957 ], [ 73.9510002, 18.4753057 ], [ 73.95229, 18.4743705 ], [ 73.9529706, 18.4738725 ], [ 73.9534444, 18.4735549 ], [ 73.9537005, 18.4733988 ], [ 73.9539877, 18.4732426 ], [ 73.9543042, 18.4730812 ], [ 73.9545659, 18.4729546 ], [ 73.9548732, 18.4728244 ], [ 73.9554184, 18.4726301 ], [ 73.9569259, 18.4721008 ], [ 73.9576741, 18.4718388 ], [ 73.9593156, 18.4712602 ], [ 73.9606584, 18.4708004 ], [ 73.9626884, 18.4700647 ], [ 73.9636799, 18.4697125 ], [ 73.9647813, 18.4693307 ], [ 73.9651691, 18.4692023 ], [ 73.9655277, 18.4690982 ], [ 73.9658607, 18.4690167 ], [ 73.966082, 18.4689733 ], [ 73.966801, 18.4688935 ], [ 73.9677908, 18.4687807 ], [ 73.9680908, 18.4687303 ], [ 73.9683597, 18.4686766 ], [ 73.9686067, 18.4686141 ], [ 73.9688903, 18.4685343 ], [ 73.9692031, 18.4684302 ], [ 73.9694263, 18.4683469 ], [ 73.9697629, 18.4682028 ], [ 73.9699941, 18.4681035 ] ] } },
{ "type": "Feature", "properties": { "osm_id": 1266102014, "railway": "rail", "name": "Pune - Miraj Railway Line", "ref": "", "operator": "", "usage": "main", "service": "", "electrified": "contact_line" }, "geometry": { "type": "LineString", "coordinates": [ [ 74.0068077, 18.4561897 ], [ 74.0064456, 18.4561785 ], [ 74.0061639, 18.4561698 ], [ 74.0054394, 18.4561768 ], [ 74.0050662, 18.4561941 ], [ 74.0048668, 18.4562132 ], [ 74.0047131, 18.4562427 ], [ 74.0045704, 18.4562791 ], [ 74.0039923, 18.4564492 ], [ 74.0007066, 18.4574627 ], [ 73.9991333, 18.457952 ], [ 73.9988954, 18.4580388 ], [ 73.9982002, 18.4582991 ], [ 73.9977063, 18.4585143 ] ] } },
{ "type": "Feature", "properties": { "osm_id": 1266102015, "railway": "rail", "name": "", "ref": "", "operator": "", "usage": "", "service": "yard", "electrified": "" }, "geometry": { "type": "LineString", "coordinates": [ [ 73.9963028, 18.4589565 ], [ 73.9960764, 18.459026 ], [ 73.9959172, 18.4590676 ], [ 73.9956702, 18.4591214 ] ] } },
{ "type": "Feature", "properties": { "osm_id": 1266102016, "railway": "rail", "name": "Pune - Miraj Railway Line", "ref": "", "operator": "", "usage": "main", "service": "", "electrified": "contact_line" }, "geometry": { "type": "LineString", "coordinates": [ [ 74.0074647, 18.4561903 ], [ 74.0069708, 18.45618 ], [ 74.0068077, 18.4561897 ], [ 74.0063872, 18.4562147 ], [ 74.0058146, 18.4562581 ], [ 74.0055164, 18.4562737 ], [ 74.0052749, 18.4563049 ], [ 74.0049895, 18.45635 ], [ 74.0046712, 18.4564125 ], [ 74.0044096, 18.4564715 ], [ 74.0041516, 18.4565375 ], [ 74.0038552, 18.456626 ], [ 74.0027429, 18.4569626 ], [ 73.9998451, 18.4578667 ], [ 73.998987, 18.4581305 ], [ 73.9977063, 18.4585143 ], [ 73.9971023, 18.4587084 ], [ 73.9963028, 18.4589565 ], [ 73.9956149, 18.4592272 ] ] } },
{ "type": "Feature", "properties": { "osm_id": 1266102017, "railway": "rail", "name": "", "ref": "", "operator": "", "usage": "", "service": "yard", "electrified": "" }, "geometry": { "type": "LineString", "coordinates": [ [ 73.9469376, 18.478061 ], [ 73.9481304, 18.4772073 ], [ 73.9487378, 18.476777 ], [ 73.9490707, 18.4765549 ], [ 73.9493836, 18.4763328 ], [ 73.9499782, 18.4759042 ] ] } },
{ "type": "Feature", "properties": { "osm_id": 1266102018, "railway": "rail", "name": "", "ref": "", "operator": "", "usage": "", "service": "spur", "electrified": "" }, "geometry": { "type": "LineString", "coordinates": [ [ 73.9593023, 18.4710088 ], [ 73.95776, 18.4715363 ], [ 73.9568965, 18.4718521 ], [ 73.9557129, 18.4722633 ], [ 73.9552518, 18.4724282 ], [ 73.9548292, 18.4725722 ], [ 73.9544103, 18.4727179 ], [ 73.9541908, 18.4728082 ], [ 73.9539822, 18.4729053 ], [ 73.9537956, 18.473006 ], [ 73.9531882, 18.4734276 ], [ 73.952021, 18.4742605 ], [ 73.9513459, 18.4747516 ], [ 73.9510831, 18.4749593 ], [ 73.9510081, 18.4750149 ], [ 73.9509276, 18.4750791 ], [ 73.9507209, 18.4752734 ], [ 73.9504263, 18.4755458 ], [ 73.9500952, 18.47582 ] ] } },
{ "type": "Feature", "properties": { "osm_id": 1266102019, "railway": "rail", "name": "Pune - Miraj Railway Line", "ref": "", "operator": "", "usage": "main", "service": "", "electrified": "contact_line" }, "geometry": { "type": "LineString", "coordinates": [ [ 73.9569376, 18.4720416 ], [ 73.9560409, 18.4722882 ], [ 73.9552377, 18.4725919 ], [ 73.9549066, 18.4727168 ], [ 73.9546431, 18.4728244 ], [ 73.9544474, 18.4729112 ], [ 73.9542022, 18.4730274 ], [ 73.9539699, 18.4731454 ], [ 73.9537778, 18.4732513 ], [ 73.9536095, 18.4733484 ], [ 73.953454, 18.4734439 ], [ 73.9532912, 18.4735514 ], [ 73.9529807, 18.4737707 ], [ 73.9528252, 18.4738696 ], [ 73.9512025, 18.4750339 ], [ 73.9500952, 18.47582 ], [ 73.9499782, 18.4759042 ], [ 73.9494935, 18.4763274 ] ] } },
{ "type": "Feature", "properties": { "osm_id": 1266102020, "railway": "rail", "name": "", "ref": "", "operator": "", "usage": "", "service": "yard", "electrified": "" }, "geometry": { "type": "LineString", "coordinates": [ [ 73.9573636, 18.4718336 ], [ 73.9560409, 18.4722882 ] ] } },
{ "type": "Feature", "properties": { "osm_id": 1266102021, "railway": "rail", "name": "Pune - Miraj Railway Line", "ref": "", "operator": "", "usage": "", "service": "crossover", "electrified": "contact_line" }, "geometry": { "type": "LineString", "coordinates": [ [ 73.9486814, 18.4769981 ], [ 73.9493491, 18.4764325 ] ] } },
{ "type": "Feature", "properties": { "osm_id": 1266102022, "railway": "rail", "name": "Pune - Miraj Railway Line", "ref": "", "operator": "", "usage": "", "service": "crossover", "electrified": "contact_line" }, "geometry": { "type": "LineString", "coordinates": [ [ 73.9472838, 18.4780199 ], [ 73.9464716, 18.4785335 ] ] } },
{ "type": "Feature", "properties": { "osm_id": 1266102023, "railway": "rail", "name": "Pune - Miraj Railway Line", "ref": "", "operator": "", "usage": "", "service": "crossover", "electrified": "contact_line" }, "geometry": { "type": "LineString", "coordinates": [ [ 73.8986027, 18.5263065 ], [ 73.8988515, 18.5260585 ], [ 73.8990326, 18.5258295 ], [ 73.8991863, 18.5256109 ], [ 73.8993823, 18.5253591 ] ] } },
{ "type": "Feature", "properties": { "osm_id": 1266102026, "railway": "rail", "name": "Pune - Miraj Railway Line", "ref": "", "operator": "", "usage": "main", "service": "", "electrified": "contact_line" }, "geometry": { "type": "LineString", "coordinates": [ [ 73.9972315, 18.458766 ], [ 73.9980244, 18.4585651 ], [ 73.9982604, 18.4585009 ], [ 73.9985897, 18.4584055 ], [ 73.9998904, 18.4580046 ], [ 74.0024627, 18.4571994 ], [ 74.003489, 18.456887 ], [ 74.0038073, 18.4568003 ], [ 74.0041073, 18.4567187 ], [ 74.004486, 18.4566267 ], [ 74.0047605, 18.4565712 ], [ 74.0050056, 18.4565243 ], [ 74.0052782, 18.4564792 ], [ 74.0055288, 18.4564462 ], [ 74.0058819, 18.4564185 ], [ 74.0063987, 18.4563935 ], [ 74.0070262, 18.4563553 ], [ 74.0073591, 18.4563345 ], [ 74.0077214, 18.4562946 ], [ 74.0081401, 18.4562356 ] ] } },
{ "type": "Feature", "properties": { "osm_id": 1266102027, "railway": "rail", "name": "", "ref": "", "operator": "", "usage": "", "service": "crossover", "electrified": "contact_line" }, "geometry": { "type": "LineString", "coordinates": [ [ 73.9954947, 18.4592645 ], [ 73.9945218, 18.459623 ] ] } },
{ "type": "Feature", "properties": { "osm_id": 1266102028, "railway": "rail", "name": "", "ref": "", "operator": "", "usage": "", "service": "crossover", "electrified": "contact_line" }, "geometry": { "type": "LineString", "coordinates": [ [ 73.9570236, 18.4720103 ], [ 73.9576741, 18.4718388 ] ] } },
{ "type": "Feature", "properties": { "osm_id": 1266102029, "railway": "rail", "name": "Pune - Miraj Railway Line", "ref": "", "operator": "", "usage": "main", "service": "", "electrified": "contact_line" }, "geometry": { "type": "LineString", "coordinates": [ [ 73.948068, 18.4774575 ], [ 73.9486416, 18.4770879 ], [ 73.9488703, 18.4769457 ], [ 73.9490349, 18.4768277 ], [ 73.9492362, 18.4766854 ], [ 73.9495911, 18.4763817 ], [ 73.9497265, 18.4762637 ], [ 73.9504198, 18.4757657 ], [ 73.9509943, 18.4753545 ], [ 73.9519291, 18.4746761 ], [ 73.9527359, 18.4740965 ], [ 73.9530982, 18.4738362 ], [ 73.9533964, 18.4736367 ], [ 73.9536799, 18.4734597 ], [ 73.9540111, 18.4732758 ], [ 73.9542855, 18.4731421 ], [ 73.9545837, 18.4729999 ], [ 73.954897, 18.4728695 ], [ 73.9552281, 18.4727463 ], [ 73.956291, 18.4723767 ], [ 73.9569259, 18.4721008 ] ] } },
{ "type": "Feature", "properties": { "osm_id": 1266102030, "railway": "rail", "name": "", "ref": "", "operator": "", "usage": "", "service": "yard", "electrified": "" }, "geometry": { "type": "LineString", "coordinates": [ [ 73.9488703, 18.4769457 ], [ 73.9483233, 18.4773395 ], [ 73.9467371, 18.4784674 ], [ 73.9453083, 18.4794911 ] ] } },
{ "type": "Feature", "properties": { "osm_id": 1266102031, "railway": "rail", "name": "", "ref": "", "operator": "", "usage": "", "service": "spur", "electrified": "" }, "geometry": { "type": "LineString", "coordinates": [ [ 73.9492362, 18.4766854 ], [ 73.95015, 18.4760315 ], [ 73.9505941, 18.4757107 ], [ 73.9515459, 18.4750234 ], [ 73.9528759, 18.4740551 ], [ 73.9531357, 18.4738747 ], [ 73.9533187, 18.473748 ], [ 73.9535089, 18.4736283 ], [ 73.9537596, 18.4734773 ], [ 73.9539828, 18.4733506 ], [ 73.9542059, 18.4732379 ], [ 73.9545078, 18.4730921 ], [ 73.9547822, 18.4729706 ], [ 73.9550182, 18.4728769 ], [ 73.9554756, 18.4727086 ], [ 73.9565147, 18.4723581 ], [ 73.9569575, 18.4721967 ], [ 73.957274, 18.4720857 ], [ 73.9575173, 18.4719816 ], [ 73.9578795, 18.4718393 ], [ 73.9581302, 18.4717473 ], [ 73.9594163, 18.4713048 ] ] } },
{ "type": "Feature", "properties": { "osm_id": 1266102034, "railway": "rail", "name": "", "ref": "", "operator": "", "usage": "", "service": "spur", "electrified": "" }, "geometry": { "type": "LineString", "coordinates": [ [ 73.9505941, 18.4757107 ], [ 73.9509339, 18.4755239 ], [ 73.9511333, 18.4753746 ], [ 73.9521267, 18.4746563 ], [ 73.9524505, 18.4744324 ], [ 73.9526005, 18.4743544 ], [ 73.9529335, 18.4742017 ], [ 73.9538647, 18.4738165 ], [ 73.9543495, 18.4736186 ], [ 73.9545832, 18.473518 ], [ 73.954871, 18.4733956 ], [ 73.9556118, 18.4731005 ], [ 73.9568705, 18.472665 ], [ 73.9592726, 18.4718373 ] ] } },
{ "type": "Feature", "properties": { "osm_id": 1266102035, "railway": "rail", "name": "", "ref": "", "operator": "", "usage": "", "service": "yard", "electrified": "" }, "geometry": { "type": "LineString", "coordinates": [ [ 73.8976877, 18.5269466 ], [ 73.8979927, 18.5268032 ], [ 73.8982544, 18.5266662 ], [ 73.8984336, 18.5265534 ], [ 73.8985873, 18.5264302 ], [ 73.8987995, 18.5262308 ], [ 73.8989715, 18.5260434 ] ] } },
{ "type": "Feature", "properties": { "osm_id": 1266102127, "railway": "rail", "name": "Pune - Miraj Railway Line", "ref": "", "operator": "", "usage": "main", "service": "", "electrified": "contact_line" }, "geometry": { "type": "LineString", "coordinates": [ [ 73.99131, 18.4606861 ], [ 73.9920092, 18.4604721 ], [ 73.9924227, 18.4603403 ], [ 73.993052, 18.4601025 ], [ 73.993479, 18.4599544 ], [ 73.9945218, 18.459623 ], [ 73.9962579, 18.4590677 ], [ 73.9969293, 18.458856 ], [ 73.9972315, 18.458766 ], [ 73.9979904, 18.4585401 ], [ 73.9993241, 18.4581306 ], [ 74.0028641, 18.4570234 ], [ 74.0032117, 18.4569245 ], [ 74.0036508, 18.4567926 ], [ 74.0040441, 18.456685 ], [ 74.0043186, 18.4566226 ], [ 74.0045802, 18.4565653 ], [ 74.0049058, 18.4565011 ], [ 74.0051473, 18.4564594 ], [ 74.0054162, 18.4564178 ], [ 74.0057602, 18.4563796 ], [ 74.0069951, 18.4563067 ], [ 74.0081401, 18.4562356 ], [ 74.0086973, 18.4562052 ] ] } },
{ "type": "Feature", "properties": { "osm_id": 1266102128, "railway": "rail", "name": "Pune - Miraj Railway Line", "ref": "", "operator": "", "usage": "main", "service": "", "electrified": "contact_line" }, "geometry": { "type": "LineString", "coordinates": [ [ 73.9911884, 18.4607233 ], [ 73.99131, 18.4606861 ] ] } },
{ "type": "Feature", "properties": { "osm_id": 1266102129, "railway": "rail", "name": "Pune - Miraj Railway Line", "ref": "", "operator": "", "usage": "main", "service": "", "electrified": "contact_line" }, "geometry": { "type": "LineString", "coordinates": [ [ 73.9912731, 18.4605727 ], [ 73.9954947, 18.4592645 ], [ 73.9956149, 18.4592272 ], [ 73.9971047, 18.4587453 ], [ 73.9985188, 18.4583375 ], [ 74.0022967, 18.457128 ], [ 74.0033651, 18.4568121 ], [ 74.0038956, 18.4566525 ], [ 74.0043347, 18.4565327 ], [ 74.0047976, 18.4564286 ], [ 74.0051122, 18.4563679 ], [ 74.0053133, 18.4563365 ], [ 74.0060689, 18.4562705 ], [ 74.0074647, 18.4561903 ], [ 74.0082716, 18.4561439 ], [ 74.0086957, 18.4561205 ] ] } },
{ "type": "Feature", "properties": { "osm_id": 1266102130, "railway": "rail", "name": "Pune - Miraj Railway Line", "ref": "", "operator": "", "usage": "main", "service": "", "electrified": "contact_line" }, "geometry": { "type": "LineString", "coordinates": [ [ 73.9911487, 18.4606112 ], [ 73.9912731, 18.4605727 ] ] } },
{ "type": "Feature", "properties": { "osm_id": 1266102132, "railway": "rail", "name": "Pune - Miraj Railway Line", "ref": "", "operator": "", "usage": "main", "service": "", "electrified": "contact_line" }, "geometry": { "type": "LineString", "coordinates": [ [ 73.9702253, 18.4680043 ], [ 73.9719327, 18.467271 ], [ 73.9743567, 18.466242 ], [ 73.9751873, 18.4658863 ], [ 73.9765466, 18.4653067 ], [ 73.9769984, 18.4651245 ], [ 73.977271, 18.4650117 ], [ 73.9775692, 18.4648989 ], [ 73.9778437, 18.4647965 ], [ 73.9781656, 18.4646872 ], [ 73.9790397, 18.4644198 ], [ 73.9791865, 18.4643748 ], [ 73.982335, 18.4634048 ], [ 73.9849841, 18.4625736 ], [ 73.9878417, 18.4616938 ], [ 73.9882991, 18.461548 ], [ 73.9886686, 18.4614457 ], [ 73.9892248, 18.4613016 ], [ 73.9897315, 18.4611559 ], [ 73.9909884, 18.4607845 ], [ 73.9911884, 18.4607233 ] ] } },
{ "type": "Feature", "properties": { "osm_id": 1266102133, "railway": "rail", "name": "Pune - Miraj Railway Line", "ref": "", "operator": "", "usage": "main", "service": "", "electrified": "contact_line" }, "geometry": { "type": "LineString", "coordinates": [ [ 73.9702065, 18.4679472 ], [ 73.9707715, 18.4677059 ], [ 73.9733711, 18.466611 ], [ 73.9759397, 18.4655039 ], [ 73.9767739, 18.4651551 ], [ 73.9772057, 18.4649798 ], [ 73.9774838, 18.4648705 ], [ 73.9777747, 18.4647681 ], [ 73.9781332, 18.4646467 ], [ 73.9790401, 18.4643691 ], [ 73.9799133, 18.4641018 ], [ 73.9834328, 18.4630065 ], [ 73.9867075, 18.4619862 ], [ 73.9894261, 18.461148 ], [ 73.9911487, 18.4606112 ] ] } },
{ "type": "Feature", "properties": { "osm_id": 1266102134, "railway": "rail", "name": "Pune - Miraj Railway Line", "ref": "", "operator": "", "usage": "main", "service": "", "electrified": "contact_line" }, "geometry": { "type": "LineString", "coordinates": [ [ 73.969974, 18.4680456 ], [ 73.9702065, 18.4679472 ] ] } },
{ "type": "Feature", "properties": { "osm_id": 1266102135, "railway": "rail", "name": "Pune - Miraj Railway Line", "ref": "", "operator": "", "usage": "main", "service": "", "electrified": "contact_line" }, "geometry": { "type": "LineString", "coordinates": [ [ 73.9699941, 18.4681035 ], [ 73.9702253, 18.4680043 ] ] } },
{ "type": "Feature", "properties": { "osm_id": 1266102140, "railway": "rail", "name": "Pune - Miraj Railway Line", "ref": "", "operator": "", "usage": "main", "service": "", "electrified": "contact_line" }, "geometry": { "type": "LineString", "coordinates": [ [ 73.9084116, 18.5127805 ], [ 73.9095788, 18.5115939 ], [ 73.9100728, 18.511096 ], [ 73.9116534, 18.509493 ], [ 73.9119248, 18.5092211 ], [ 73.9131024, 18.508041 ], [ 73.9145385, 18.5066149 ], [ 73.9157478, 18.5054023 ], [ 73.9163991, 18.5047378 ], [ 73.9174382, 18.5036674 ], [ 73.918889, 18.5021632 ], [ 73.9191971, 18.5018556 ], [ 73.9202409, 18.5008135 ], [ 73.9215892, 18.4994464 ], [ 73.9229723, 18.4980653 ], [ 73.9242109, 18.4968197 ], [ 73.9255958, 18.4954178 ], [ 73.927202, 18.4937956 ], [ 73.9273834, 18.4936123 ] ] } },
{ "type": "Feature", "properties": { "osm_id": 1266102141, "railway": "rail", "name": "Pune - Miraj Railway Line", "ref": "", "operator": "", "usage": "main", "service": "", "electrified": "contact_line" }, "geometry": { "type": "LineString", "coordinates": [ [ 73.9273834, 18.4936123 ], [ 73.9274801, 18.4935145 ] ] } },
{ "type": "Feature", "properties": { "osm_id": 1266102142, "railway": "rail", "name": "Pune - Miraj Railway Line", "ref": "", "operator": "", "usage": "main", "service": "", "electrified": "contact_line" }, "geometry": { "type": "LineString", "coordinates": [ [ 73.9274375, 18.493476 ], [ 73.9277599, 18.4931489 ], [ 73.9283838, 18.4925208 ], [ 73.9294046, 18.4914833 ], [ 73.9299114, 18.4909645 ], [ 73.930312, 18.4905603 ], [ 73.9307621, 18.490097 ], [ 73.9314372, 18.4894134 ], [ 73.9316841, 18.4891705 ], [ 73.9318963, 18.4889727 ], [ 73.9319308, 18.4889452 ], [ 73.9322586, 18.488683 ], [ 73.9345491, 18.4870486 ], [ 73.9353664, 18.4864639 ], [ 73.9362907, 18.4858028 ], [ 73.9376464, 18.4848398 ], [ 73.9383452, 18.4843366 ], [ 73.9388831, 18.4839532 ], [ 73.9393459, 18.4836166 ], [ 73.9397324, 18.4833378 ], [ 73.9399112, 18.4832088 ], [ 73.9408004, 18.4825721 ], [ 73.9421285, 18.4816212 ], [ 73.9428658, 18.4811111 ], [ 73.9438684, 18.4803928 ], [ 73.9455276, 18.4792067 ], [ 73.9464716, 18.4785335 ], [ 73.9474593, 18.4778328 ], [ 73.9493491, 18.4764325 ], [ 73.9494935, 18.4763274 ], [ 73.9500789, 18.4759006 ], [ 73.9509607, 18.4752673 ], [ 73.9528012, 18.4739416 ], [ 73.9530756, 18.4737472 ], [ 73.9532915, 18.4736049 ], [ 73.9534945, 18.4734817 ], [ 73.9537415, 18.4733308 ], [ 73.9539976, 18.473185 ], [ 73.9542133, 18.4730719 ], [ 73.9544724, 18.4729422 ], [ 73.9546763, 18.4728519 ], [ 73.9549032, 18.4727651 ], [ 73.9551593, 18.472668 ], [ 73.9554283, 18.4725725 ], [ 73.9569376, 18.4720416 ], [ 73.9570236, 18.4720103 ], [ 73.9593857, 18.4711843 ], [ 73.9626344, 18.4700384 ], [ 73.9637925, 18.4696254 ], [ 73.9645736, 18.469353 ], [ 73.9651097, 18.4691742 ], [ 73.9653749, 18.4690927 ], [ 73.9656768, 18.4690181 ], [ 73.9659439, 18.4689608 ], [ 73.966158, 18.4689261 ], [ 73.9670233, 18.4688272 ], [ 73.9674093, 18.468789 ], [ 73.9676815, 18.4687575 ], [ 73.9679815, 18.4687106 ], [ 73.9682267, 18.4686603 ], [ 73.968459, 18.4686031 ], [ 73.9687627, 18.4685232 ], [ 73.9691121, 18.4684035 ], [ 73.9693646, 18.4683046 ], [ 73.9696903, 18.4681658 ], [ 73.969974, 18.4680456 ] ] } },
{ "type": "Feature", "properties": { "osm_id": 1266102143, "railway": "rail", "name": "Pune - Miraj Railway Line", "ref": "", "operator": "", "usage": "main", "service": "", "electrified": "contact_line" }, "geometry": { "type": "LineString", "coordinates": [ [ 73.9273396, 18.4935754 ], [ 73.9274375, 18.493476 ] ] } },
{ "type": "Feature", "properties": { "osm_id": 1266102144, "railway": "rail", "name": "Pune - Miraj Railway Line", "ref": "", "operator": "", "usage": "main", "service": "", "electrified": "contact_line" }, "geometry": { "type": "LineString", "coordinates": [ [ 73.9010347, 18.5230084 ], [ 73.9018164, 18.5218567 ], [ 73.9031427, 18.5199 ], [ 73.9044033, 18.5180299 ], [ 73.9054424, 18.5164825 ], [ 73.9060059, 18.515662 ], [ 73.9062391, 18.5153145 ] ] } },
{ "type": "Feature", "properties": { "osm_id": 1266102145, "railway": "rail", "name": "Pune - Miraj Railway Line", "ref": "", "operator": "", "usage": "main", "service": "", "electrified": "contact_line" }, "geometry": { "type": "LineString", "coordinates": [ [ 73.9082575, 18.5129353 ], [ 73.9084116, 18.5127805 ] ] } },
{ "type": "Feature", "properties": { "osm_id": 1266102146, "railway": "rail", "name": "Pune - Miraj Railway Line", "ref": "", "operator": "", "usage": "main", "service": "", "electrified": "contact_line" }, "geometry": { "type": "LineString", "coordinates": [ [ 73.9083654, 18.5127294 ], [ 73.9084572, 18.5126387 ], [ 73.9099977, 18.5110601 ], [ 73.9116917, 18.5093547 ], [ 73.9118698, 18.5091717 ], [ 73.9128242, 18.5081906 ], [ 73.9132852, 18.5077344 ], [ 73.9139511, 18.5070699 ], [ 73.9148348, 18.5061817 ], [ 73.9158355, 18.505172 ], [ 73.9164685, 18.5045405 ], [ 73.9170118, 18.5039819 ], [ 73.9175186, 18.5034701 ], [ 73.9178991, 18.5030884 ], [ 73.9182577, 18.5027223 ], [ 73.9188486, 18.5021238 ], [ 73.9191551, 18.5018179 ], [ 73.9199938, 18.5009805 ], [ 73.9212525, 18.4997209 ], [ 73.9223154, 18.4986626 ], [ 73.922921, 18.4980311 ], [ 73.9241742, 18.496775 ], [ 73.9252865, 18.495649 ], [ 73.9271836, 18.4937336 ], [ 73.9273396, 18.4935754 ] ] } },
{ "type": "Feature", "properties": { "osm_id": 1266102147, "railway": "rail", "name": "Pune - Miraj Railway Line", "ref": "", "operator": "", "usage": "main", "service": "", "electrified": "contact_line" }, "geometry": { "type": "LineString", "coordinates": [ [ 73.9082127, 18.51288 ], [ 73.9083654, 18.5127294 ] ] } },
{ "type": "Feature", "properties": { "osm_id": 1266102148, "railway": "rail", "name": "Pune - Miraj Railway Line", "ref": "", "operator": "", "usage": "main", "service": "", "electrified": "contact_line" }, "geometry": { "type": "LineString", "coordinates": [ [ 73.9062561, 18.5151596 ], [ 73.9064467, 18.5148731 ], [ 73.9066552, 18.5145782 ], [ 73.9069315, 18.5142174 ], [ 73.9072772, 18.5138028 ], [ 73.9082127, 18.51288 ] ] } },
{ "type": "Feature", "properties": { "osm_id": 1266102149, "railway": "rail", "name": "Pune - Miraj Railway Line", "ref": "", "operator": "", "usage": "main", "service": "", "electrified": "contact_line" }, "geometry": { "type": "LineString", "coordinates": [ [ 73.9063082, 18.5152115 ], [ 73.9063772, 18.5151086 ], [ 73.9066937, 18.5146385 ], [ 73.9070487, 18.5141978 ], [ 73.9073011, 18.5138942 ], [ 73.9075591, 18.5136306 ], [ 73.9081957, 18.5129974 ], [ 73.9082575, 18.5129353 ] ] } },
{ "type": "Feature", "properties": { "osm_id": 1266102150, "railway": "rail", "name": "Pune - Miraj Railway Line", "ref": "", "operator": "", "usage": "main", "service": "", "electrified": "contact_line" }, "geometry": { "type": "LineString", "coordinates": [ [ 73.9062391, 18.5153145 ], [ 73.9063082, 18.5152115 ] ] } },
{ "type": "Feature", "properties": { "osm_id": 1266102151, "railway": "rail", "name": "Pune - Miraj Railway Line", "ref": "", "operator": "", "usage": "main", "service": "", "electrified": "contact_line" }, "geometry": { "type": "LineString", "coordinates": [ [ 73.9061754, 18.51527 ], [ 73.9062561, 18.5151596 ] ] } },
{ "type": "Feature", "properties": { "osm_id": 1266102152, "railway": "rail", "name": "Pune - Miraj Railway Line", "ref": "", "operator": "", "usage": "main", "service": "", "electrified": "contact_line" }, "geometry": { "type": "LineString", "coordinates": [ [ 73.8952878, 18.527656 ], [ 73.8955301, 18.5275501 ], [ 73.8959655, 18.5274269 ], [ 73.8968637, 18.527192 ], [ 73.897075, 18.5271385 ], [ 73.8972266, 18.5270864 ], [ 73.8972835, 18.5270669 ], [ 73.8975168, 18.5269708 ], [ 73.8977291, 18.5268728 ], [ 73.8979662, 18.5267477 ], [ 73.8982378, 18.5265827 ], [ 73.8983805, 18.5264829 ], [ 73.8986027, 18.5263065 ], [ 73.8987773, 18.5261547 ], [ 73.8989083, 18.5260242 ], [ 73.8990757, 18.5258356 ], [ 73.8992822, 18.5255853 ], [ 73.8995259, 18.5252428 ], [ 73.9004919, 18.5238083 ], [ 73.9009205, 18.5231766 ] ] } },
{ "type": "Feature", "properties": { "osm_id": 1266102153, "railway": "rail", "name": "Pune - Miraj Railway Line", "ref": "", "operator": "", "usage": "main", "service": "", "electrified": "contact_line" }, "geometry": { "type": "LineString", "coordinates": [ [ 73.9009834, 18.5229549 ], [ 73.9014705, 18.5222319 ], [ 73.9021785, 18.5211859 ], [ 73.9028884, 18.5201294 ], [ 73.903761, 18.5188665 ], [ 73.90418, 18.518242 ], [ 73.904855, 18.5172307 ], [ 73.9056582, 18.5160406 ], [ 73.9059728, 18.5155722 ], [ 73.9061754, 18.51527 ] ] } },
{ "type": "Feature", "properties": { "osm_id": 1266102154, "railway": "rail", "name": "Pune - Miraj Railway Line", "ref": "", "operator": "", "usage": "main", "service": "", "electrified": "contact_line" }, "geometry": { "type": "LineString", "coordinates": [ [ 73.9008604, 18.5231806 ], [ 73.9009834, 18.5229549 ] ] } },
{ "type": "Feature", "properties": { "osm_id": 1266102155, "railway": "rail", "name": "Pune - Miraj Railway Line", "ref": "", "operator": "", "usage": "main", "service": "", "electrified": "contact_line" }, "geometry": { "type": "LineString", "coordinates": [ [ 73.9009205, 18.5231766 ], [ 73.9010347, 18.5230084 ] ] } },
{ "type": "Feature", "properties": { "osm_id": 1314727577, "railway": "rail", "name": "Mumbai–Pune Railway", "ref": "", "operator": "", "usage": "main", "service": "", "electrified": "contact_line" }, "geometry": { "type": "LineString", "coordinates": [ [ 73.8593066, 18.5285095 ], [ 73.8578191, 18.5284478 ], [ 73.8573194, 18.5284648 ], [ 73.8571195, 18.5284863 ], [ 73.8569007, 18.5285098 ], [ 73.8564848, 18.5285874 ], [ 73.8558485, 18.5287669 ], [ 73.8553062, 18.5289744 ], [ 73.8545609, 18.5293385 ], [ 73.854133, 18.5295801 ], [ 73.8538376, 18.5297868 ], [ 73.8533935, 18.5300975 ], [ 73.8532761, 18.5301987 ] ] } },
{ "type": "Feature", "properties": { "osm_id": 1314727578, "railway": "rail", "name": "", "ref": "", "operator": "", "usage": "main", "service": "", "electrified": "contact_line" }, "geometry": { "type": "LineString", "coordinates": [ [ 73.8688469, 18.5290956 ], [ 73.8683692, 18.5290141 ] ] } },
{ "type": "Feature", "properties": { "osm_id": 1314727579, "railway": "rail", "name": "Mumbai–Pune Railway", "ref": "", "operator": "", "usage": "main", "service": "", "electrified": "contact_line" }, "geometry": { "type": "LineString", "coordinates": [ [ 73.8501157, 18.5368196 ], [ 73.8500297, 18.5371554 ], [ 73.847389, 18.5467763 ] ] } },
{ "type": "Feature", "properties": { "osm_id": 1314727580, "railway": "rail", "name": "Mumbai–Pune Railway", "ref": "", "operator": "", "usage": "main", "service": "", "electrified": "contact_line" }, "geometry": { "type": "LineString", "coordinates": [ [ 73.847438, 18.5467943 ], [ 73.8500802, 18.5371679 ], [ 73.8501767, 18.5368374 ] ] } },
{ "type": "Feature", "properties": { "osm_id": 1314727581, "railway": "rail", "name": "Mumbai–Pune Railway", "ref": "", "operator": "", "usage": "main", "service": "", "electrified": "contact_line" }, "geometry": { "type": "LineString", "coordinates": [ [ 73.8533116, 18.5302348 ], [ 73.8534266, 18.5301357 ], [ 73.8541619, 18.5296213 ], [ 73.8545862, 18.5293817 ], [ 73.855328, 18.5290193 ], [ 73.8558657, 18.5288136 ], [ 73.8564973, 18.5286354 ], [ 73.8569087, 18.5285586 ], [ 73.8570888, 18.5285393 ], [ 73.8573233, 18.5285141 ], [ 73.8578189, 18.5284972 ], [ 73.8593067, 18.5285586 ] ] } },
{ "type": "Feature", "properties": { "osm_id": 1314946584, "railway": "rail", "name": "Mumbai–Pune Railway", "ref": "", "operator": "", "usage": "main", "service": "", "electrified": "contact_line" }, "geometry": { "type": "LineString", "coordinates": [ [ 73.8716915, 18.5289844 ], [ 73.8712545, 18.5289759 ], [ 73.8709202, 18.5289911 ], [ 73.8706605, 18.5289972 ], [ 73.8705286, 18.5290089 ], [ 73.8698714, 18.52905 ], [ 73.8693622, 18.5290535 ], [ 73.8690174, 18.52905 ], [ 73.8683692, 18.5290141 ] ] } },
{ "type": "Feature", "properties": { "osm_id": 1314946585, "railway": "rail", "name": "", "ref": "", "operator": "", "usage": "main", "service": "", "electrified": "contact_line" }, "geometry": { "type": "LineString", "coordinates": [ [ 73.8796025, 18.5305472 ], [ 73.8799607, 18.5307257 ], [ 73.8803287, 18.5308954 ] ] } },
{ "type": "Feature", "properties": { "osm_id": 1314946613, "railway": "rail", "name": "", "ref": "", "operator": "", "usage": "main", "service": "", "electrified": "contact_line" }, "geometry": { "type": "LineString", "coordinates": [ [ 73.8700764, 18.5293182 ], [ 73.8702871, 18.5293424 ], [ 73.8707387, 18.5293887 ], [ 73.8709957, 18.5294138 ], [ 73.8726591, 18.5294921 ] ] } },
{ "type": "Feature", "properties": { "osm_id": 1314946614, "railway": "rail", "name": "", "ref": "", "operator": "", "usage": "main", "service": "", "electrified": "contact_line" }, "geometry": { "type": "LineString", "coordinates": [ [ 73.8683769, 18.5290664 ], [ 73.8686029, 18.5291067 ], [ 73.8688394, 18.5291358 ], [ 73.8693088, 18.5292317 ], [ 73.8695497, 18.5292762 ] ] } },
{ "type": "Feature", "properties": { "osm_id": 1316254562, "railway": "rail", "name": "", "ref": "", "operator": "", "usage": "main", "service": "", "electrified": "contact_line" }, "geometry": { "type": "LineString", "coordinates": [ [ 73.8688469, 18.5290956 ], [ 73.8693761, 18.5291073 ] ] } },
{ "type": "Feature", "properties": { "osm_id": 1316254563, "railway": "rail", "name": "", "ref": "", "operator": "", "usage": "main", "service": "", "electrified": "contact_line" }, "geometry": { "type": "LineString", "coordinates": [ [ 73.8765289, 18.5295297 ], [ 73.8768238, 18.5296096 ], [ 73.8772247, 18.5297427 ], [ 73.8774673, 18.5298214 ], [ 73.8777278, 18.5299074 ] ] } },
{ "type": "Feature", "properties": { "osm_id": 1316323058, "railway": "rail", "name": "Mumbai–Pune Railway", "ref": "", "operator": "", "usage": "main", "service": "", "electrified": "contact_line" }, "geometry": { "type": "LineString", "coordinates": [ [ 73.7934208, 18.6353558 ], [ 73.7932339, 18.6361744 ], [ 73.793088, 18.6367792 ], [ 73.792959, 18.6372214 ], [ 73.792835, 18.6375485 ], [ 73.7924924, 18.6383252 ], [ 73.7922922, 18.6387288 ], [ 73.7920883, 18.6391152 ], [ 73.791861, 18.6395097 ], [ 73.7915392, 18.6400077 ], [ 73.7911588, 18.6405387 ], [ 73.790804, 18.6409732 ], [ 73.7906027, 18.6412046 ], [ 73.7903925, 18.641427 ], [ 73.7900417, 18.6418007 ], [ 73.7896159, 18.642187 ], [ 73.7891864, 18.6425637 ], [ 73.7887507, 18.6429204 ], [ 73.7884369, 18.6431396 ], [ 73.7880544, 18.6433842 ] ] } },
{ "type": "Feature", "properties": { "osm_id": 1316323059, "railway": "rail", "name": "Mumbai–Pune Railway", "ref": "", "operator": "", "usage": "main", "service": "", "electrified": "contact_line" }, "geometry": { "type": "LineString", "coordinates": [ [ 73.7884013, 18.6432246 ], [ 73.7887791, 18.6429475 ], [ 73.7892166, 18.6425967 ], [ 73.7896485, 18.6422195 ], [ 73.7900759, 18.6418319 ], [ 73.7904283, 18.6414564 ], [ 73.7906412, 18.6412311 ], [ 73.790841, 18.6410013 ], [ 73.7911971, 18.6405652 ], [ 73.7915788, 18.6400323 ], [ 73.7919021, 18.6395322 ], [ 73.7921303, 18.639136 ], [ 73.7923349, 18.6387484 ], [ 73.7925357, 18.6383434 ], [ 73.7928788, 18.6375658 ], [ 73.793004, 18.6372372 ], [ 73.7931388, 18.6367902 ], [ 73.7932849, 18.6361845 ] ] } },
{ "type": "Feature", "properties": { "osm_id": 1316323060, "railway": "rail", "name": "Mumbai–Pune Railway", "ref": "", "operator": "", "usage": "main", "service": "", "electrified": "contact_line" }, "geometry": { "type": "LineString", "coordinates": [ [ 73.7932849, 18.6361845 ], [ 73.7936428, 18.6346366 ], [ 73.7937642, 18.6341227 ], [ 73.7939304, 18.633588 ], [ 73.7940966, 18.6331363 ], [ 73.7943048, 18.6326691 ], [ 73.7945184, 18.6322209 ], [ 73.7946992, 18.6318783 ], [ 73.7948983, 18.6315391 ], [ 73.7951101, 18.6311861 ], [ 73.7953311, 18.6308417 ], [ 73.7955685, 18.6305251 ], [ 73.7958661, 18.6301668 ], [ 73.7961086, 18.6298893 ], [ 73.8023221, 18.6230808 ], [ 73.804135, 18.6210942 ], [ 73.8044661, 18.6207268 ], [ 73.804956, 18.6201946 ], [ 73.8054077, 18.6197316 ], [ 73.8057876, 18.6193526 ], [ 73.8061729, 18.6190116 ], [ 73.8065655, 18.6186776 ], [ 73.8069655, 18.6183575 ], [ 73.8073688, 18.618057 ], [ 73.810512, 18.6159421 ], [ 73.8174152, 18.6112974 ], [ 73.8175049, 18.6112323 ] ] } },
{ "type": "Feature", "properties": { "osm_id": 1316323061, "railway": "rail", "name": "Mumbai–Pune Railway", "ref": "", "operator": "", "usage": "main", "service": "", "electrified": "contact_line" }, "geometry": { "type": "LineString", "coordinates": [ [ 73.8174732, 18.611193 ], [ 73.8173842, 18.6112576 ], [ 73.8104799, 18.6159032 ], [ 73.8073379, 18.6180173 ], [ 73.8069325, 18.6183192 ], [ 73.8065313, 18.6186404 ], [ 73.8061377, 18.6189752 ], [ 73.8057508, 18.6193175 ], [ 73.8053697, 18.6196978 ], [ 73.804917, 18.6201619 ], [ 73.8042496, 18.6208933 ], [ 73.8022871, 18.6230437 ], [ 73.7960682, 18.6298581 ], [ 73.7958252, 18.6301363 ], [ 73.7955267, 18.6304954 ], [ 73.7952875, 18.6308146 ], [ 73.7950652, 18.631161 ], [ 73.7948528, 18.6315149 ], [ 73.7946531, 18.6318552 ], [ 73.7944713, 18.6321997 ], [ 73.794257, 18.6326493 ], [ 73.7940479, 18.6331186 ], [ 73.7938807, 18.6335729 ], [ 73.7937137, 18.6341103 ], [ 73.793592, 18.6346258 ], [ 73.7934208, 18.6353558 ] ] } },
{ "type": "Feature", "properties": { "osm_id": 1316323066, "railway": "rail", "name": "Mumbai–Pune Railway", "ref": "", "operator": "", "usage": "main", "service": "", "electrified": "contact_line" }, "geometry": { "type": "LineString", "coordinates": [ [ 73.8427764, 18.5604779 ], [ 73.8426513, 18.5606545 ], [ 73.8425968, 18.5607449 ], [ 73.8425433, 18.5608202 ] ] } },
{ "type": "Feature", "properties": { "osm_id": 1316323067, "railway": "rail", "name": "Mumbai–Pune Railway", "ref": "", "operator": "", "usage": "main", "service": "", "electrified": "contact_line" }, "geometry": { "type": "LineString", "coordinates": [ [ 73.8357598, 18.5735963 ], [ 73.8366131, 18.5713649 ], [ 73.837712, 18.5684913 ], [ 73.8378461, 18.5681574 ], [ 73.8379456, 18.5679417 ], [ 73.8380064, 18.5678074 ], [ 73.8381553, 18.5674934 ], [ 73.8383408, 18.5671221 ] ] } },
{ "type": "Feature", "properties": { "osm_id": 1316323068, "railway": "rail", "name": "Mumbai–Pune Railway", "ref": "", "operator": "", "usage": "main", "service": "", "electrified": "contact_line" }, "geometry": { "type": "LineString", "coordinates": [ [ 73.842819, 18.5605014 ], [ 73.8432905, 18.5597018 ], [ 73.8435936, 18.5591242 ], [ 73.8437232, 18.55888 ], [ 73.8438961, 18.5585239 ], [ 73.8440885, 18.558107 ], [ 73.8443193, 18.5575777 ], [ 73.8444472, 18.5572468 ], [ 73.8446331, 18.5567603 ] ] } },
{ "type": "Feature", "properties": { "osm_id": 1316323069, "railway": "rail", "name": "", "ref": "", "operator": "", "usage": "main", "service": "", "electrified": "contact_line" }, "geometry": { "type": "LineString", "coordinates": [ [ 73.8697106, 18.529244 ], [ 73.8693182, 18.5291852 ], [ 73.8692176, 18.5291661 ] ] } },
{ "type": "Feature", "properties": { "osm_id": 1316323070, "railway": "rail", "name": "", "ref": "", "operator": "", "usage": "main", "service": "", "electrified": "contact_line" }, "geometry": { "type": "LineString", "coordinates": [ [ 73.8695497, 18.5292762 ], [ 73.8700764, 18.5293182 ] ] } },
{ "type": "Feature", "properties": { "osm_id": 1316323090, "railway": "rail", "name": "", "ref": "", "operator": "", "usage": "main", "service": "", "electrified": "contact_line" }, "geometry": { "type": "LineString", "coordinates": [ [ 73.8726591, 18.5294921 ], [ 73.873876, 18.5295494 ], [ 73.8741748, 18.5295434 ], [ 73.8744556, 18.5295241 ], [ 73.8746218, 18.5295138 ], [ 73.8747725, 18.5295007 ], [ 73.8754544, 18.5295224 ] ] } },
{ "type": "Feature", "properties": { "osm_id": 1317326424, "railway": "rail", "name": "Mumbai–Pune Railway", "ref": "", "operator": "", "usage": "main", "service": "", "electrified": "contact_line" }, "geometry": { "type": "LineString", "coordinates": [ [ 73.832868, 18.581045 ], [ 73.8332263, 18.5801161 ], [ 73.8349472, 18.5756732 ] ] } },
{ "type": "Feature", "properties": { "osm_id": 1317326425, "railway": "rail", "name": "Mumbai–Pune Railway", "ref": "", "operator": "", "usage": "main", "service": "", "electrified": "contact_line" }, "geometry": { "type": "LineString", "coordinates": [ [ 73.8348983, 18.5756561 ], [ 73.8331828, 18.5801002 ], [ 73.8328226, 18.5810288 ] ] } },
{ "type": "Feature", "properties": { "osm_id": 1317326426, "railway": "rail", "name": "Mumbai–Pune Railway", "ref": "", "operator": "", "usage": "main", "service": "", "electrified": "contact_line" }, "geometry": { "type": "LineString", "coordinates": [ [ 73.8328226, 18.5810288 ], [ 73.8328032, 18.5810796 ] ] } },
{ "type": "Feature", "properties": { "osm_id": 1317326427, "railway": "rail", "name": "Mumbai–Pune Railway", "ref": "", "operator": "", "usage": "main", "service": "", "electrified": "contact_line" }, "geometry": { "type": "LineString", "coordinates": [ [ 73.8328486, 18.5810957 ], [ 73.832868, 18.581045 ] ] } },
{ "type": "Feature", "properties": { "osm_id": 1319646962, "railway": "subway", "name": "Pune Metro Line 1: Purple Line", "ref": "", "operator": "", "usage": "main", "service": "", "electrified": "contact_line" }, "geometry": { "type": "LineString", "coordinates": [ [ 73.8569718, 18.4970978 ], [ 73.857345, 18.4988831 ], [ 73.8575193, 18.4997302 ] ] } },
{ "type": "Feature", "properties": { "osm_id": 1319646963, "railway": "subway", "name": "Pune Metro Line 1: Purple Line", "ref": "", "operator": "", "usage": "main", "service": "", "electrified": "contact_line" }, "geometry": { "type": "LineString", "coordinates": [ [ 73.856835, 18.4971182 ], [ 73.8572162, 18.4989136 ], [ 73.8574064, 18.49975 ] ] } },
{ "type": "Feature", "properties": { "osm_id": 1451291725, "railway": "rail", "name": "Mumbai–Pune Railway", "ref": "", "operator": "", "usage": "main", "service": "", "electrified": "contact_line" }, "geometry": { "type": "LineString", "coordinates": [ [ 73.7627571, 18.6499649 ], [ 73.7645099, 18.6485335 ], [ 73.7664801, 18.6469215 ], [ 73.7667113, 18.6467306 ], [ 73.7671532, 18.6463846 ], [ 73.7675694, 18.6460842 ], [ 73.7680406, 18.6457866 ], [ 73.7685099, 18.6454994 ], [ 73.7689738, 18.6452519 ], [ 73.7694658, 18.6450356 ], [ 73.7699642, 18.6448227 ], [ 73.7704704, 18.644649 ], [ 73.7710075, 18.6444954 ], [ 73.7715499, 18.6443622 ], [ 73.7720868, 18.6442549 ], [ 73.7726402, 18.644158 ], [ 73.7731734, 18.6441026 ], [ 73.7737103, 18.6440646 ], [ 73.7742636, 18.6440507 ], [ 73.7748097, 18.644075 ], [ 73.7752279, 18.6441096 ], [ 73.7756954, 18.6441649 ], [ 73.776077, 18.6442238 ], [ 73.7764441, 18.6442826 ], [ 73.7788548, 18.6447756 ], [ 73.7794191, 18.6448898 ], [ 73.7799323, 18.644985 ], [ 73.7805093, 18.645068 ], [ 73.781101, 18.6451268 ], [ 73.7817256, 18.645158 ], [ 73.7823227, 18.6451372 ], [ 73.7829199, 18.645094 ], [ 73.7835244, 18.6450247 ], [ 73.7843699, 18.6448829 ], [ 73.7853349, 18.644634 ], [ 73.7856653, 18.644524 ], [ 73.7859791, 18.644417 ], [ 73.7862765, 18.6443044 ], [ 73.7865885, 18.6441769 ], [ 73.7868154, 18.6440793 ], [ 73.7871146, 18.6439371 ], [ 73.7874078, 18.6437919 ], [ 73.7877869, 18.643591 ], [ 73.7881284, 18.6433949 ], [ 73.7884013, 18.6432246 ] ] } },
{ "type": "Feature", "properties": { "osm_id": 1451291726, "railway": "rail", "name": "Mumbai–Pune Railway", "ref": "", "operator": "", "usage": "main", "service": "", "electrified": "contact_line" }, "geometry": { "type": "LineString", "coordinates": [ [ 73.7625057, 18.6501734 ], [ 73.7627571, 18.6499649 ] ] } },
{ "type": "Feature", "properties": { "osm_id": 1451291727, "railway": "rail", "name": "Mumbai–Pune Railway", "ref": "", "operator": "", "usage": "main", "service": "", "electrified": "contact_line" }, "geometry": { "type": "LineString", "coordinates": [ [ 73.7880544, 18.6433842 ], [ 73.7873862, 18.6437534 ], [ 73.7870911, 18.6438956 ], [ 73.7867916, 18.6440336 ], [ 73.7864991, 18.6441602 ], [ 73.786237, 18.6442638 ], [ 73.7859614, 18.6443678 ], [ 73.785656, 18.6444732 ], [ 73.7853183, 18.6445853 ], [ 73.7843586, 18.6448346 ], [ 73.7835167, 18.6449759 ], [ 73.7829148, 18.6450448 ], [ 73.7823198, 18.6450879 ], [ 73.781726, 18.6451085 ], [ 73.7811051, 18.6450776 ], [ 73.780516, 18.645019 ], [ 73.7799412, 18.6449363 ], [ 73.7794296, 18.6448414 ], [ 73.7788658, 18.6447273 ], [ 73.776454, 18.6442341 ], [ 73.7760856, 18.644175 ], [ 73.7757028, 18.644116 ], [ 73.7752334, 18.6440604 ], [ 73.7748132, 18.6440257 ], [ 73.7742642, 18.6440013 ], [ 73.7737077, 18.6440152 ], [ 73.7731686, 18.6440534 ], [ 73.7726326, 18.6441091 ], [ 73.7720767, 18.6442064 ], [ 73.771538, 18.6443141 ], [ 73.7709935, 18.6444479 ], [ 73.7706348, 18.6445504 ], [ 73.770454, 18.6446021 ], [ 73.7699446, 18.6447769 ], [ 73.769444, 18.6449907 ], [ 73.76895, 18.6452079 ], [ 73.768483, 18.645457 ], [ 73.768012, 18.6457453 ], [ 73.7675391, 18.646044 ], [ 73.7671208, 18.6463459 ], [ 73.7666776, 18.6466929 ], [ 73.766444, 18.6468857 ], [ 73.7644769, 18.6484952 ], [ 73.7627298, 18.6499257 ] ] } },
{ "type": "Feature", "properties": { "osm_id": 1451291728, "railway": "rail", "name": "Mumbai–Pune Railway", "ref": "", "operator": "", "usage": "main", "service": "", "electrified": "contact_line" }, "geometry": { "type": "LineString", "coordinates": [ [ 73.7627298, 18.6499257 ], [ 73.7624784, 18.6501321 ] ] } },
{ "type": "Feature", "properties": { "osm_id": 1451307135, "railway": "rail", "name": "Mumbai–Pune Railway", "ref": "", "operator": "", "usage": "main", "service": "", "electrified": "contact_line" }, "geometry": { "type": "LineString", "coordinates": [ [ 73.8175953, 18.6111667 ], [ 73.8178427, 18.6109872 ], [ 73.8182792, 18.610648 ], [ 73.8186408, 18.6103347 ], [ 73.8190937, 18.6099159 ], [ 73.8195301, 18.6094884 ], [ 73.8199593, 18.6090298 ], [ 73.8203556, 18.6085607 ], [ 73.820959, 18.607809 ], [ 73.8217969, 18.6067151 ], [ 73.8221439, 18.6062599 ], [ 73.8224032, 18.6059276 ], [ 73.8226588, 18.6055988 ], [ 73.8228981, 18.6052734 ], [ 73.8231227, 18.6049584 ], [ 73.8233893, 18.6045655 ], [ 73.8236614, 18.6041449 ], [ 73.8239006, 18.6037434 ], [ 73.8241472, 18.6032795 ], [ 73.8243554, 18.602878 ], [ 73.8244537, 18.6026617 ], [ 73.8246139, 18.602309 ], [ 73.8316481, 18.5841891 ], [ 73.8327093, 18.5814553 ], [ 73.8328486, 18.5810957 ] ] } },
{ "type": "Feature", "properties": { "osm_id": 1451307136, "railway": "rail", "name": "Mumbai–Pune Railway", "ref": "", "operator": "", "usage": "main", "service": "", "electrified": "contact_line" }, "geometry": { "type": "LineString", "coordinates": [ [ 73.8175049, 18.6112323 ], [ 73.8175953, 18.6111667 ] ] } },
{ "type": "Feature", "properties": { "osm_id": 1451307137, "railway": "rail", "name": "Mumbai–Pune Railway", "ref": "", "operator": "", "usage": "main", "service": "", "electrified": "contact_line" }, "geometry": { "type": "LineString", "coordinates": [ [ 73.8328032, 18.5810796 ], [ 73.832664, 18.5814399 ], [ 73.8316935, 18.5839492 ], [ 73.8245656, 18.6022905 ], [ 73.8244074, 18.6026385 ], [ 73.824308, 18.6028573 ], [ 73.8241005, 18.6032575 ], [ 73.8238546, 18.6037201 ], [ 73.8236165, 18.6041199 ], [ 73.8233452, 18.6045392 ], [ 73.8230792, 18.6049312 ], [ 73.8228551, 18.6052454 ], [ 73.8226165, 18.60557 ], [ 73.8223612, 18.6058983 ], [ 73.8221018, 18.6062307 ], [ 73.8217548, 18.6066859 ], [ 73.8209185, 18.6077781 ], [ 73.8203143, 18.6085306 ], [ 73.8199194, 18.6089979 ], [ 73.8194919, 18.6094548 ], [ 73.8190567, 18.609881 ], [ 73.818605, 18.6102988 ], [ 73.8182451, 18.6106106 ], [ 73.8178104, 18.6109484 ], [ 73.8175637, 18.6111274 ] ] } },
{ "type": "Feature", "properties": { "osm_id": 1451307138, "railway": "rail", "name": "Mumbai–Pune Railway", "ref": "", "operator": "", "usage": "main", "service": "", "electrified": "contact_line" }, "geometry": { "type": "LineString", "coordinates": [ [ 73.8175637, 18.6111274 ], [ 73.8174732, 18.611193 ] ] } },
{ "type": "Feature", "properties": { "osm_id": 1479326196, "railway": "subway", "name": "", "ref": "", "operator": "", "usage": "", "service": "crossover", "electrified": "contact_line" }, "geometry": { "type": "LineString", "coordinates": [ [ 73.8569631, 18.5256713 ], [ 73.8572846, 18.5260504 ] ] } },
{ "type": "Feature", "properties": { "osm_id": 1479326197, "railway": "subway", "name": "", "ref": "", "operator": "", "usage": "", "service": "crossover", "electrified": "contact_line" }, "geometry": { "type": "LineString", "coordinates": [ [ 73.8584009, 18.5275905 ], [ 73.8586672, 18.5280423 ] ] } },
{ "type": "Feature", "properties": { "osm_id": 1480738521, "railway": "subway", "name": "Pune Metro Line 3 (Pink Line)", "ref": "", "operator": "", "usage": "", "service": "crossover", "electrified": "rail" }, "geometry": { "type": "LineString", "coordinates": [ [ 73.8296724, 18.5415015 ], [ 73.8302452, 18.5410579 ] ] } },
{ "type": "Feature", "properties": { "osm_id": 1482515773, "railway": "subway", "name": "Pune Metro Line 3 (Pink Line)", "ref": "", "operator": "PMRDA", "usage": "", "service": "crossover", "electrified": "rail" }, "geometry": { "type": "LineString", "coordinates": [ [ 73.7581266, 18.5887538 ], [ 73.7578995, 18.5894861 ] ] } },
{ "type": "Feature", "properties": { "osm_id": 1483352962, "railway": "subway", "name": "Pune Metro Line 3 (Pink Line)", "ref": "", "operator": "PMRDA", "usage": "", "service": "crossover", "electrified": "rail" }, "geometry": { "type": "LineString", "coordinates": [ [ 73.7013596, 18.5874115 ], [ 73.7019021, 18.5877405 ] ] } },
{ "type": "Feature", "properties": { "osm_id": 1483410306, "railway": "subway", "name": "Pune Metro Line 1: Purple Line", "ref": "", "operator": "MahaMetro", "usage": "main", "service": "", "electrified": "contact_line" }, "geometry": { "type": "LineString", "coordinates": [ [ 73.8474697, 18.5433951 ], [ 73.8474139, 18.5442609 ] ] } },
{ "type": "Feature", "properties": { "osm_id": 1483410307, "railway": "subway", "name": "Pune Metro Line 1: Purple Line", "ref": "", "operator": "MahaMetro", "usage": "main", "service": "", "electrified": "contact_line" }, "geometry": { "type": "LineString", "coordinates": [ [ 73.8474518, 18.5442614 ], [ 73.8475031, 18.5433965 ] ] } },
{ "type": "Feature", "properties": { "osm_id": 1483410311, "railway": "subway", "name": "Pune Metro Line 1: Purple Line", "ref": "", "operator": "MahaMetro", "usage": "main", "service": "", "electrified": "contact_line" }, "geometry": { "type": "LineString", "coordinates": [ [ 73.8474139, 18.5442609 ], [ 73.8473927, 18.5445999 ], [ 73.8473756, 18.5447727 ] ] } },
{ "type": "Feature", "properties": { "osm_id": 1483410312, "railway": "subway", "name": "Pune Metro Line 1: Purple Line", "ref": "", "operator": "MahaMetro", "usage": "main", "service": "", "electrified": "contact_line" }, "geometry": { "type": "LineString", "coordinates": [ [ 73.8474142, 18.544778 ], [ 73.847432, 18.5446025 ], [ 73.8474518, 18.5442614 ] ] } },
{ "type": "Feature", "properties": { "osm_id": 1486887944, "railway": "rail", "name": "", "ref": "", "operator": "", "usage": "main", "service": "", "electrified": "contact_line" }, "geometry": { "type": "LineString", "coordinates": [ [ 73.8777278, 18.5299074 ], [ 73.8783916, 18.5301265 ], [ 73.8784341, 18.5301405 ], [ 73.8790453, 18.5303419 ], [ 73.8796025, 18.5305472 ] ] } },
{ "type": "Feature", "properties": { "osm_id": 1486887945, "railway": "rail", "name": "", "ref": "", "operator": "", "usage": "main", "service": "", "electrified": "contact_line" }, "geometry": { "type": "LineString", "coordinates": [ [ 73.8754544, 18.5295224 ], [ 73.8758677, 18.5295724 ], [ 73.8761548, 18.5296255 ], [ 73.8763851, 18.5296612 ], [ 73.8766997, 18.5297301 ], [ 73.8771783, 18.5298261 ] ] } },
{ "type": "Feature", "properties": { "osm_id": 1486887946, "railway": "rail", "name": "", "ref": "", "operator": "", "usage": "main", "service": "", "electrified": "contact_line" }, "geometry": { "type": "LineString", "coordinates": [ [ 73.8834791, 18.5316475 ], [ 73.8825524, 18.5314989 ], [ 73.8821497, 18.5314287 ], [ 73.8816501, 18.5313082 ], [ 73.8812642, 18.5311911 ] ] } },
{ "type": "Feature", "properties": { "osm_id": 1486887947, "railway": "rail", "name": "", "ref": "", "operator": "", "usage": "", "service": "crossover", "electrified": "contact_line" }, "geometry": { "type": "LineString", "coordinates": [ [ 73.8827133, 18.5314481 ], [ 73.8834791, 18.5316475 ] ] } },
{ "type": "Feature", "properties": { "osm_id": 1486887948, "railway": "rail", "name": "", "ref": "", "operator": "", "usage": "", "service": "crossover", "electrified": "contact_line" }, "geometry": { "type": "LineString", "coordinates": [ [ 73.8825524, 18.5314989 ], [ 73.8816649, 18.5312 ] ] } },
{ "type": "Feature", "properties": { "osm_id": 1486887949, "railway": "rail", "name": "", "ref": "", "operator": "", "usage": "", "service": "yard", "electrified": "" }, "geometry": { "type": "LineString", "coordinates": [ [ 73.8858872, 18.5316808 ], [ 73.8860724, 18.5316781 ], [ 73.8863595, 18.5316404 ], [ 73.887096, 18.5314403 ], [ 73.8873322, 18.5313765 ] ] } },
{ "type": "Feature", "properties": { "osm_id": 1486887950, "railway": "rail", "name": "", "ref": "", "operator": "", "usage": "main", "service": "", "electrified": "contact_line" }, "geometry": { "type": "LineString", "coordinates": [ [ 73.8796025, 18.5305472 ], [ 73.8799837, 18.5306712 ], [ 73.8802648, 18.5307621 ] ] } },
{ "type": "Feature", "properties": { "osm_id": 1486887951, "railway": "rail", "name": "", "ref": "", "operator": "", "usage": "main", "service": "", "electrified": "contact_line" }, "geometry": { "type": "LineString", "coordinates": [ [ 73.8812642, 18.5311911 ], [ 73.8808841, 18.5310758 ], [ 73.8803287, 18.5308954 ] ] } },
{ "type": "Feature", "properties": { "osm_id": 1486887952, "railway": "rail", "name": "", "ref": "", "operator": "", "usage": "", "service": "crossover", "electrified": "contact_line" }, "geometry": { "type": "LineString", "coordinates": [ [ 73.8802648, 18.5307621 ], [ 73.8812642, 18.5311911 ] ] } },
{ "type": "Feature", "properties": { "osm_id": 1486887953, "railway": "rail", "name": "", "ref": "", "operator": "", "usage": "", "service": "crossover", "electrified": "contact_line" }, "geometry": { "type": "LineString", "coordinates": [ [ 73.8784341, 18.5301405 ], [ 73.8787939, 18.5303062 ] ] } },
{ "type": "Feature", "properties": { "osm_id": 1486887954, "railway": "rail", "name": "", "ref": "", "operator": "", "usage": "", "service": "crossover", "electrified": "contact_line" }, "geometry": { "type": "LineString", "coordinates": [ [ 73.8783675, 18.530161 ], [ 73.8787268, 18.5303375 ] ] } },
{ "type": "Feature", "properties": { "osm_id": 1486887955, "railway": "rail", "name": "", "ref": "", "operator": "", "usage": "", "service": "crossover", "electrified": "contact_line" }, "geometry": { "type": "LineString", "coordinates": [ [ 73.8845256, 18.5316191 ], [ 73.884886, 18.5316801 ] ] } },
{ "type": "Feature", "properties": { "osm_id": 1488580786, "railway": "subway", "name": "Pune Metro Purple Line", "ref": "", "operator": "Maha Metro", "usage": "", "service": "crossover", "electrified": "contact_line" }, "geometry": { "type": "LineString", "coordinates": [ [ 73.8459747, 18.5495278 ], [ 73.8461283, 18.5491248 ] ] } },
{ "type": "Feature", "properties": { "osm_id": 1488580787, "railway": "subway", "name": "Pune Metro Purple Line", "ref": "", "operator": "Maha Metro", "usage": "", "service": "spur", "electrified": "contact_line" }, "geometry": { "type": "LineString", "coordinates": [ [ 73.8460239, 18.5495389 ], [ 73.8461743, 18.5491338 ], [ 73.8461958, 18.549055 ], [ 73.8463634, 18.5485985 ], [ 73.8466102, 18.5476564 ], [ 73.8466853, 18.5473995 ], [ 73.8467711, 18.5471847 ], [ 73.8468799, 18.5469351 ], [ 73.8473535, 18.5459026 ], [ 73.8474342, 18.5457062 ], [ 73.8475222, 18.5454684 ] ] } },
{ "type": "Feature", "properties": { "osm_id": 1488580788, "railway": "subway", "name": "Pune Metro Purple Line", "ref": "", "operator": "Maha Metro", "usage": "", "service": "spur", "electrified": "contact_line" }, "geometry": { "type": "LineString", "coordinates": [ [ 73.846148, 18.5490465 ], [ 73.8463218, 18.5485883 ], [ 73.8465699, 18.5476462 ], [ 73.8466493, 18.5473915 ], [ 73.8467365, 18.5471652 ], [ 73.8468424, 18.5469237 ], [ 73.8473193, 18.5458912 ], [ 73.8473995, 18.5456948 ], [ 73.8474822, 18.5454571 ] ] } },
{ "type": "Feature", "properties": { "osm_id": 1488580789, "railway": "subway", "name": "Pune Metro Purple Line", "ref": "", "operator": "Maha Metro", "usage": "", "service": "spur", "electrified": "contact_line" }, "geometry": { "type": "LineString", "coordinates": [ [ 73.8461958, 18.549055 ], [ 73.8463218, 18.5485883 ] ] } },
{ "type": "Feature", "properties": { "osm_id": 1488580790, "railway": "subway", "name": "Pune Metro Purple Line", "ref": "", "operator": "Maha Metro", "usage": "", "service": "yard", "electrified": "contact_line" }, "geometry": { "type": "LineString", "coordinates": [ [ 73.8461743, 18.5491338 ], [ 73.8460511, 18.5496265 ], [ 73.8460442, 18.5496538 ] ] } },
{ "type": "Feature", "properties": { "osm_id": 1488580791, "railway": "subway", "name": "Pune Metro Purple Line", "ref": "", "operator": "Maha Metro", "usage": "", "service": "yard", "electrified": "contact_line" }, "geometry": { "type": "LineString", "coordinates": [ [ 73.8463634, 18.5485985 ], [ 73.8460934, 18.5496334 ], [ 73.8460858, 18.5496627 ] ] } },
{ "type": "Feature", "properties": { "osm_id": 1488580792, "railway": "subway", "name": "Pune Metro Purple Line", "ref": "", "operator": "Maha Metro", "usage": "", "service": "spur", "electrified": "contact_line" }, "geometry": { "type": "LineString", "coordinates": [ [ 73.8476663, 18.5444278 ], [ 73.8476703, 18.5443026 ], [ 73.8476676, 18.5441445 ], [ 73.8476623, 18.5440231 ], [ 73.8476569, 18.5439283 ], [ 73.8476569, 18.543774 ], [ 73.8476663, 18.5435869 ], [ 73.8476876, 18.5434086 ], [ 73.8477089, 18.543229 ], [ 73.8477209, 18.5430343 ], [ 73.8477507, 18.5426617 ], [ 73.8477641, 18.5424811 ], [ 73.8477923, 18.5421226 ], [ 73.8478017, 18.5418708 ] ] } },
{ "type": "Feature", "properties": { "osm_id": 1488580793, "railway": "subway", "name": "Pune Metro Purple Line", "ref": "", "operator": "Maha Metro", "usage": "", "service": "spur", "electrified": "contact_line" }, "geometry": { "type": "LineString", "coordinates": [ [ 73.8477023, 18.5444303 ], [ 73.8477289, 18.5439548 ], [ 73.8477583, 18.5434566 ], [ 73.847769, 18.5432619 ], [ 73.8477963, 18.5426655 ], [ 73.847803, 18.5424849 ], [ 73.8478271, 18.5421238 ], [ 73.8478379, 18.5418714 ] ] } },
{ "type": "Feature", "properties": { "osm_id": 1488580794, "railway": "subway", "name": "Pune Metro Purple Line", "ref": "", "operator": "Maha Metro", "usage": "", "service": "spur", "electrified": "contact_line" }, "geometry": { "type": "LineString", "coordinates": [ [ 73.8476663, 18.5444278 ], [ 73.8476436, 18.5447224 ], [ 73.8476076, 18.5449639 ], [ 73.8475582, 18.545213 ], [ 73.8474822, 18.5454571 ] ] } },
{ "type": "Feature", "properties": { "osm_id": 1488580795, "railway": "subway", "name": "Pune Metro Purple Line", "ref": "", "operator": "Maha Metro", "usage": "", "service": "spur", "electrified": "contact_line" }, "geometry": { "type": "LineString", "coordinates": [ [ 73.8475222, 18.5454684 ], [ 73.8475956, 18.5452257 ], [ 73.8476449, 18.5449791 ], [ 73.8476809, 18.5447199 ], [ 73.8477023, 18.5444303 ] ] } },
{ "type": "Feature", "properties": { "osm_id": 1488589028, "railway": "subway", "name": "Pune Metro Purple Line", "ref": "", "operator": "Maha Metro", "usage": "", "service": "yard", "electrified": "contact_line" }, "geometry": { "type": "LineString", "coordinates": [ [ 73.8477507, 18.5426617 ], [ 73.8477172, 18.5428855 ], [ 73.8476877, 18.5430495 ], [ 73.8476421, 18.5432669 ], [ 73.8476152, 18.5434233 ], [ 73.8475992, 18.5435784 ], [ 73.8475578, 18.5443642 ], [ 73.8475562, 18.5443934 ] ] } },
{ "type": "Feature", "properties": { "osm_id": 1488589029, "railway": "subway", "name": "Pune Metro Purple Line", "ref": "", "operator": "Maha Metro", "usage": "", "service": "crossover", "electrified": "contact_line" }, "geometry": { "type": "LineString", "coordinates": [ [ 73.8477641, 18.5424811 ], [ 73.8477973, 18.5422929 ], [ 73.8478271, 18.5421238 ] ] } },
{ "type": "Feature", "properties": { "osm_id": 1488589030, "railway": "subway", "name": "Pune Metro Purple Line", "ref": "", "operator": "Maha Metro", "usage": "", "service": "crossover", "electrified": "contact_line" }, "geometry": { "type": "LineString", "coordinates": [ [ 73.8477923, 18.5421226 ], [ 73.8477973, 18.5422929 ], [ 73.847803, 18.5424849 ] ] } },
{ "type": "Feature", "properties": { "osm_id": 1488589035, "railway": "subway", "name": "", "ref": "", "operator": "Maha Metro", "usage": "", "service": "yard", "electrified": "contact_line" }, "geometry": { "type": "LineString", "coordinates": [ [ 73.8478017, 18.5418708 ], [ 73.8477805, 18.5415914 ], [ 73.8477767, 18.5414671 ], [ 73.8477874, 18.5412675 ], [ 73.8477861, 18.5410984 ], [ 73.8477606, 18.5408352 ], [ 73.8477606, 18.5407627 ], [ 73.8477803, 18.5403888 ], [ 73.8477847, 18.5403049 ] ] } },
{ "type": "Feature", "properties": { "osm_id": 1488589036, "railway": "subway", "name": "", "ref": "", "operator": "Maha Metro", "usage": "", "service": "yard", "electrified": "contact_line" }, "geometry": { "type": "LineString", "coordinates": [ [ 73.8478017, 18.5418708 ], [ 73.8478121, 18.5415901 ], [ 73.8478196, 18.5414442 ], [ 73.8479698, 18.5390245 ], [ 73.8479832, 18.5389257 ], [ 73.8479993, 18.5388468 ], [ 73.8480301, 18.5387032 ], [ 73.8480462, 18.538637 ] ] } },
{ "type": "Feature", "properties": { "osm_id": 1488589037, "railway": "subway", "name": "", "ref": "", "operator": "Maha Metro", "usage": "", "service": "yard", "electrified": "contact_line" }, "geometry": { "type": "LineString", "coordinates": [ [ 73.8478379, 18.5418714 ], [ 73.8478509, 18.541592 ], [ 73.8478679, 18.5414483 ], [ 73.8478866, 18.5412703 ], [ 73.8480194, 18.5390414 ], [ 73.8480274, 18.5389524 ], [ 73.8480395, 18.5388685 ], [ 73.8480777, 18.5387127 ], [ 73.8480918, 18.5386523 ] ] } },
{ "type": "Feature", "properties": { "osm_id": 1488589038, "railway": "subway", "name": "", "ref": "", "operator": "Maha Metro", "usage": "", "service": "yard", "electrified": "contact_line" }, "geometry": { "type": "LineString", "coordinates": [ [ 73.8478379, 18.5418714 ], [ 73.8478831, 18.5416522 ], [ 73.8479301, 18.5414261 ], [ 73.847977, 18.5412048 ], [ 73.8479993, 18.5410771 ], [ 73.848014, 18.5409169 ], [ 73.8480301, 18.5405799 ], [ 73.8481146, 18.5390897 ], [ 73.8481213, 18.5390121 ], [ 73.8481334, 18.538932 ], [ 73.8481773, 18.5387332 ], [ 73.8481911, 18.5386726 ] ] } },
{ "type": "Feature", "properties": { "osm_id": 1488589039, "railway": "subway", "name": "", "ref": "", "operator": "Maha Metro", "usage": "", "service": "yard", "electrified": "contact_line" }, "geometry": { "type": "LineString", "coordinates": [ [ 73.8478831, 18.5416522 ], [ 73.8479167, 18.5415475 ], [ 73.8479522, 18.5414509 ], [ 73.8482607, 18.540613 ], [ 73.8482822, 18.5405575 ] ] } },
{ "type": "Feature", "properties": { "osm_id": 1488589040, "railway": "subway", "name": "", "ref": "", "operator": "Maha Metro", "usage": "", "service": "yard", "electrified": "contact_line" }, "geometry": { "type": "LineString", "coordinates": [ [ 73.8486094, 18.5401153 ], [ 73.8489876, 18.5390837 ], [ 73.8489977, 18.5390564 ] ] } },
{ "type": "Feature", "properties": { "osm_id": 1488589041, "railway": "subway", "name": "", "ref": "", "operator": "Maha Metro", "usage": "", "service": "yard", "electrified": "contact_line" }, "geometry": { "type": "LineString", "coordinates": [ [ 73.8480695, 18.5412131 ], [ 73.8481581, 18.5410777 ], [ 73.8482613, 18.5409468 ], [ 73.8484209, 18.5407878 ], [ 73.8485661, 18.5406362 ], [ 73.8486358, 18.5405574 ], [ 73.8486797, 18.5404977 ], [ 73.848731, 18.540415 ], [ 73.8488514, 18.5401618 ], [ 73.8489117, 18.5400349 ], [ 73.8490583, 18.5397105 ], [ 73.8498785, 18.5371338 ], [ 73.8498841, 18.5371161 ] ] } },
{ "type": "Feature", "properties": { "osm_id": 1488589046, "railway": "subway", "name": "", "ref": "", "operator": "Maha Metro", "usage": "", "service": "yard", "electrified": "contact_line" }, "geometry": { "type": "LineString", "coordinates": [ [ 73.8490583, 18.5397105 ], [ 73.8488636, 18.5403406 ], [ 73.8479192, 18.5442384 ], [ 73.8479074, 18.5442873 ] ] } },
{ "type": "Feature", "properties": { "osm_id": 1488589047, "railway": "subway", "name": "", "ref": "", "operator": "Maha Metro", "usage": "", "service": "yard", "electrified": "contact_line" }, "geometry": { "type": "LineString", "coordinates": [ [ 73.8482613, 18.5409468 ], [ 73.848543, 18.5405644 ], [ 73.8485802, 18.5405177 ] ] } },
{ "type": "Feature", "properties": { "osm_id": 1488589048, "railway": "subway", "name": "", "ref": "", "operator": "Maha Metro", "usage": "", "service": "yard", "electrified": "contact_line" }, "geometry": { "type": "LineString", "coordinates": [ [ 73.8485334, 18.5398555 ], [ 73.8485748, 18.5397463 ], [ 73.8486041, 18.5396686 ] ] } },
{ "type": "Feature", "properties": { "osm_id": 1488589049, "railway": "subway", "name": "", "ref": "", "operator": "Maha Metro", "usage": "", "service": "yard", "electrified": "contact_line" }, "geometry": { "type": "LineString", "coordinates": [ [ 73.8482822, 18.5405575 ], [ 73.8485334, 18.5398555 ] ] } },
{ "type": "Feature", "properties": { "osm_id": 1488589050, "railway": "subway", "name": "", "ref": "", "operator": "Maha Metro", "usage": "", "service": "yard", "electrified": "contact_line" }, "geometry": { "type": "LineString", "coordinates": [ [ 73.8479522, 18.5414509 ], [ 73.8479978, 18.5413492 ], [ 73.8480695, 18.5412131 ], [ 73.8483666, 18.5406766 ], [ 73.8484277, 18.5405619 ], [ 73.8484887, 18.5404302 ], [ 73.8485201, 18.5403585 ] ] } },
{ "type": "Feature", "properties": { "osm_id": 1488589051, "railway": "subway", "name": "", "ref": "", "operator": "Maha Metro", "usage": "", "service": "yard", "electrified": "contact_line" }, "geometry": { "type": "LineString", "coordinates": [ [ 73.8485201, 18.5403585 ], [ 73.8486094, 18.5401153 ] ] } },
{ "type": "Feature", "properties": { "osm_id": 1488610919, "railway": "subway", "name": "", "ref": "", "operator": "Maha Metro", "usage": "", "service": "yard", "electrified": "contact_line" }, "geometry": { "type": "LineString", "coordinates": [ [ 73.8477874, 18.5412675 ], [ 73.8479148, 18.5390169 ], [ 73.8479282, 18.5389177 ], [ 73.8479456, 18.5388135 ], [ 73.8479751, 18.5386927 ], [ 73.8479926, 18.5386291 ] ] } },
{ "type": "Feature", "properties": { "osm_id": 1488610921, "railway": "subway", "name": "", "ref": "", "operator": "Maha Metro", "usage": "", "service": "yard", "electrified": "contact_line" }, "geometry": { "type": "LineString", "coordinates": [ [ 73.8479301, 18.5414261 ], [ 73.847947, 18.5412703 ], [ 73.8479591, 18.5410949 ], [ 73.8479698, 18.5407897 ], [ 73.8480677, 18.5390655 ], [ 73.8480757, 18.5389702 ], [ 73.8480878, 18.5388824 ], [ 73.8481026, 18.5388074 ], [ 73.8481227, 18.5387222 ], [ 73.8481361, 18.5386663 ] ] } },
{ "type": "Feature", "properties": { "osm_id": 1488610922, "railway": "subway", "name": "", "ref": "", "operator": "Maha Metro", "usage": "", "service": "yard", "electrified": "contact_line" }, "geometry": { "type": "LineString", "coordinates": [ [ 73.8480301, 18.5405799 ], [ 73.8480502, 18.540421 ], [ 73.8480838, 18.5402442 ], [ 73.8481012, 18.5401184 ], [ 73.8481119, 18.5399594 ], [ 73.848124, 18.5397127 ], [ 73.8481428, 18.5393682 ], [ 73.8481642, 18.5390655 ], [ 73.8481709, 18.5390007 ], [ 73.8481817, 18.538932 ], [ 73.8482274, 18.5387422 ], [ 73.848242, 18.5386815 ] ] } },
{ "type": "Feature", "properties": { "osm_id": 1488610923, "railway": "subway", "name": "", "ref": "", "operator": "Maha Metro", "usage": "", "service": "yard", "electrified": "contact_line" }, "geometry": { "type": "LineString", "coordinates": [ [ 73.8481428, 18.5393682 ], [ 73.8484475, 18.5380511 ], [ 73.8484613, 18.5379916 ] ] } },
{ "type": "Feature", "properties": { "osm_id": 1488610924, "railway": "subway", "name": "", "ref": "", "operator": "Maha Metro", "usage": "", "service": "yard", "electrified": "contact_line" }, "geometry": { "type": "LineString", "coordinates": [ [ 73.848124, 18.5397127 ], [ 73.8481663, 18.5394589 ], [ 73.8484981, 18.5380603 ], [ 73.8485123, 18.5380005 ] ] } },
{ "type": "Feature", "properties": { "osm_id": 1488610925, "railway": "subway", "name": "", "ref": "", "operator": "Maha Metro", "usage": "", "service": "yard", "electrified": "contact_line" }, "geometry": { "type": "LineString", "coordinates": [ [ 73.8481119, 18.5399594 ], [ 73.8481488, 18.539724 ], [ 73.8481864, 18.5395409 ], [ 73.8485485, 18.5380698 ], [ 73.8485632, 18.53801 ] ] } },
{ "type": "Feature", "properties": { "osm_id": 1488610926, "railway": "subway", "name": "", "ref": "", "operator": "Maha Metro", "usage": "", "service": "yard", "electrified": "contact_line" }, "geometry": { "type": "LineString", "coordinates": [ [ 73.8481864, 18.5395409 ], [ 73.8482548, 18.5393527 ], [ 73.8483567, 18.5391048 ], [ 73.8484224, 18.5389471 ], [ 73.8484645, 18.5387898 ] ] } },
{ "type": "Feature", "properties": { "osm_id": 1488610927, "railway": "subway", "name": "", "ref": "", "operator": "Maha Metro", "usage": "", "service": "yard", "electrified": "contact_line" }, "geometry": { "type": "LineString", "coordinates": [ [ 73.8480838, 18.5402442 ], [ 73.8481421, 18.5399783 ], [ 73.8482105, 18.5396605 ], [ 73.8482427, 18.5395333 ], [ 73.8482856, 18.5394151 ], [ 73.8483419, 18.5393133 ], [ 73.848413, 18.5391747 ], [ 73.8484559, 18.539073 ], [ 73.8484935, 18.5389509 ], [ 73.8485313, 18.5388051 ] ] } },
{ "type": "Feature", "properties": { "osm_id": 1488610928, "railway": "subway", "name": "", "ref": "", "operator": "Maha Metro", "usage": "", "service": "yard", "electrified": "contact_line" }, "geometry": { "type": "LineString", "coordinates": [ [ 73.8481421, 18.5399783 ], [ 73.8482132, 18.5397456 ], [ 73.8482628, 18.539621 ], [ 73.8483366, 18.5394913 ], [ 73.848413, 18.5393629 ], [ 73.8484707, 18.5392536 ], [ 73.8485015, 18.5391785 ], [ 73.8485337, 18.5390768 ], [ 73.8485971, 18.5388202 ] ] } },
{ "type": "Feature", "properties": { "osm_id": 1488610929, "railway": "subway", "name": "", "ref": "", "operator": "Maha Metro", "usage": "", "service": "yard", "electrified": "contact_line" }, "geometry": { "type": "LineString", "coordinates": [ [ 73.847977, 18.5412048 ], [ 73.8480254, 18.5409663 ], [ 73.8480791, 18.5407171 ], [ 73.8480979, 18.5405594 ], [ 73.8481086, 18.5404017 ], [ 73.8481247, 18.5402568 ], [ 73.8481569, 18.5401233 ], [ 73.8482038, 18.5399974 ], [ 73.8482682, 18.5398817 ], [ 73.8483446, 18.5397558 ], [ 73.8484063, 18.5396325 ], [ 73.848464, 18.5395028 ], [ 73.848578, 18.5392294 ], [ 73.8486383, 18.5390387 ], [ 73.8486874, 18.5388409 ] ] } },
{ "type": "Feature", "properties": { "osm_id": 1488610930, "railway": "subway", "name": "", "ref": "", "operator": "Maha Metro", "usage": "", "service": "yard", "electrified": "contact_line" }, "geometry": { "type": "LineString", "coordinates": [ [ 73.8483446, 18.5397558 ], [ 73.8486142, 18.5393108 ], [ 73.8486826, 18.5391824 ], [ 73.8487335, 18.5390679 ], [ 73.848755, 18.5389904 ], [ 73.8487845, 18.5388631 ] ] } },
{ "type": "Feature", "properties": { "osm_id": 1488610931, "railway": "subway", "name": "", "ref": "", "operator": "Maha Metro", "usage": "", "service": "yard", "electrified": "contact_line" }, "geometry": { "type": "LineString", "coordinates": [ [ 73.8480791, 18.5407171 ], [ 73.8481931, 18.5401945 ], [ 73.8482239, 18.5400953 ], [ 73.8482615, 18.5400038 ], [ 73.8483165, 18.5399059 ], [ 73.8483795, 18.5398156 ], [ 73.8485377, 18.5396287 ], [ 73.8486343, 18.5395028 ], [ 73.8487282, 18.5393655 ], [ 73.8487966, 18.5392345 ], [ 73.8488489, 18.5391035 ], [ 73.8489018, 18.5388899 ] ] } },
{ "type": "Feature", "properties": { "osm_id": 1488610932, "railway": "subway", "name": "", "ref": "", "operator": "Maha Metro", "usage": "", "service": "yard", "electrified": "contact_line" }, "geometry": { "type": "LineString", "coordinates": [ [ 73.8485377, 18.5396287 ], [ 73.8487215, 18.539429 ], [ 73.848814, 18.539307 ], [ 73.8488837, 18.5391938 ], [ 73.8489334, 18.5390845 ], [ 73.8489818, 18.5389082 ] ] } },
{ "type": "Feature", "properties": { "osm_id": 1488610935, "railway": "subway", "name": "", "ref": "", "operator": "Maha Metro", "usage": "", "service": "yard", "electrified": "contact_line" }, "geometry": { "type": "LineString", "coordinates": [ [ 73.8489818, 18.5389082 ], [ 73.849164, 18.5381385 ] ] } },
{ "type": "Feature", "properties": { "osm_id": 1488610936, "railway": "subway", "name": "", "ref": "", "operator": "Maha Metro", "usage": "", "service": "yard", "electrified": "contact_line" }, "geometry": { "type": "LineString", "coordinates": [ [ 73.8489018, 18.5388899 ], [ 73.8490809, 18.5381219 ] ] } },
{ "type": "Feature", "properties": { "osm_id": 1488610937, "railway": "subway", "name": "", "ref": "", "operator": "Maha Metro", "usage": "", "service": "yard", "electrified": "contact_line" }, "geometry": { "type": "LineString", "coordinates": [ [ 73.8487845, 18.5388631 ], [ 73.8489656, 18.5380965 ] ] } },
{ "type": "Feature", "properties": { "osm_id": 1488610938, "railway": "subway", "name": "", "ref": "", "operator": "Maha Metro", "usage": "", "service": "yard", "electrified": "contact_line" }, "geometry": { "type": "LineString", "coordinates": [ [ 73.8486874, 18.5388409 ], [ 73.8488663, 18.5380761 ] ] } },
{ "type": "Feature", "properties": { "osm_id": 1488610939, "railway": "subway", "name": "", "ref": "", "operator": "Maha Metro", "usage": "", "service": "yard", "electrified": "contact_line" }, "geometry": { "type": "LineString", "coordinates": [ [ 73.8485971, 18.5388202 ], [ 73.8487778, 18.5380596 ] ] } },
{ "type": "Feature", "properties": { "osm_id": 1488610940, "railway": "subway", "name": "", "ref": "", "operator": "Maha Metro", "usage": "", "service": "yard", "electrified": "contact_line" }, "geometry": { "type": "LineString", "coordinates": [ [ 73.8485313, 18.5388051 ], [ 73.8487148, 18.5380469 ] ] } },
{ "type": "Feature", "properties": { "osm_id": 1488610941, "railway": "subway", "name": "", "ref": "", "operator": "Maha Metro", "usage": "", "service": "yard", "electrified": "contact_line" }, "geometry": { "type": "LineString", "coordinates": [ [ 73.8484645, 18.5387898 ], [ 73.8486531, 18.5380342 ] ] } },
{ "type": "Feature", "properties": { "osm_id": 1488674764, "railway": "subway", "name": "Pune Metro Purple Line", "ref": "", "operator": "Maha Metro", "usage": "", "service": "crossover", "electrified": "contact_line" }, "geometry": { "type": "LineString", "coordinates": [ [ 73.8578346, 18.5016481 ], [ 73.8577696, 18.5010981 ], [ 73.8577051, 18.5005522 ] ] } },
{ "type": "Feature", "properties": { "osm_id": 1488674765, "railway": "subway", "name": "Pune Metro Purple Line", "ref": "", "operator": "Maha Metro", "usage": "", "service": "crossover", "electrified": "contact_line" }, "geometry": { "type": "LineString", "coordinates": [ [ 73.8579457, 18.5016249 ], [ 73.8577696, 18.5010981 ], [ 73.8575924, 18.500568 ] ] } },
{ "type": "Feature", "properties": { "osm_id": 1488678323, "railway": "subway", "name": "Pune Metro Purple Line", "ref": "", "operator": "Maha Metro", "usage": "", "service": "crossover", "electrified": "contact_line" }, "geometry": { "type": "LineString", "coordinates": [ [ 73.85495, 18.5272624 ], [ 73.8555499, 18.5271604 ], [ 73.8561431, 18.5270596 ] ] } },
{ "type": "Feature", "properties": { "osm_id": 1488678324, "railway": "subway", "name": "Pune Metro Purple Line", "ref": "", "operator": "Maha Metro", "usage": "", "service": "crossover", "electrified": "contact_line" }, "geometry": { "type": "LineString", "coordinates": [ [ 73.85498, 18.52738 ], [ 73.8555499, 18.5271604 ], [ 73.8561145, 18.5269429 ] ] } },
{ "type": "Feature", "properties": { "osm_id": 1488780242, "railway": "subway", "name": "Pune Metro Line 1: Purple Line", "ref": "", "operator": "MahaMetro", "usage": "main", "service": "", "electrified": "contact_line" }, "geometry": { "type": "LineString", "coordinates": [ [ 73.8424638, 18.5617622 ], [ 73.842739, 18.561357 ], [ 73.8429387, 18.5610529 ], [ 73.8431981, 18.5606122 ], [ 73.8434224, 18.560199 ], [ 73.8435752, 18.5599618 ], [ 73.8437509, 18.5597145 ], [ 73.8439896, 18.5594133 ], [ 73.8441905, 18.5591535 ], [ 73.844254, 18.5590597 ], [ 73.8443281, 18.558934 ], [ 73.8443901, 18.5588051 ], [ 73.8444511, 18.5586261 ], [ 73.8444806, 18.5585105 ], [ 73.8444993, 18.5583887 ], [ 73.844508, 18.5582695 ], [ 73.8445128, 18.558142 ], [ 73.8445081, 18.5579685 ], [ 73.8444919, 18.5577969 ], [ 73.8444516, 18.5575244 ], [ 73.8443476, 18.5568013 ], [ 73.8443145, 18.5565841 ], [ 73.8442981, 18.5563907 ], [ 73.8442964, 18.5562426 ], [ 73.844307, 18.5560847 ], [ 73.8443455, 18.5558788 ], [ 73.8444058, 18.5556528 ], [ 73.8445148, 18.5552937 ], [ 73.8447275, 18.5547765 ], [ 73.8448757, 18.5542766 ], [ 73.845355, 18.5523942 ], [ 73.8454561, 18.5519325 ], [ 73.845537, 18.5514747 ], [ 73.8456798, 18.5509267 ], [ 73.8458355, 18.5502975 ], [ 73.8459897, 18.5496744 ], [ 73.8460239, 18.5495389 ], [ 73.8461283, 18.5491248 ], [ 73.846148, 18.5490465 ], [ 73.8462803, 18.5485215 ], [ 73.8464887, 18.547701 ], [ 73.8466316, 18.5472042 ], [ 73.8467835, 18.5467722 ], [ 73.8469131, 18.546443 ], [ 73.8471242, 18.5458709 ], [ 73.8472134, 18.5456155 ], [ 73.8473008, 18.545331 ], [ 73.8473442, 18.5451604 ], [ 73.8473871, 18.5449547 ], [ 73.8474142, 18.544778 ] ] } },
{ "type": "Feature", "properties": { "osm_id": 1488780243, "railway": "subway", "name": "Pune Metro Line 1: Purple Line", "ref": "", "operator": "MahaMetro", "usage": "main", "service": "", "electrified": "contact_line" }, "geometry": { "type": "LineString", "coordinates": [ [ 73.8473756, 18.5447727 ], [ 73.8473489, 18.5449417 ], [ 73.8473079, 18.5451439 ], [ 73.8472616, 18.5453186 ], [ 73.8471724, 18.5456052 ], [ 73.847086, 18.5458586 ], [ 73.846876, 18.5464281 ], [ 73.8467314, 18.5467937 ], [ 73.8465907, 18.5471926 ], [ 73.8464472, 18.5476899 ], [ 73.8462373, 18.5485081 ], [ 73.8461572, 18.5488273 ], [ 73.8460805, 18.54912 ], [ 73.8459747, 18.5495278 ], [ 73.8459396, 18.5496631 ], [ 73.8457857, 18.5502871 ], [ 73.8456307, 18.5509155 ], [ 73.845491, 18.5514687 ], [ 73.8454135, 18.5519273 ], [ 73.8453092, 18.5523935 ], [ 73.8451109, 18.5532586 ], [ 73.8448477, 18.5542374 ], [ 73.8446466, 18.5548643 ], [ 73.8444674, 18.5552793 ], [ 73.8443501, 18.5556457 ], [ 73.8442857, 18.5558795 ], [ 73.8442577, 18.5560667 ], [ 73.8442444, 18.5562316 ], [ 73.8442462, 18.5563959 ], [ 73.844261, 18.5565722 ], [ 73.8442982, 18.5568085 ], [ 73.8444038, 18.5575246 ], [ 73.8444462, 18.5577932 ], [ 73.8444671, 18.5579664 ], [ 73.8444715, 18.5581307 ], [ 73.8444699, 18.5582554 ], [ 73.8444593, 18.5583723 ], [ 73.8444401, 18.5584886 ], [ 73.8444109, 18.5586156 ], [ 73.8443526, 18.5587888 ], [ 73.8442873, 18.5589207 ], [ 73.8442193, 18.5590391 ], [ 73.8441545, 18.5591392 ], [ 73.8439558, 18.5593936 ], [ 73.8437154, 18.5597019 ], [ 73.8435384, 18.5599469 ], [ 73.8433866, 18.5601837 ], [ 73.8431612, 18.5605918 ], [ 73.8429051, 18.5610286 ], [ 73.8426931, 18.5613463 ], [ 73.8424249, 18.5617379 ] ] } },
{ "type": "Feature", "properties": { "osm_id": 1488780244, "railway": "subway", "name": "Pune Metro Line 1: Purple Line", "ref": "", "operator": "MahaMetro", "usage": "main", "service": "", "electrified": "contact_line" }, "geometry": { "type": "LineString", "coordinates": [ [ 73.8378922, 18.5702689 ], [ 73.8383146, 18.5691669 ], [ 73.8383461, 18.5690844 ] ] } },
{ "type": "Feature", "properties": { "osm_id": 1488780245, "railway": "subway", "name": "Pune Metro Line 1: Purple Line", "ref": "", "operator": "MahaMetro", "usage": "main", "service": "", "electrified": "contact_line" }, "geometry": { "type": "LineString", "coordinates": [ [ 73.8383046, 18.5690701 ], [ 73.8378981, 18.5701403 ], [ 73.8378529, 18.5702554 ] ] } },
{ "type": "Feature", "properties": { "osm_id": 1488780246, "railway": "subway", "name": "Pune Metro Line 1: Purple Line", "ref": "", "operator": "MahaMetro", "usage": "main", "service": "", "electrified": "contact_line" }, "geometry": { "type": "LineString", "coordinates": [ [ 73.8416864, 18.5627898 ], [ 73.841135, 18.5635634 ], [ 73.8405426, 18.5643703 ], [ 73.8399647, 18.5651947 ], [ 73.8397819, 18.5654492 ], [ 73.83964, 18.5656836 ], [ 73.8395218, 18.5659042 ], [ 73.8393884, 18.566202 ], [ 73.8391335, 18.5668708 ], [ 73.8389351, 18.5673929 ], [ 73.8387617, 18.5678428 ], [ 73.8386026, 18.5682639 ], [ 73.8385049, 18.5685352 ], [ 73.8383046, 18.5690701 ] ] } },
{ "type": "Feature", "properties": { "osm_id": 1488780247, "railway": "subway", "name": "Pune Metro Line 1: Purple Line", "ref": "", "operator": "MahaMetro", "usage": "main", "service": "", "electrified": "contact_line" }, "geometry": { "type": "LineString", "coordinates": [ [ 73.8383461, 18.5690844 ], [ 73.8386466, 18.5682817 ], [ 73.8389845, 18.5674117 ], [ 73.8391894, 18.566886 ], [ 73.8395579, 18.5659605 ], [ 73.8396766, 18.565734 ], [ 73.8398357, 18.5654805 ], [ 73.8400273, 18.5652078 ], [ 73.8405923, 18.5643948 ], [ 73.8411748, 18.5635868 ], [ 73.8417263, 18.5628148 ] ] } },
{ "type": "Feature", "properties": { "osm_id": 1488780248, "railway": "subway", "name": "Pune Metro Line 1: Purple Line", "ref": "", "operator": "MahaMetro", "usage": "main", "service": "", "electrified": "contact_line" }, "geometry": { "type": "LineString", "coordinates": [ [ 73.8424249, 18.5617379 ], [ 73.8420645, 18.5622512 ], [ 73.8416864, 18.5627898 ] ] } },
{ "type": "Feature", "properties": { "osm_id": 1488780249, "railway": "subway", "name": "Pune Metro Line 1: Purple Line", "ref": "", "operator": "MahaMetro", "usage": "main", "service": "", "electrified": "contact_line" }, "geometry": { "type": "LineString", "coordinates": [ [ 73.8417263, 18.5628148 ], [ 73.8421051, 18.5622741 ], [ 73.8424638, 18.5617622 ] ] } },
{ "type": "Feature", "properties": { "osm_id": 1489080773, "railway": "subway", "name": "Pune Metro Aqua Line", "ref": "", "operator": "Maha Metro", "usage": "", "service": "crossover", "electrified": "contact_line" }, "geometry": { "type": "LineString", "coordinates": [ [ 73.9098244, 18.5578013 ], [ 73.9104007, 18.5581411 ] ] } },
{ "type": "Feature", "properties": { "osm_id": 1489080774, "railway": "subway", "name": "Pune Metro Line 2: Aqua Line", "ref": "", "operator": "MahaMetro", "usage": "main", "service": "", "electrified": "contact_line" }, "geometry": { "type": "LineString", "coordinates": [ [ 73.9089798, 18.5573419 ], [ 73.9091302, 18.5574446 ] ] } },
{ "type": "Feature", "properties": { "osm_id": 1489080775, "railway": "subway", "name": "Pune Metro Line 2: Aqua Line", "ref": "", "operator": "MahaMetro", "usage": "main", "service": "", "electrified": "contact_line" }, "geometry": { "type": "LineString", "coordinates": [ [ 73.9081249, 18.5567271 ], [ 73.9091278, 18.5573834 ], [ 73.9091586, 18.5574051 ] ] } },
{ "type": "Feature", "properties": { "osm_id": 1489080776, "railway": "subway", "name": "Pune Metro Line 2: Aqua Line", "ref": "", "operator": "MahaMetro", "usage": "main", "service": "", "electrified": "contact_line" }, "geometry": { "type": "LineString", "coordinates": [ [ 73.9079855, 18.5566863 ], [ 73.9089798, 18.5573419 ] ] } },
{ "type": "Feature", "properties": { "osm_id": 1489080777, "railway": "subway", "name": "Pune Metro Aqua Line", "ref": "", "operator": "Maha Metro", "usage": "", "service": "crossover", "electrified": "contact_line" }, "geometry": { "type": "LineString", "coordinates": [ [ 73.9068544, 18.5557679 ], [ 73.9073026, 18.5561094 ] ] } },
{ "type": "Feature", "properties": { "osm_id": 1489774105, "railway": "subway", "name": "Pune Metro Aqua Line", "ref": "", "operator": "Maha Meetro", "usage": "", "service": "crossover", "electrified": "contact_line" }, "geometry": { "type": "LineString", "coordinates": [ [ 73.8010591, 18.5073537 ], [ 73.8002352, 18.5074075 ] ] } },
{ "type": "Feature", "properties": { "osm_id": 1489791263, "railway": "subway", "name": "Pune Metro Aqua Line", "ref": "", "operator": "Maha Metro", "usage": "", "service": "crossover", "electrified": "contact_line" }, "geometry": { "type": "LineString", "coordinates": [ [ 73.866022, 18.5300951 ], [ 73.8665802, 18.5301596 ] ] } },
{ "type": "Feature", "properties": { "osm_id": 1489791264, "railway": "subway", "name": "Pune Metro Aqua Line", "ref": "", "operator": "Maha Metro", "usage": "", "service": "yard", "electrified": "contact_line" }, "geometry": { "type": "LineString", "coordinates": [ [ 73.8668338, 18.5301717 ], [ 73.8675457, 18.5302451 ], [ 73.8677885, 18.5302515 ], [ 73.8679682, 18.5302477 ], [ 73.8681586, 18.5302324 ], [ 73.8683558, 18.530207 ], [ 73.8685355, 18.5301701 ], [ 73.8687031, 18.5301281 ], [ 73.8690585, 18.530015 ], [ 73.8691712, 18.5299781 ] ] } },
{ "type": "Feature", "properties": { "osm_id": 1489791265, "railway": "subway", "name": "Pune Metro Aqua Line", "ref": "", "operator": "Maha Metro", "usage": "", "service": "yard", "electrified": "contact_line" }, "geometry": { "type": "LineString", "coordinates": [ [ 73.8675457, 18.5302451 ], [ 73.8669328, 18.5302164 ], [ 73.866733, 18.530207 ] ] } },
{ "type": "Feature", "properties": { "osm_id": 1489794210, "railway": "subway", "name": "Pune Metro Aqua Line", "ref": "", "operator": "Maha Metro", "usage": "", "service": "crossover", "electrified": "contact_line" }, "geometry": { "type": "LineString", "coordinates": [ [ 73.8825296, 18.5392059 ], [ 73.8828274, 18.539613 ] ] } },
{ "type": "Feature", "properties": { "osm_id": 1502209173, "railway": "rail", "name": "", "ref": "", "operator": "", "usage": "main", "service": "crossover", "electrified": "contact_line" }, "geometry": { "type": "LineString", "coordinates": [ [ 73.8541619, 18.5296213 ], [ 73.8538376, 18.5297868 ] ] } },
{ "type": "Feature", "properties": { "osm_id": 1532296306, "railway": "subway", "name": "Pune Metro Line 2: Aqua Line", "ref": "", "operator": "MahaMetro", "usage": "main", "service": "", "electrified": "contact_line" }, "geometry": { "type": "LineString", "coordinates": [ [ 73.9081249, 18.5567271 ], [ 73.9080096, 18.5566528 ], [ 73.907876, 18.5565648 ], [ 73.9076974, 18.5564345 ], [ 73.9075091, 18.5562871 ], [ 73.9073026, 18.5561094 ], [ 73.9068765, 18.5557321 ], [ 73.9066736, 18.5555576 ], [ 73.9065384, 18.5554294 ], [ 73.9064465, 18.5553296 ], [ 73.9063552, 18.5552167 ], [ 73.9062922, 18.5551157 ], [ 73.9062325, 18.554995 ], [ 73.9061942, 18.5548819 ], [ 73.9061674, 18.5547649 ], [ 73.9061473, 18.5546022 ], [ 73.9061205, 18.5542144 ], [ 73.9060655, 18.5531019 ], [ 73.9060427, 18.5526913 ], [ 73.906036, 18.5526036 ], [ 73.9060186, 18.5524548 ], [ 73.9059716, 18.5522209 ], [ 73.905918, 18.5519602 ], [ 73.9058871, 18.5517708 ], [ 73.9057408, 18.5504504 ], [ 73.9057315, 18.5502498 ], [ 73.9057299, 18.550008 ], [ 73.905735, 18.5498298 ], [ 73.9057712, 18.5495221 ], [ 73.9058611, 18.5490174 ], [ 73.9059214, 18.5484592 ], [ 73.9059831, 18.5478159 ], [ 73.9060542, 18.5465101 ], [ 73.9060931, 18.545896 ], [ 73.9060743, 18.5455374 ], [ 73.9060408, 18.5452348 ], [ 73.9060247, 18.5451369 ], [ 73.9060099, 18.5450708 ], [ 73.905967, 18.5449805 ], [ 73.9057122, 18.5444493 ], [ 73.9056572, 18.5443346 ], [ 73.9053903, 18.5437446 ], [ 73.9052763, 18.5435412 ], [ 73.9051784, 18.5434102 ], [ 73.9050135, 18.5432628 ], [ 73.9048177, 18.5430936 ], [ 73.9046205, 18.5429957 ], [ 73.9045119, 18.5429601 ], [ 73.904241, 18.5429017 ], [ 73.9040103, 18.5429067 ], [ 73.9037435, 18.5429398 ], [ 73.903604, 18.5429589 ], [ 73.9032164, 18.5430237 ], [ 73.9012222, 18.5434115 ], [ 73.9006882, 18.5435001 ], [ 73.8995431, 18.54369 ], [ 73.8993259, 18.5437281 ], [ 73.8990241, 18.5437841 ], [ 73.8987653, 18.5438527 ], [ 73.8982905, 18.5439888 ], [ 73.8981524, 18.5440396 ], [ 73.8979821, 18.5441096 ], [ 73.8972244, 18.5444694 ], [ 73.8970299, 18.544533 ], [ 73.8967939, 18.5445978 ], [ 73.89659, 18.5446309 ], [ 73.894801, 18.5448178 ], [ 73.8939132, 18.5449093 ], [ 73.8928725, 18.5450123 ], [ 73.8925935, 18.5450365 ], [ 73.8924098, 18.5450593 ], [ 73.8922515, 18.5450962 ], [ 73.8920691, 18.5451547 ], [ 73.8918935, 18.5452297 ], [ 73.891758, 18.5452984 ], [ 73.8916132, 18.5453976 ], [ 73.8914817, 18.5455005 ], [ 73.8912122, 18.5457276 ], [ 73.8910162, 18.5458902 ], [ 73.8908641, 18.5459959 ], [ 73.8907298, 18.5460632 ], [ 73.890576, 18.5461225 ], [ 73.890425, 18.5461615 ], [ 73.8903191, 18.5461805 ], [ 73.8901756, 18.5461907 ], [ 73.8900737, 18.546192 ], [ 73.8899704, 18.5461843 ], [ 73.8898309, 18.546164 ], [ 73.889725, 18.5461348 ], [ 73.8895734, 18.5460814 ], [ 73.8892596, 18.5459593 ], [ 73.8890128, 18.5458779 ], [ 73.887267, 18.545424 ], [ 73.8866239, 18.5452822 ], [ 73.8862169, 18.5451926 ], [ 73.8855175, 18.5450549 ], [ 73.8853341, 18.5450225 ], [ 73.8851839, 18.5449882 ], [ 73.8850811, 18.5449455 ], [ 73.8849237, 18.5448929 ], [ 73.8848044, 18.5448185 ], [ 73.8846321, 18.54469 ], [ 73.8845158, 18.5445791 ], [ 73.8844159, 18.5444466 ], [ 73.8843405, 18.5443268 ], [ 73.8842647, 18.5441776 ], [ 73.8842076, 18.5440247 ], [ 73.8841727, 18.5439031 ], [ 73.8841555, 18.543799 ], [ 73.8841447, 18.5436617 ], [ 73.8841418, 18.5435491 ], [ 73.8841534, 18.5434444 ], [ 73.8842721, 18.5428735 ], [ 73.8842908, 18.5427641 ], [ 73.8843082, 18.5426534 ], [ 73.884319, 18.5425199 ], [ 73.8843163, 18.5423865 ], [ 73.8843056, 18.5422682 ], [ 73.8842859, 18.5421503 ], [ 73.8842555, 18.5420026 ], [ 73.8842102, 18.5418468 ], [ 73.8841588, 18.5417026 ], [ 73.8840886, 18.5415648 ], [ 73.8839886, 18.5414026 ], [ 73.8838877, 18.5412495 ], [ 73.8837828, 18.5410814 ], [ 73.8834875, 18.5406316 ], [ 73.8834544, 18.5405802 ], [ 73.8828274, 18.539613 ], [ 73.8823493, 18.5388672 ], [ 73.880577, 18.5361433 ], [ 73.8799171, 18.5351593 ], [ 73.8795637, 18.5346739 ], [ 73.8790847, 18.5339644 ], [ 73.8789367, 18.5337807 ], [ 73.878859, 18.533698 ], [ 73.8787705, 18.5336141 ], [ 73.878542, 18.533408 ], [ 73.8784855, 18.5333599 ], [ 73.8782509, 18.533135 ], [ 73.8777633, 18.5327068 ], [ 73.8775926, 18.5325569 ], [ 73.8767058, 18.5317886 ], [ 73.8761519, 18.5313141 ], [ 73.8753065, 18.5305144 ], [ 73.8748684, 18.5301286 ], [ 73.8747501, 18.5300454 ], [ 73.8745311, 18.5299203 ], [ 73.874307, 18.5298472 ], [ 73.8740957, 18.5298023 ], [ 73.8737343, 18.5297791 ], [ 73.8729662, 18.5297397 ], [ 73.872597, 18.5297234 ], [ 73.8714415, 18.5296722 ], [ 73.8709222, 18.5296614 ], [ 73.8706074, 18.529654 ], [ 73.8701905, 18.5296865 ], [ 73.8697218, 18.5297441 ], [ 73.8693857, 18.5298112 ], [ 73.8684778, 18.5300902 ], [ 73.8682404, 18.5301358 ], [ 73.8680703, 18.5301563 ], [ 73.8679369, 18.5301654 ], [ 73.8675097, 18.5301648 ], [ 73.866884, 18.5301299 ], [ 73.866022, 18.5300951 ], [ 73.86581, 18.5300858 ] ] } },
{ "type": "Feature", "properties": { "osm_id": 1532296307, "railway": "subway", "name": "Pune Metro Line 2: Aqua Line", "ref": "", "operator": "MahaMetro", "usage": "main", "service": "", "electrified": "contact_line" }, "geometry": { "type": "LineString", "coordinates": [ [ 73.86581, 18.5300858 ], [ 73.8650583, 18.530052 ], [ 73.8644522, 18.5300274 ], [ 73.8643992, 18.530024 ] ] } },
{ "type": "Feature", "properties": { "osm_id": 1532296308, "railway": "subway", "name": "Pune Metro Line 2: Aqua Line", "ref": "", "operator": "MahaMetro", "usage": "main", "service": "", "electrified": "contact_line" }, "geometry": { "type": "LineString", "coordinates": [ [ 73.8658072, 18.5301271 ], [ 73.8659701, 18.5301341 ], [ 73.8665802, 18.5301596 ], [ 73.8668338, 18.5301717 ], [ 73.867608, 18.530205 ], [ 73.8679698, 18.5302044 ], [ 73.8681, 18.5301948 ], [ 73.8682507, 18.5301728 ], [ 73.8684429, 18.5301356 ], [ 73.8686287, 18.5300865 ], [ 73.8693577, 18.5298564 ], [ 73.8697019, 18.5297867 ], [ 73.8702174, 18.5297228 ], [ 73.8706104, 18.5297033 ], [ 73.8725976, 18.5297781 ], [ 73.8736984, 18.5298195 ], [ 73.8741259, 18.5298472 ], [ 73.8742822, 18.5298808 ], [ 73.8745165, 18.5299612 ], [ 73.8746844, 18.5300532 ], [ 73.8748359, 18.5301594 ], [ 73.8751112, 18.5303926 ], [ 73.8758506, 18.5310826 ], [ 73.8761262, 18.53135 ], [ 73.8764825, 18.5316544 ], [ 73.877163, 18.5322218 ], [ 73.8777309, 18.5327359 ], [ 73.8784573, 18.5333935 ], [ 73.878508, 18.5334373 ], [ 73.8787427, 18.5336441 ], [ 73.8788459, 18.5337453 ], [ 73.8789441, 18.5338481 ], [ 73.8791313, 18.5341012 ], [ 73.8793126, 18.5343776 ], [ 73.8796174, 18.534822 ], [ 73.8797415, 18.5349858 ], [ 73.8799479, 18.5352755 ], [ 73.8801657, 18.5355988 ], [ 73.8820046, 18.5383823 ], [ 73.8825296, 18.5392059 ], [ 73.8834176, 18.540599 ], [ 73.8838955, 18.5413488 ], [ 73.8840053, 18.5415218 ], [ 73.8840781, 18.5416578 ], [ 73.884134, 18.5417846 ], [ 73.8841768, 18.5419121 ], [ 73.8842112, 18.542029 ], [ 73.8842409, 18.5421568 ], [ 73.8842607, 18.5422855 ], [ 73.8842692, 18.5424056 ], [ 73.8842656, 18.5425318 ], [ 73.8842534, 18.5426556 ], [ 73.8842365, 18.5427811 ], [ 73.8842137, 18.5429246 ], [ 73.8841098, 18.5434053 ], [ 73.884098, 18.5435076 ], [ 73.8840967, 18.5436004 ], [ 73.8840998, 18.5437431 ], [ 73.8841168, 18.543897 ], [ 73.8841532, 18.5440353 ], [ 73.8842085, 18.5441852 ], [ 73.88429, 18.5443455 ], [ 73.8843724, 18.5444671 ], [ 73.884487, 18.5446063 ], [ 73.8846175, 18.5447248 ], [ 73.8847296, 18.5448068 ], [ 73.8848625, 18.5448938 ], [ 73.8849702, 18.5449396 ], [ 73.8850784, 18.5450006 ], [ 73.8853156, 18.5450577 ], [ 73.8854496, 18.5450826 ], [ 73.8857369, 18.5451517 ], [ 73.8866176, 18.5453203 ], [ 73.8871195, 18.5454328 ], [ 73.8884847, 18.545802 ], [ 73.8890057, 18.5459145 ], [ 73.8891626, 18.5459608 ], [ 73.8894074, 18.5460503 ], [ 73.8896063, 18.5461331 ], [ 73.8897227, 18.5461737 ], [ 73.8898263, 18.5462046 ], [ 73.8899264, 18.5462219 ], [ 73.890011, 18.5462265 ], [ 73.8901042, 18.5462287 ], [ 73.8902634, 18.5462184 ], [ 73.8904303, 18.5461977 ], [ 73.8905658, 18.5461631 ], [ 73.8906894, 18.5461114 ], [ 73.8908213, 18.5460589 ], [ 73.8909326, 18.5459955 ], [ 73.8911987, 18.5457905 ], [ 73.8913656, 18.5456451 ], [ 73.8914661, 18.5455546 ], [ 73.8916802, 18.5453933 ], [ 73.891883, 18.5452773 ], [ 73.8921292, 18.5451709 ], [ 73.8923588, 18.5451116 ], [ 73.8924957, 18.5450876 ], [ 73.8926966, 18.5450657 ], [ 73.8929432, 18.5450438 ], [ 73.8934418, 18.5449953 ], [ 73.8949172, 18.5448478 ], [ 73.8953784, 18.5447978 ], [ 73.8961118, 18.5447183 ], [ 73.8967051, 18.5446523 ], [ 73.8968699, 18.5446184 ], [ 73.8970982, 18.544547 ], [ 73.8973131, 18.5444669 ], [ 73.8975552, 18.5443546 ], [ 73.8978322, 18.5442209 ], [ 73.8981494, 18.5440811 ], [ 73.8982665, 18.5440408 ], [ 73.8983888, 18.5440017 ], [ 73.8986921, 18.5439118 ], [ 73.8989394, 18.5438376 ], [ 73.8990795, 18.5438055 ], [ 73.8991989, 18.5437825 ], [ 73.8995405, 18.5437312 ], [ 73.9002902, 18.5436098 ], [ 73.9014164, 18.5434034 ], [ 73.9032043, 18.5430623 ], [ 73.9035961, 18.5429996 ], [ 73.9038012, 18.5429755 ], [ 73.9039083, 18.5429661 ], [ 73.9040937, 18.5429598 ], [ 73.9041881, 18.5429566 ], [ 73.9042925, 18.5429666 ], [ 73.9044167, 18.5429991 ], [ 73.9045135, 18.5430252 ], [ 73.9046202, 18.543071 ], [ 73.9046734, 18.5430976 ], [ 73.9048037, 18.5431615 ], [ 73.9048883, 18.5432211 ], [ 73.9049676, 18.5432845 ], [ 73.9051587, 18.5434762 ], [ 73.9052887, 18.5436984 ], [ 73.9055921, 18.5443103 ], [ 73.9056677, 18.5444651 ], [ 73.905888, 18.5449162 ], [ 73.9059271, 18.5450015 ], [ 73.9059595, 18.5450832 ], [ 73.9059829, 18.5452178 ], [ 73.9060055, 18.5454253 ], [ 73.9060223, 18.5456621 ], [ 73.9060382, 18.5459004 ], [ 73.9060347, 18.5461158 ], [ 73.9060321, 18.5463521 ], [ 73.9060168, 18.54666 ], [ 73.9059745, 18.5474108 ], [ 73.9059554, 18.5478175 ], [ 73.9059296, 18.5480489 ], [ 73.905909, 18.548299 ], [ 73.9058563, 18.5488448 ], [ 73.9058305, 18.5490261 ], [ 73.9057948, 18.5492217 ], [ 73.9057718, 18.5493427 ], [ 73.9057556, 18.5494389 ], [ 73.905739, 18.5495431 ], [ 73.9057256, 18.5496569 ], [ 73.905718, 18.549757 ], [ 73.9057105, 18.5498708 ], [ 73.9057068, 18.5499765 ], [ 73.9057024, 18.5501311 ], [ 73.9057005, 18.5502905 ], [ 73.9057051, 18.5504408 ], [ 73.9057635, 18.5509678 ], [ 73.9058342, 18.5515773 ], [ 73.9058487, 18.5517039 ], [ 73.9058658, 18.551828 ], [ 73.9058982, 18.5520194 ], [ 73.905974, 18.5523882 ], [ 73.9059985, 18.5525328 ], [ 73.906008, 18.5526265 ], [ 73.9060213, 18.5527691 ], [ 73.9060419, 18.5532855 ], [ 73.9060606, 18.5535963 ], [ 73.9060792, 18.5540978 ], [ 73.9061024, 18.5544773 ], [ 73.9061154, 18.5547025 ], [ 73.9061225, 18.5547904 ], [ 73.9061527, 18.5548984 ], [ 73.9062014, 18.5550209 ], [ 73.9062568, 18.5551328 ], [ 73.9063224, 18.5552404 ], [ 73.9064125, 18.5553565 ], [ 73.9065163, 18.5554636 ], [ 73.9066492, 18.5555874 ], [ 73.9068544, 18.5557679 ], [ 73.9072863, 18.5561438 ], [ 73.9074788, 18.5563123 ], [ 73.9076696, 18.5564642 ], [ 73.9078502, 18.5565897 ], [ 73.9079855, 18.5566863 ] ] } },
{ "type": "Feature", "properties": { "osm_id": 1532296309, "railway": "subway", "name": "Pune Metro Line 2: Aqua Line", "ref": "", "operator": "MahaMetro", "usage": "main", "service": "", "electrified": "contact_line" }, "geometry": { "type": "LineString", "coordinates": [ [ 73.8643955, 18.5300661 ], [ 73.8650537, 18.5301041 ], [ 73.8658072, 18.5301271 ] ] } },
{ "type": "Feature", "properties": { "osm_id": 1533558180, "railway": "rail", "name": "", "ref": "", "operator": "", "usage": "", "service": "yard", "electrified": "" }, "geometry": { "type": "LineString", "coordinates": [ [ 73.7891574, 18.6425024 ], [ 73.7892992, 18.6423557 ], [ 73.789428, 18.642201 ], [ 73.7895268, 18.642096 ], [ 73.7900756, 18.6415815 ], [ 73.7900914, 18.6415667 ] ] } },
{ "type": "Feature", "properties": { "osm_id": 1533558182, "railway": "rail", "name": "", "ref": "", "operator": "", "usage": "main", "service": "crossover", "electrified": "contact_line" }, "geometry": { "type": "LineString", "coordinates": [ [ 73.7859791, 18.644417 ], [ 73.7867916, 18.6440336 ] ] } },
{ "type": "Feature", "properties": { "osm_id": 1533574077, "railway": "rail", "name": "", "ref": "", "operator": "", "usage": "main", "service": "siding", "electrified": "" }, "geometry": { "type": "LineString", "coordinates": [ [ 73.7953441, 18.6309883 ], [ 73.7951722, 18.6312904 ], [ 73.7950314, 18.6315671 ], [ 73.7948337, 18.6320014 ], [ 73.7946091, 18.6325023 ], [ 73.7942916, 18.6331962 ], [ 73.7941523, 18.6335354 ], [ 73.7940221, 18.6338887 ], [ 73.7939412, 18.6341555 ], [ 73.7938783, 18.6344081 ], [ 73.7938375, 18.6345963 ], [ 73.793778, 18.6349247 ], [ 73.7937196, 18.6352865 ], [ 73.7936312, 18.6355533 ], [ 73.7935413, 18.6357477 ], [ 73.7934529, 18.6359514 ] ] } },
{ "type": "Feature", "properties": { "osm_id": 1533574078, "railway": "rail", "name": "", "ref": "", "operator": "", "usage": "main", "service": "spur", "electrified": "" }, "geometry": { "type": "LineString", "coordinates": [ [ 73.7937225, 18.6352766 ], [ 73.7936611, 18.6355434 ], [ 73.79311, 18.6376123 ] ] } },
{ "type": "Feature", "properties": { "osm_id": 1533574079, "railway": "rail", "name": "", "ref": "", "operator": "", "usage": "", "service": "yard", "electrified": "" }, "geometry": { "type": "LineString", "coordinates": [ [ 73.7937777, 18.632959 ], [ 73.7934537, 18.6345076 ], [ 73.7932417, 18.63547 ], [ 73.7932176, 18.6356963 ], [ 73.7931996, 18.6359292 ], [ 73.793167, 18.6361541 ], [ 73.7931253, 18.6363734 ] ] } }
]
}
