{
"type": "FeatureCollection",
"name": "PuneWaterBodies",
"crs": { "type": "name", "properties": { "name": "urn:ogc:def:crs:OGC:1.3:CRS84" } },
"features": [
{ "type": "Feature", "properties": { "osm_id": 22824920, "name": "Khadakwasla Reservoir", "water": "reservoir", "natural": "water", "landuse": "", "operator": "" }, "geometry": { "type": "Polygon", "coordinates": [ [ [ 73.693442, 18.3894748 ], [ 73.6931773, 18.3901598 ], [ 73.6924428, 18.3918278 ], [ 73.6914482, 18.3926793 ], [ 73.6901546, 18.3932141 ], [ 73.6895425, 18.3924485 ], [ 73.6900692, 18.3904769 ], [ 73.690001, 18.390073 ], [ 73.6898139, 18.3899652 ], [ 73.6888562, 18.391066 ], [ 73.6878965, 18.3915167 ], [ 73.6868208, 18.3920752 ], [ 73.6861711, 18.392296 ], [ 73.6848236, 18.3915196 ], [ 73.684976, 18.3910401 ], [ 73.6847033, 18.3905682 ], [ 73.6841017, 18.3902486 ], [ 73.6842461, 18.3908575 ], [ 73.6842541, 18.3913446 ], [ 73.6841579, 18.3920143 ], [ 73.6837488, 18.3924101 ], [ 73.6829788, 18.3925015 ], [ 73.6813105, 18.3923112 ], [ 73.6799109, 18.3917873 ], [ 73.6794337, 18.3911924 ], [ 73.6792171, 18.3907661 ], [ 73.6788481, 18.390553 ], [ 73.6783268, 18.391101 ], [ 73.6774649, 18.3919273 ], [ 73.6761945, 18.3921856 ], [ 73.6752696, 18.392009 ], [ 73.673906, 18.3917503 ], [ 73.6748014, 18.3931828 ], [ 73.675811, 18.3931074 ], [ 73.676639, 18.393355 ], [ 73.6768092, 18.3938071 ], [ 73.6760559, 18.3943879 ], [ 73.6753572, 18.3949265 ], [ 73.6743394, 18.3954132 ], [ 73.6724988, 18.3962934 ], [ 73.6722963, 18.3963673 ], [ 73.674235, 18.4003925 ], [ 73.6747659, 18.3990952 ], [ 73.6750065, 18.398034 ], [ 73.6756397, 18.3968909 ], [ 73.6763451, 18.3968204 ], [ 73.6769379, 18.3966989 ], [ 73.677292, 18.3967377 ], [ 73.6774235, 18.3965362 ], [ 73.6779345, 18.396578 ], [ 73.6780129, 18.3969094 ], [ 73.678433, 18.3969529 ], [ 73.678896, 18.3967928 ], [ 73.6792675, 18.397112 ], [ 73.6794104, 18.3973326 ], [ 73.6800558, 18.3975651 ], [ 73.6806038, 18.3972894 ], [ 73.6807115, 18.3973501 ], [ 73.6808083, 18.3973143 ], [ 73.6808352, 18.3972404 ], [ 73.6812591, 18.3971359 ], [ 73.6823816, 18.3968239 ], [ 73.6828389, 18.3967511 ], [ 73.6835048, 18.3967451 ], [ 73.6836822, 18.3967369 ], [ 73.6837387, 18.3965547 ], [ 73.6839547, 18.3964891 ], [ 73.6840037, 18.3965733 ], [ 73.6842535, 18.3965136 ], [ 73.6842335, 18.3960155 ], [ 73.6843899, 18.3958479 ], [ 73.6844412, 18.3957335 ], [ 73.6846546, 18.395661 ], [ 73.6847983, 18.3957617 ], [ 73.6851084, 18.3958674 ], [ 73.6855907, 18.3958389 ], [ 73.6857943, 18.3959824 ], [ 73.6857888, 18.3961865 ], [ 73.6858289, 18.3963191 ], [ 73.6859831, 18.3964312 ], [ 73.6861407, 18.3965127 ], [ 73.6866684, 18.3963295 ], [ 73.6870696, 18.3963702 ], [ 73.6873346, 18.3964261 ], [ 73.6893591, 18.3962683 ], [ 73.6904339, 18.3955833 ], [ 73.6917813, 18.3947918 ], [ 73.6930486, 18.3943656 ], [ 73.6941234, 18.3945178 ], [ 73.6949896, 18.396801 ], [ 73.6944282, 18.398993 ], [ 73.6949255, 18.4000432 ], [ 73.6963211, 18.4009565 ], [ 73.6972996, 18.4017024 ], [ 73.6988075, 18.4023112 ], [ 73.7013902, 18.4026309 ], [ 73.702064, 18.4021895 ], [ 73.703604, 18.402022 ], [ 73.7046627, 18.4028592 ], [ 73.705458, 18.4031599 ], [ 73.7061706, 18.4024025 ], [ 73.7068764, 18.4016263 ], [ 73.7076464, 18.4011848 ], [ 73.7092506, 18.4013218 ], [ 73.7097719, 18.4011087 ], [ 73.710566, 18.4015654 ], [ 73.7110312, 18.4016719 ], [ 73.7115766, 18.4011925 ], [ 73.713293, 18.401885 ], [ 73.7143678, 18.402707 ], [ 73.7149132, 18.4039094 ], [ 73.714822, 18.4069831 ], [ 73.7160601, 18.4090353 ], [ 73.7186268, 18.4114249 ], [ 73.7197176, 18.4108922 ], [ 73.7207282, 18.4102986 ], [ 73.7248047, 18.4112803 ], [ 73.7275126, 18.4114361 ], [ 73.728193, 18.4120775 ], [ 73.7286357, 18.4125498 ], [ 73.7286914, 18.4131348 ], [ 73.7305669, 18.4142077 ], [ 73.7315424, 18.4144229 ], [ 73.7320415, 18.4142938 ], [ 73.7322457, 18.4146597 ], [ 73.7324726, 18.4147458 ], [ 73.7327788, 18.4146166 ], [ 73.7330284, 18.4146489 ], [ 73.7333914, 18.4148426 ], [ 73.7334398, 18.4152027 ], [ 73.7340039, 18.4151547 ], [ 73.734866, 18.4148964 ], [ 73.7351269, 18.4154453 ], [ 73.7353991, 18.4153162 ], [ 73.7356486, 18.4150363 ], [ 73.7362158, 18.4150686 ], [ 73.7366128, 18.4152624 ], [ 73.7368964, 18.4151978 ], [ 73.7374295, 18.414961 ], [ 73.7377017, 18.4152624 ], [ 73.738042, 18.4159511 ], [ 73.7378719, 18.4164677 ], [ 73.7382349, 18.4167368 ], [ 73.7386772, 18.4171242 ], [ 73.7387113, 18.4176946 ], [ 73.7393404, 18.4190202 ], [ 73.7394372, 18.4199654 ], [ 73.7397889, 18.4220855 ], [ 73.7403333, 18.4231078 ], [ 73.7415244, 18.4233231 ], [ 73.7421029, 18.4236567 ], [ 73.7425226, 18.4247867 ], [ 73.742239, 18.4256476 ], [ 73.7411387, 18.4263686 ], [ 73.7404581, 18.4267991 ], [ 73.7415697, 18.4266484 ], [ 73.7423524, 18.4264332 ], [ 73.7429422, 18.4266915 ], [ 73.7427721, 18.427929 ], [ 73.7426133, 18.4284779 ], [ 73.7428288, 18.4292204 ], [ 73.742602, 18.4297907 ], [ 73.7430897, 18.4306301 ], [ 73.7437589, 18.4309314 ], [ 73.7444509, 18.4307162 ], [ 73.7455738, 18.4312973 ], [ 73.7459028, 18.4318139 ], [ 73.7460729, 18.4320076 ], [ 73.7484777, 18.4337186 ], [ 73.7495893, 18.4343965 ], [ 73.7503671, 18.4353178 ], [ 73.7503133, 18.4357768 ], [ 73.7499042, 18.4364083 ], [ 73.7495594, 18.4369029 ], [ 73.7490621, 18.4372682 ], [ 73.7493348, 18.4375953 ], [ 73.7496556, 18.4377551 ], [ 73.7497661, 18.4377138 ], [ 73.7498554, 18.4376331 ], [ 73.7499064, 18.4376089 ], [ 73.7499036, 18.437586 ], [ 73.749939, 18.4376075 ], [ 73.7499858, 18.4376075 ], [ 73.7500652, 18.437555 ], [ 73.7500511, 18.437516 ], [ 73.7501078, 18.4374972 ], [ 73.7501347, 18.4375524 ], [ 73.7501815, 18.4375577 ], [ 73.750246, 18.4375372 ], [ 73.7502303, 18.4374359 ], [ 73.7501892, 18.4372879 ], [ 73.7501566, 18.4372206 ], [ 73.7501367, 18.4371386 ], [ 73.7501594, 18.4370485 ], [ 73.7501311, 18.4369879 ], [ 73.7501764, 18.4369341 ], [ 73.7503292, 18.4368507 ], [ 73.7504515, 18.4367929 ], [ 73.7504969, 18.4367593 ], [ 73.750589, 18.436844 ], [ 73.7505479, 18.4368938 ], [ 73.7505748, 18.4369247 ], [ 73.7508788, 18.4366336 ], [ 73.7510177, 18.4366807 ], [ 73.7510565, 18.4372251 ], [ 73.7511909, 18.4375047 ], [ 73.7513878, 18.437618 ], [ 73.7518161, 18.4376906 ], [ 73.7521592, 18.4376503 ], [ 73.7525994, 18.437599 ], [ 73.7529588, 18.4374463 ], [ 73.7535328, 18.4374107 ], [ 73.7538223, 18.4372808 ], [ 73.7545252, 18.4366727 ], [ 73.7553111, 18.436118 ], [ 73.755777, 18.4359623 ], [ 73.7562928, 18.436001 ], [ 73.7567943, 18.4359806 ], [ 73.7570594, 18.4358855 ], [ 73.758222, 18.4363051 ], [ 73.7590217, 18.4367248 ], [ 73.7596796, 18.4374566 ], [ 73.7601333, 18.4383013 ], [ 73.7602705, 18.4387643 ], [ 73.7601089, 18.439218 ], [ 73.7602089, 18.4395086 ], [ 73.7602928, 18.4398425 ], [ 73.760587, 18.4409373 ], [ 73.7606396, 18.4416325 ], [ 73.7604636, 18.4419195 ], [ 73.7604314, 18.4419908 ], [ 73.7604646, 18.4421058 ], [ 73.7626018, 18.4431079 ], [ 73.7634967, 18.4428873 ], [ 73.7641921, 18.4427283 ], [ 73.7684046, 18.4417236 ], [ 73.7717979, 18.4397627 ], [ 73.7725665, 18.4390651 ], [ 73.7726656, 18.4389698 ], [ 73.7720233, 18.438129 ], [ 73.7717181, 18.4375226 ], [ 73.7715474, 18.4368351 ], [ 73.7714124, 18.4361638 ], [ 73.771272, 18.4354928 ], [ 73.7709993, 18.4345862 ], [ 73.7707463, 18.433751 ], [ 73.7704607, 18.4334159 ], [ 73.7694695, 18.4324532 ], [ 73.7691731, 18.4322965 ], [ 73.7687486, 18.4321075 ], [ 73.7685221, 18.4318924 ], [ 73.7684158, 18.4313509 ], [ 73.7676734, 18.4300466 ], [ 73.7669706, 18.4286776 ], [ 73.7668338, 18.4286878 ], [ 73.7667153, 18.4286322 ], [ 73.7666274, 18.4278858 ], [ 73.7665622, 18.4274305 ], [ 73.7663752, 18.4269523 ], [ 73.7662249, 18.4265913 ], [ 73.7658878, 18.4265648 ], [ 73.7653335, 18.4265251 ], [ 73.7649504, 18.4264791 ], [ 73.7648091, 18.426381 ], [ 73.7642895, 18.4263988 ], [ 73.7638723, 18.4263069 ], [ 73.7634327, 18.4262117 ], [ 73.7630655, 18.4262592 ], [ 73.7627797, 18.4263253 ], [ 73.7627347, 18.4265239 ], [ 73.7627247, 18.4266459 ], [ 73.7626313, 18.4266796 ], [ 73.7623041, 18.4267595 ], [ 73.762099, 18.4268354 ], [ 73.7618194, 18.4269584 ], [ 73.7612011, 18.4269604 ], [ 73.760874, 18.4271044 ], [ 73.7605709, 18.4272908 ], [ 73.7602359, 18.4275378 ], [ 73.7600424, 18.4277191 ], [ 73.7598842, 18.4278175 ], [ 73.7597448, 18.4277997 ], [ 73.7595302, 18.4278073 ], [ 73.7594309, 18.4279473 ], [ 73.7593531, 18.4280436 ], [ 73.7592351, 18.4281254 ], [ 73.7589294, 18.4282068 ], [ 73.7586408, 18.4283763 ], [ 73.7584278, 18.4284766 ], [ 73.7583044, 18.4284384 ], [ 73.7582186, 18.4283417 ], [ 73.7580818, 18.4283137 ], [ 73.7579504, 18.4283824 ], [ 73.7578779, 18.428446 ], [ 73.7577599, 18.4284308 ], [ 73.7575072, 18.4283414 ], [ 73.75732, 18.4283468 ], [ 73.7568721, 18.4283773 ], [ 73.7567273, 18.4285758 ], [ 73.7566937, 18.4288106 ], [ 73.7565368, 18.4289906 ], [ 73.7562561, 18.4292946 ], [ 73.7557483, 18.4296064 ], [ 73.7554613, 18.429782 ], [ 73.7551154, 18.4299869 ], [ 73.7550053, 18.4298456 ], [ 73.75489, 18.4297286 ], [ 73.7547852, 18.429723 ], [ 73.7544165, 18.4298312 ], [ 73.754214, 18.4298532 ], [ 73.7540022, 18.4297794 ], [ 73.7536917, 18.429616 ], [ 73.7535596, 18.4294308 ], [ 73.7533584, 18.4293647 ], [ 73.7533271, 18.4293007 ], [ 73.7534174, 18.4292044 ], [ 73.753396, 18.4291229 ], [ 73.7533262, 18.4290822 ], [ 73.7532538, 18.4289881 ], [ 73.7524572, 18.4287794 ], [ 73.7523853, 18.4288759 ], [ 73.7521648, 18.4288354 ], [ 73.7521219, 18.4288761 ], [ 73.7520371, 18.4288787 ], [ 73.7517303, 18.4287031 ], [ 73.7514809, 18.4284791 ], [ 73.7511295, 18.4283112 ], [ 73.7508003, 18.4280803 ], [ 73.750475, 18.4276572 ], [ 73.7502082, 18.4271838 ], [ 73.7500861, 18.4267691 ], [ 73.7500325, 18.426362 ], [ 73.7499786, 18.4263111 ], [ 73.7500995, 18.4262245 ], [ 73.7501827, 18.426082 ], [ 73.750231, 18.4260133 ], [ 73.7503517, 18.4254357 ], [ 73.750585, 18.4252855 ], [ 73.7506279, 18.4252296 ], [ 73.7506506, 18.4251471 ], [ 73.7501317, 18.4248758 ], [ 73.7499064, 18.4247639 ], [ 73.7496632, 18.4246984 ], [ 73.7491822, 18.4245043 ], [ 73.7487485, 18.4242402 ], [ 73.7486524, 18.4239765 ], [ 73.7487174, 18.4232154 ], [ 73.7487128, 18.4230233 ], [ 73.7487879, 18.4228604 ], [ 73.7489703, 18.4228121 ], [ 73.749091, 18.4227434 ], [ 73.7491592, 18.4226077 ], [ 73.749311, 18.4222141 ], [ 73.7495035, 18.42184 ], [ 73.7497428, 18.4215855 ], [ 73.750041, 18.4214046 ], [ 73.7501505, 18.4212699 ], [ 73.7503034, 18.4211783 ], [ 73.7505877, 18.4210944 ], [ 73.7508076, 18.4209849 ], [ 73.7510034, 18.4209086 ], [ 73.7511402, 18.4208017 ], [ 73.7512958, 18.4207025 ], [ 73.7514353, 18.4206236 ], [ 73.7515774, 18.4204912 ], [ 73.7517223, 18.4203055 ], [ 73.7518725, 18.4201782 ], [ 73.75202, 18.4201706 ], [ 73.7521809, 18.4201731 ], [ 73.7523043, 18.4201477 ], [ 73.7524438, 18.4201172 ], [ 73.7526208, 18.420163 ], [ 73.7526959, 18.4202266 ], [ 73.7528488, 18.4203386 ], [ 73.7529883, 18.4203945 ], [ 73.7531251, 18.420336 ], [ 73.7533021, 18.4202978 ], [ 73.7532619, 18.4202393 ], [ 73.7531841, 18.4202164 ], [ 73.7530714, 18.42028 ], [ 73.7529159, 18.4202724 ], [ 73.7527817, 18.4201986 ], [ 73.7526745, 18.4200815 ], [ 73.7524733, 18.4200586 ], [ 73.7523419, 18.4200103 ], [ 73.7520361, 18.4199899 ], [ 73.7519208, 18.4200408 ], [ 73.7517276, 18.420135 ], [ 73.7516203, 18.4202037 ], [ 73.7515399, 18.4202978 ], [ 73.751277, 18.4204683 ], [ 73.7509927, 18.4205956 ], [ 73.7507594, 18.4206567 ], [ 73.7505528, 18.4207483 ], [ 73.7504187, 18.4208246 ], [ 73.7499294, 18.4208862 ], [ 73.7496194, 18.4209722 ], [ 73.7494022, 18.420962 ], [ 73.7491769, 18.4208704 ], [ 73.7489489, 18.4208933 ], [ 73.7488764, 18.4209722 ], [ 73.7487118, 18.421168 ], [ 73.7485978, 18.4211612 ], [ 73.7484097, 18.4210791 ], [ 73.7482971, 18.4210689 ], [ 73.7481905, 18.4210249 ], [ 73.7479913, 18.4203106 ], [ 73.7476239, 18.4193181 ], [ 73.7474227, 18.4189746 ], [ 73.7472964, 18.4185856 ], [ 73.7473582, 18.4179163 ], [ 73.7474911, 18.4173747 ], [ 73.7476641, 18.4169005 ], [ 73.7476154, 18.4168289 ], [ 73.7473422, 18.4167886 ], [ 73.7470709, 18.416689 ], [ 73.7467414, 18.4164272 ], [ 73.7466931, 18.4163127 ], [ 73.7466417, 18.4162201 ], [ 73.746433, 18.4160913 ], [ 73.7464082, 18.4159834 ], [ 73.746677, 18.4151782 ], [ 73.7467334, 18.4150555 ], [ 73.7467173, 18.4149283 ], [ 73.7466717, 18.4148036 ], [ 73.7465858, 18.4147209 ], [ 73.7463954, 18.4146012 ], [ 73.7462202, 18.4144612 ], [ 73.7461326, 18.4142844 ], [ 73.7460105, 18.4142666 ], [ 73.745812, 18.414259 ], [ 73.7457604, 18.4142151 ], [ 73.7457865, 18.4141451 ], [ 73.7457832, 18.4140834 ], [ 73.7457403, 18.4140611 ], [ 73.7456927, 18.4140579 ], [ 73.7457181, 18.4139752 ], [ 73.7457269, 18.4139332 ], [ 73.7457165, 18.4139052 ], [ 73.7457919, 18.4137754 ], [ 73.7458643, 18.4136686 ], [ 73.745943, 18.4135007 ], [ 73.746087, 18.4132716 ], [ 73.7461657, 18.4132178 ], [ 73.746272, 18.4131901 ], [ 73.7463042, 18.4131621 ], [ 73.7463096, 18.4131176 ], [ 73.7463042, 18.4130769 ], [ 73.7462774, 18.4130451 ], [ 73.7462103, 18.4129789 ], [ 73.7462425, 18.4128491 ], [ 73.7461889, 18.4127346 ], [ 73.7460574, 18.4126964 ], [ 73.7459017, 18.4126285 ], [ 73.7458616, 18.412531 ], [ 73.7458697, 18.4123783 ], [ 73.7459407, 18.4121482 ], [ 73.7461245, 18.4117395 ], [ 73.746154, 18.4115881 ], [ 73.7462345, 18.4114672 ], [ 73.7462291, 18.4114074 ], [ 73.746264, 18.4113502 ], [ 73.7464008, 18.4112993 ], [ 73.7464544, 18.411256 ], [ 73.7464866, 18.4112127 ], [ 73.7467039, 18.4111389 ], [ 73.7468863, 18.4110651 ], [ 73.7470596, 18.4109635 ], [ 73.7466958, 18.4109531 ], [ 73.7463374, 18.4109205 ], [ 73.7461017, 18.4109926 ], [ 73.7458737, 18.4110969 ], [ 73.7455415, 18.4112364 ], [ 73.7454222, 18.4112226 ], [ 73.7452555, 18.4111071 ], [ 73.7450496, 18.4107758 ], [ 73.7450181, 18.4104378 ], [ 73.7448826, 18.410406 ], [ 73.7448023, 18.41035 ], [ 73.7447821, 18.4102736 ], [ 73.7447003, 18.4102571 ], [ 73.7445648, 18.4102711 ], [ 73.7444615, 18.4103156 ], [ 73.7444173, 18.4103844 ], [ 73.744369, 18.4104429 ], [ 73.7444106, 18.4104658 ], [ 73.744428, 18.4105001 ], [ 73.7444079, 18.410551 ], [ 73.7443563, 18.4105517 ], [ 73.7443288, 18.4105141 ], [ 73.7443318, 18.4104594 ], [ 73.7434028, 18.4102018 ], [ 73.7430829, 18.410037 ], [ 73.7430346, 18.4099224 ], [ 73.7430203, 18.4098011 ], [ 73.743058, 18.4093036 ], [ 73.7429059, 18.4091819 ], [ 73.7429032, 18.4090673 ], [ 73.7429921, 18.4088026 ], [ 73.7428442, 18.408739 ], [ 73.7424435, 18.4087025 ], [ 73.7418095, 18.40868 ], [ 73.7416989, 18.4086907 ], [ 73.7416103, 18.4087187 ], [ 73.7415795, 18.4086614 ], [ 73.7415682, 18.40859 ], [ 73.7407172, 18.4079985 ], [ 73.7402072, 18.4077532 ], [ 73.7399621, 18.4076129 ], [ 73.7396746, 18.4074929 ], [ 73.7393385, 18.4069118 ], [ 73.7392607, 18.406871 ], [ 73.7392259, 18.406782 ], [ 73.7390515, 18.4064969 ], [ 73.7390113, 18.4063519 ], [ 73.7389435, 18.4062367 ], [ 73.7388369, 18.4062272 ], [ 73.7386438, 18.4062857 ], [ 73.7384909, 18.4062984 ], [ 73.7383363, 18.406279 ], [ 73.7378365, 18.4060821 ], [ 73.7377346, 18.4059905 ], [ 73.7374529, 18.4060617 ], [ 73.7374207, 18.4061584 ], [ 73.7372437, 18.4061864 ], [ 73.7372196, 18.4062501 ], [ 73.7371767, 18.4062984 ], [ 73.7371311, 18.4062526 ], [ 73.7371042, 18.4061839 ], [ 73.7369272, 18.4061432 ], [ 73.7368521, 18.4062679 ], [ 73.7366275, 18.4062855 ], [ 73.7365745, 18.406245 ], [ 73.7365624, 18.4062055 ], [ 73.7365772, 18.4061343 ], [ 73.7365396, 18.4061228 ], [ 73.7365074, 18.406091 ], [ 73.7364793, 18.406049 ], [ 73.7364699, 18.4060007 ], [ 73.7363425, 18.405965 ], [ 73.736199, 18.4059688 ], [ 73.7360676, 18.4060452 ], [ 73.7360179, 18.4060503 ], [ 73.7359718, 18.4060237 ], [ 73.7359214, 18.4059319 ], [ 73.7358543, 18.4059167 ], [ 73.7357698, 18.4059167 ], [ 73.7356961, 18.405867 ], [ 73.7356371, 18.4058021 ], [ 73.7356304, 18.4057029 ], [ 73.7356786, 18.4056774 ], [ 73.7357135, 18.4056304 ], [ 73.7357197, 18.4054972 ], [ 73.7356585, 18.4054866 ], [ 73.7355955, 18.4055247 ], [ 73.7355244, 18.4055171 ], [ 73.7354735, 18.4054789 ], [ 73.735452, 18.4053848 ], [ 73.735503, 18.4052931 ], [ 73.7353742, 18.4052906 ], [ 73.7350926, 18.405316 ], [ 73.7348941, 18.4053135 ], [ 73.734719, 18.4054284 ], [ 73.734591, 18.4054535 ], [ 73.7344703, 18.4055171 ], [ 73.7342986, 18.4055044 ], [ 73.7342396, 18.4055705 ], [ 73.7341994, 18.4058785 ], [ 73.7341538, 18.4059498 ], [ 73.734076, 18.4059243 ], [ 73.7340645, 18.4058507 ], [ 73.7340492, 18.4055222 ], [ 73.7339151, 18.4053924 ], [ 73.7338373, 18.4055171 ], [ 73.7337314, 18.4055068 ], [ 73.7336737, 18.405428 ], [ 73.7336884, 18.405358 ], [ 73.7337622, 18.4052881 ], [ 73.7337918, 18.4052133 ], [ 73.7336066, 18.4048809 ], [ 73.7334993, 18.4047205 ], [ 73.7333545, 18.4046645 ], [ 73.7333223, 18.4045704 ], [ 73.7330943, 18.4045373 ], [ 73.7330943, 18.4045984 ], [ 73.7331533, 18.4046976 ], [ 73.7330916, 18.4047841 ], [ 73.7329817, 18.4047892 ], [ 73.7328932, 18.4047332 ], [ 73.7328905, 18.4046493 ], [ 73.7329388, 18.4045958 ], [ 73.7329441, 18.4045424 ], [ 73.7326974, 18.4045122 ], [ 73.7326598, 18.4043948 ], [ 73.7325046, 18.4043322 ], [ 73.7322468, 18.4042268 ], [ 73.7319688, 18.4042477 ], [ 73.7315195, 18.4050655 ], [ 73.7314061, 18.4057759 ], [ 73.731304, 18.4062494 ], [ 73.7308163, 18.4066154 ], [ 73.7296252, 18.4068306 ], [ 73.7284456, 18.4065616 ], [ 73.7278784, 18.4059481 ], [ 73.7273907, 18.4049902 ], [ 73.726608, 18.4043552 ], [ 73.726608, 18.4039677 ], [ 73.7266534, 18.4036771 ], [ 73.7260522, 18.4037632 ], [ 73.7254396, 18.403591 ], [ 73.7248104, 18.4032937 ], [ 73.7246464, 18.4038162 ], [ 73.7248838, 18.4041937 ], [ 73.7253035, 18.404635 ], [ 73.7252014, 18.4051409 ], [ 73.7247477, 18.4053454 ], [ 73.723103, 18.4049041 ], [ 73.7216964, 18.4046781 ], [ 73.7207323, 18.4036556 ], [ 73.7200744, 18.40273 ], [ 73.7197794, 18.4022779 ], [ 73.7190308, 18.401094 ], [ 73.7190195, 18.4004482 ], [ 73.718475, 18.4002114 ], [ 73.7173407, 18.3992642 ], [ 73.7165807, 18.3983171 ], [ 73.7163879, 18.3977143 ], [ 73.7153216, 18.3978973 ], [ 73.7149246, 18.3975636 ], [ 73.714936, 18.3969501 ], [ 73.7146977, 18.3964658 ], [ 73.7150721, 18.395637 ], [ 73.7144142, 18.3959169 ], [ 73.713813, 18.3959491 ], [ 73.7131664, 18.3961967 ], [ 73.7125993, 18.396229 ], [ 73.7119981, 18.3961536 ], [ 73.7116805, 18.3961106 ], [ 73.7110765, 18.3943842 ], [ 73.7108071, 18.3949051 ], [ 73.7110226, 18.3952495 ], [ 73.7108524, 18.3953787 ], [ 73.710671, 18.3953894 ], [ 73.7102626, 18.3950665 ], [ 73.7101945, 18.3954002 ], [ 73.7096501, 18.3955832 ], [ 73.7092531, 18.3955509 ], [ 73.7089241, 18.3957662 ], [ 73.7083116, 18.3960137 ], [ 73.7078352, 18.3958523 ], [ 73.7071785, 18.3958528 ], [ 73.7070639, 18.3960783 ], [ 73.706111, 18.3958953 ], [ 73.7050334, 18.3957123 ], [ 73.7043075, 18.395863 ], [ 73.7040806, 18.3957123 ], [ 73.7037744, 18.3960352 ], [ 73.7031391, 18.3964443 ], [ 73.7027081, 18.3964873 ], [ 73.7020727, 18.3961512 ], [ 73.701239, 18.3956077 ], [ 73.7006071, 18.3950434 ], [ 73.6998692, 18.3952337 ], [ 73.6993106, 18.3957584 ], [ 73.6988172, 18.3956723 ], [ 73.698337, 18.3958649 ], [ 73.6977595, 18.3950124 ], [ 73.6977676, 18.3945786 ], [ 73.6973826, 18.3940154 ], [ 73.6969254, 18.3937642 ], [ 73.6960816, 18.3927353 ], [ 73.6959979, 18.3920681 ], [ 73.6960701, 18.3916951 ], [ 73.696391, 18.3913527 ], [ 73.696543, 18.3911295 ], [ 73.6961067, 18.391048 ], [ 73.6953648, 18.3910781 ], [ 73.6948269, 18.390759 ], [ 73.6942761, 18.3898858 ], [ 73.693442, 18.3894748 ] ] ] } },
{ "type": "Feature", "properties": { "osm_id": 28217633, "name": "Suicide Lake", "water": "", "natural": "water", "landuse": "", "operator": "" }, "geometry": { "type": "Polygon", "coordinates": [ [ [ 73.9011806, 18.5841512 ], [ 73.9009661, 18.5842631 ], [ 73.9008159, 18.5843546 ], [ 73.9007331, 18.5845016 ], [ 73.9005476, 18.5849648 ], [ 73.9005614, 18.5851362 ], [ 73.9007515, 18.5854122 ], [ 73.9009477, 18.5854779 ], [ 73.9014381, 18.5853715 ], [ 73.9016343, 18.5854128 ], [ 73.9021493, 18.5853152 ], [ 73.9022428, 18.5852495 ], [ 73.9022642, 18.585158 ], [ 73.902275, 18.5850665 ], [ 73.9022321, 18.5848122 ], [ 73.9021355, 18.584619 ], [ 73.9020819, 18.5844563 ], [ 73.9019853, 18.5843953 ], [ 73.9019102, 18.5844258 ], [ 73.9016849, 18.5843953 ], [ 73.9017278, 18.5842631 ], [ 73.9016098, 18.5842326 ], [ 73.9014274, 18.584141 ], [ 73.9011806, 18.5841512 ] ] ] } },
{ "type": "Feature", "properties": { "osm_id": 53273788, "name": "Lakaki Talav", "water": "lake", "natural": "water", "landuse": "", "operator": "" }, "geometry": { "type": "Polygon", "coordinates": [ [ [ 73.8412324, 18.5288085 ], [ 73.8411948, 18.5288295 ], [ 73.8411874, 18.5288486 ], [ 73.8411861, 18.5288677 ], [ 73.8411894, 18.5288919 ], [ 73.8412069, 18.5289473 ], [ 73.841221, 18.5289772 ], [ 73.8412432, 18.5289855 ], [ 73.8412808, 18.5289982 ], [ 73.8413143, 18.5290148 ], [ 73.8413492, 18.5290403 ], [ 73.8414788, 18.5291905 ], [ 73.841499, 18.5292363 ], [ 73.8415184, 18.5292701 ], [ 73.841546, 18.5292923 ], [ 73.8415721, 18.5292949 ], [ 73.8416118, 18.5292815 ], [ 73.8416433, 18.5292815 ], [ 73.8416869, 18.5293044 ], [ 73.8417151, 18.5293363 ], [ 73.8417225, 18.5293923 ], [ 73.8417306, 18.5294235 ], [ 73.8417514, 18.5294489 ], [ 73.841785, 18.5294693 ], [ 73.8418239, 18.5294687 ], [ 73.8418783, 18.5294674 ], [ 73.8419864, 18.5295202 ], [ 73.8420206, 18.5295476 ], [ 73.8420253, 18.5295744 ], [ 73.8420159, 18.5296043 ], [ 73.8419756, 18.5296355 ], [ 73.8419548, 18.5296851 ], [ 73.8419515, 18.5297131 ], [ 73.8419515, 18.5297641 ], [ 73.8419481, 18.5297978 ], [ 73.8419313, 18.5298506 ], [ 73.8419078, 18.5298856 ], [ 73.8418823, 18.5299175 ], [ 73.8418756, 18.5299531 ], [ 73.8419018, 18.5299856 ], [ 73.8419186, 18.5300193 ], [ 73.8419233, 18.5300524 ], [ 73.8419334, 18.5300652 ], [ 73.8420522, 18.5300703 ], [ 73.8425685, 18.529843 ], [ 73.8425814, 18.5298276 ], [ 73.8425843, 18.5298132 ], [ 73.8425843, 18.5297988 ], [ 73.8424627, 18.5296449 ], [ 73.8424399, 18.5296116 ], [ 73.84242, 18.5295548 ], [ 73.84242, 18.529508 ], [ 73.842438, 18.5294504 ], [ 73.8424789, 18.5294054 ], [ 73.8425406, 18.5293622 ], [ 73.8426089, 18.5293154 ], [ 73.8426545, 18.529247 ], [ 73.8426783, 18.5291983 ], [ 73.8426896, 18.5291254 ], [ 73.8426697, 18.5290543 ], [ 73.8425862, 18.5289814 ], [ 73.8425149, 18.5289202 ], [ 73.8424893, 18.528885 ], [ 73.8424532, 18.5288463 ], [ 73.8423402, 18.5288058 ], [ 73.84225, 18.5287653 ], [ 73.8421684, 18.5287086 ], [ 73.8420744, 18.5286438 ], [ 73.8420051, 18.5286078 ], [ 73.8419462, 18.5286042 ], [ 73.8419263, 18.5286096 ], [ 73.8419101, 18.5286285 ], [ 73.8419073, 18.5286483 ], [ 73.8419082, 18.5286654 ], [ 73.8418323, 18.528705 ], [ 73.8417857, 18.5287194 ], [ 73.8416765, 18.5287149 ], [ 73.8416319, 18.5286906 ], [ 73.8416072, 18.5286555 ], [ 73.8415949, 18.5286447 ], [ 73.8415522, 18.5286537 ], [ 73.8414553, 18.5287383 ], [ 73.8414116, 18.5287932 ], [ 73.8413604, 18.5288148 ], [ 73.8413224, 18.5288175 ], [ 73.8412768, 18.5288121 ], [ 73.8412324, 18.5288085 ] ] ] } },
{ "type": "Feature", "properties": { "osm_id": 54937943, "name": "Katraj Lake", "water": "lake", "natural": "water", "landuse": "", "operator": "" }, "geometry": { "type": "Polygon", "coordinates": [ [ [ 73.861787, 18.4568426 ], [ 73.8628993, 18.4564822 ], [ 73.8630294, 18.4563119 ], [ 73.8634782, 18.4559633 ], [ 73.8635465, 18.455732 ], [ 73.863514, 18.4555839 ], [ 73.8634652, 18.4554882 ], [ 73.8632929, 18.4553371 ], [ 73.8632831, 18.4552476 ], [ 73.8631498, 18.4549083 ], [ 73.8629493, 18.4547441 ], [ 73.8626489, 18.4544825 ], [ 73.8626292, 18.4543571 ], [ 73.8626094, 18.4542135 ], [ 73.8625848, 18.4539957 ], [ 73.8625661, 18.4537938 ], [ 73.8625513, 18.4535971 ], [ 73.8624863, 18.453449 ], [ 73.8623568, 18.4533323 ], [ 73.8620994, 18.4530908 ], [ 73.861962, 18.452954 ], [ 73.8618687, 18.4528539 ], [ 73.861736, 18.4527006 ], [ 73.8615822, 18.4525142 ], [ 73.8615041, 18.4522859 ], [ 73.8614005, 18.4511224 ], [ 73.8613545, 18.4503824 ], [ 73.8612374, 18.4503577 ], [ 73.8610715, 18.4503917 ], [ 73.8609772, 18.4504565 ], [ 73.8608804, 18.4505872 ], [ 73.8608854, 18.4508064 ], [ 73.8608171, 18.4509206 ], [ 73.860687, 18.4509699 ], [ 73.8605472, 18.4509915 ], [ 73.8604691, 18.4510316 ], [ 73.8603748, 18.4511396 ], [ 73.8602057, 18.4511859 ], [ 73.8599683, 18.4511921 ], [ 73.8597016, 18.4513587 ], [ 73.8599, 18.4513802 ], [ 73.8600333, 18.4514296 ], [ 73.8601374, 18.4515407 ], [ 73.8601829, 18.4516271 ], [ 73.8601472, 18.4517196 ], [ 73.8599195, 18.45188 ], [ 73.859887, 18.4519726 ], [ 73.8599296, 18.4522443 ], [ 73.8599595, 18.4524093 ], [ 73.8600289, 18.4527403 ], [ 73.8600955, 18.4530306 ], [ 73.8601338, 18.4531851 ], [ 73.860097, 18.453316 ], [ 73.8601154, 18.4534185 ], [ 73.8601614, 18.4534883 ], [ 73.8603063, 18.4536061 ], [ 73.8603661, 18.4537174 ], [ 73.8605156, 18.454518 ], [ 73.8608684, 18.4551094 ], [ 73.8610347, 18.4554133 ], [ 73.8611237, 18.4556001 ], [ 73.8611854, 18.4557544 ], [ 73.8612504, 18.4559522 ], [ 73.8612971, 18.4561242 ], [ 73.8613897, 18.4565303 ], [ 73.8614362, 18.4567163 ], [ 73.8615793, 18.4567996 ], [ 73.861787, 18.4568426 ] ] ] } },
{ "type": "Feature", "properties": { "osm_id": 54938001, "name": "Jambhulwadi Lake", "water": "reservoir", "natural": "water", "landuse": "", "operator": "" }, "geometry": { "type": "Polygon", "coordinates": [ [ [ 73.8392274, 18.4326651 ], [ 73.839377, 18.4328576 ], [ 73.8395062, 18.4329542 ], [ 73.8396767, 18.4330154 ], [ 73.8398466, 18.4330678 ], [ 73.839976, 18.4332207 ], [ 73.840077, 18.4334054 ], [ 73.8402491, 18.433635 ], [ 73.8403785, 18.4337243 ], [ 73.8405203, 18.4337762 ], [ 73.841269, 18.4339016 ], [ 73.8413719, 18.4339209 ], [ 73.8415587, 18.4340556 ], [ 73.841826, 18.4340097 ], [ 73.8420779, 18.4341552 ], [ 73.8422616, 18.4340999 ], [ 73.8423083, 18.4341082 ], [ 73.8428625, 18.4349854 ], [ 73.8430141, 18.4352289 ], [ 73.8431775, 18.4353644 ], [ 73.8433408, 18.4354641 ], [ 73.8434545, 18.4356356 ], [ 73.8435741, 18.4358459 ], [ 73.8437491, 18.4360285 ], [ 73.8438921, 18.436142 ], [ 73.844315, 18.436665 ], [ 73.84442, 18.4368697 ], [ 73.8445337, 18.4369417 ], [ 73.8447262, 18.4369029 ], [ 73.8448196, 18.4368891 ], [ 73.8450208, 18.4369555 ], [ 73.8453213, 18.4371575 ], [ 73.8454, 18.437365 ], [ 73.8455304, 18.4377545 ], [ 73.8455117, 18.437876 ], [ 73.8454583, 18.4379931 ], [ 73.8453767, 18.4381287 ], [ 73.8453329, 18.4383584 ], [ 73.8453183, 18.4386185 ], [ 73.8452396, 18.4389782 ], [ 73.8453971, 18.4390335 ], [ 73.8455021, 18.4391885 ], [ 73.8456625, 18.4392189 ], [ 73.8458083, 18.4393794 ], [ 73.8458276, 18.4395771 ], [ 73.8457323, 18.4395925 ], [ 73.8456304, 18.439609 ], [ 73.8454525, 18.4395233 ], [ 73.8451521, 18.4396339 ], [ 73.8404879, 18.4390907 ], [ 73.8405044, 18.438946 ], [ 73.8405188, 18.4386623 ], [ 73.840525, 18.4384607 ], [ 73.8405085, 18.4382983 ], [ 73.8403662, 18.4380988 ], [ 73.8403002, 18.4380146 ], [ 73.8402404, 18.4378562 ], [ 73.8401517, 18.4377838 ], [ 73.8400177, 18.4376703 ], [ 73.8399805, 18.4375666 ], [ 73.8399393, 18.4373024 ], [ 73.8398733, 18.4371224 ], [ 73.8397, 18.4368798 ], [ 73.8395577, 18.4366313 ], [ 73.8395371, 18.4365687 ], [ 73.8395433, 18.4364572 ], [ 73.8394959, 18.4363183 ], [ 73.8393783, 18.4361442 ], [ 73.8392607, 18.4360444 ], [ 73.8391329, 18.4357626 ], [ 73.8391019, 18.435608 ], [ 73.8391143, 18.4355474 ], [ 73.8391494, 18.43543 ], [ 73.8391164, 18.435293 ], [ 73.8390957, 18.4352304 ], [ 73.8391184, 18.4351737 ], [ 73.8390566, 18.4350798 ], [ 73.8389823, 18.4349037 ], [ 73.838972, 18.4347628 ], [ 73.8390297, 18.4345906 ], [ 73.8390669, 18.434393 ], [ 73.8390772, 18.4342619 ], [ 73.8390442, 18.4339371 ], [ 73.8390318, 18.4337493 ], [ 73.8389452, 18.4333697 ], [ 73.8389452, 18.4331779 ], [ 73.8389596, 18.4330175 ], [ 73.8390297, 18.432904 ], [ 73.8390648, 18.4328355 ], [ 73.8390194, 18.4328042 ], [ 73.8388689, 18.4327651 ], [ 73.8387781, 18.4327397 ], [ 73.8388132, 18.4326477 ], [ 73.8388709, 18.4326007 ], [ 73.8389452, 18.4326575 ], [ 73.8390339, 18.4326868 ], [ 73.8391205, 18.4326555 ], [ 73.8391741, 18.4325968 ], [ 73.8392274, 18.4326651 ] ] ] } },
{ "type": "Feature", "properties": { "osm_id": 61717203, "name": "", "water": "pond", "natural": "water", "landuse": "", "operator": "" }, "geometry": { "type": "Polygon", "coordinates": [ [ [ 73.8479716, 18.5212837 ], [ 73.848121, 18.5214738 ], [ 73.8480264, 18.5215406 ], [ 73.847877, 18.5213505 ], [ 73.8479716, 18.5212837 ] ] ] } },
{ "type": "Feature", "properties": { "osm_id": 91690071, "name": "Manas Lake", "water": "lake", "natural": "water", "landuse": "", "operator": "" }, "geometry": { "type": "Polygon", "coordinates": [ [ [ 73.7377081, 18.4981991 ], [ 73.7381632, 18.4971817 ], [ 73.7382363, 18.4969237 ], [ 73.7391493, 18.4945794 ], [ 73.7391613, 18.4945485 ], [ 73.7392123, 18.4944173 ], [ 73.7391867, 18.4943879 ], [ 73.7391045, 18.4943896 ], [ 73.7389217, 18.4944312 ], [ 73.7387316, 18.4944225 ], [ 73.7385598, 18.4943532 ], [ 73.7384538, 18.4941799 ], [ 73.7384081, 18.4938921 ], [ 73.7383076, 18.4937379 ], [ 73.7381376, 18.493568 ], [ 73.7377867, 18.4933946 ], [ 73.7376423, 18.4933773 ], [ 73.7374449, 18.4934778 ], [ 73.737136, 18.4936339 ], [ 73.7368308, 18.4936703 ], [ 73.7365914, 18.4936391 ], [ 73.7359919, 18.4933028 ], [ 73.7356629, 18.4930584 ], [ 73.735524, 18.4928989 ], [ 73.7353266, 18.4926112 ], [ 73.7350396, 18.4923876 ], [ 73.7349775, 18.4924465 ], [ 73.7349482, 18.4925678 ], [ 73.7349866, 18.4928833 ], [ 73.7349117, 18.4930809 ], [ 73.7347782, 18.4932976 ], [ 73.7346832, 18.4933513 ], [ 73.7345626, 18.4932785 ], [ 73.734462, 18.4932473 ], [ 73.7343341, 18.4933114 ], [ 73.734219, 18.4934154 ], [ 73.7342043, 18.4935472 ], [ 73.734144, 18.4935611 ], [ 73.7340234, 18.4935576 ], [ 73.7336396, 18.4939164 ], [ 73.7335939, 18.4939147 ], [ 73.7335135, 18.4938315 ], [ 73.733455, 18.4938401 ], [ 73.7333745, 18.4939424 ], [ 73.7332612, 18.4940187 ], [ 73.7324808, 18.4941799 ], [ 73.7319745, 18.4943203 ], [ 73.7318886, 18.4943965 ], [ 73.7319343, 18.4944485 ], [ 73.7318648, 18.4945664 ], [ 73.7317406, 18.4945387 ], [ 73.7316949, 18.4945456 ], [ 73.731704, 18.4946184 ], [ 73.7318923, 18.4950968 ], [ 73.7319343, 18.4951679 ], [ 73.7320568, 18.4951661 ], [ 73.7321774, 18.4952077 ], [ 73.7322066, 18.4953655 ], [ 73.7322651, 18.4955648 ], [ 73.7323931, 18.495674 ], [ 73.7324351, 18.4956913 ], [ 73.732691, 18.4957451 ], [ 73.7327004, 18.4958629 ], [ 73.7327093, 18.4959739 ], [ 73.7327385, 18.4960726 ], [ 73.7328262, 18.4961801 ], [ 73.7329578, 18.4962182 ], [ 73.7331205, 18.4963014 ], [ 73.7332978, 18.496343 ], [ 73.7336176, 18.4964574 ], [ 73.7341888, 18.4966732 ], [ 73.73476, 18.496889 ], [ 73.7348897, 18.4969064 ], [ 73.7350323, 18.497 ], [ 73.7352059, 18.497104 ], [ 73.7354106, 18.4971404 ], [ 73.7356117, 18.4972132 ], [ 73.7359827, 18.4973778 ], [ 73.7361637, 18.4975148 ], [ 73.7363099, 18.4976708 ], [ 73.7363739, 18.4977921 ], [ 73.7364451, 18.4979481 ], [ 73.7365384, 18.4980556 ], [ 73.7366809, 18.4981734 ], [ 73.7368125, 18.4982341 ], [ 73.7369697, 18.4982532 ], [ 73.7374869, 18.4982948 ], [ 73.7376131, 18.498274 ], [ 73.7376697, 18.498241 ], [ 73.7377081, 18.4981991 ] ] ] } },
{ "type": "Feature", "properties": { "osm_id": 92000607, "name": "", "water": "", "natural": "water", "landuse": "", "operator": "" }, "geometry": { "type": "Polygon", "coordinates": [ [ [ 73.7810773, 18.5461577 ], [ 73.7811122, 18.5462186 ], [ 73.7811444, 18.5462721 ], [ 73.781147, 18.5463357 ], [ 73.7812087, 18.5463891 ], [ 73.7812811, 18.5464348 ], [ 73.7813509, 18.5465035 ], [ 73.7814475, 18.5465772 ], [ 73.7815091, 18.5466078 ], [ 73.7815843, 18.5465849 ], [ 73.7816665, 18.54646 ], [ 73.7817801, 18.5463636 ], [ 73.7817479, 18.5462721 ], [ 73.7816406, 18.5461704 ], [ 73.781544, 18.5461195 ], [ 73.7814501, 18.5461398 ], [ 73.7814126, 18.5461831 ], [ 73.7812463, 18.5461932 ], [ 73.7811417, 18.5461322 ], [ 73.7810773, 18.5461577 ] ] ] } },
{ "type": "Feature", "properties": { "osm_id": 92000608, "name": "", "water": "", "natural": "water", "landuse": "", "operator": "" }, "geometry": { "type": "Polygon", "coordinates": [ [ [ 73.7818552, 18.5463636 ], [ 73.7817988, 18.5462696 ], [ 73.7818015, 18.5461577 ], [ 73.7819302, 18.5461551 ], [ 73.7820188, 18.54615 ], [ 73.782219, 18.5462591 ], [ 73.7821895, 18.5463532 ], [ 73.7821019, 18.5464068 ], [ 73.7819866, 18.5464399 ], [ 73.7818552, 18.5463636 ] ] ] } },
{ "type": "Feature", "properties": { "osm_id": 121898484, "name": "", "water": "", "natural": "water", "landuse": "", "operator": "" }, "geometry": { "type": "Polygon", "coordinates": [ [ [ 73.8683152, 18.5469735 ], [ 73.868165, 18.5470854 ], [ 73.8681167, 18.5472126 ], [ 73.8680368, 18.5473873 ], [ 73.8680685, 18.5475686 ], [ 73.8682026, 18.5476601 ], [ 73.8683158, 18.5475348 ], [ 73.8684547, 18.5475177 ], [ 73.8685995, 18.547533 ], [ 73.86868, 18.5474669 ], [ 73.8687175, 18.5473346 ], [ 73.8686264, 18.5470447 ], [ 73.8684332, 18.5470142 ], [ 73.8683152, 18.5469735 ] ] ] } },
{ "type": "Feature", "properties": { "osm_id": 125530807, "name": "", "water": "", "natural": "water", "landuse": "", "operator": "" }, "geometry": { "type": "Polygon", "coordinates": [ [ [ 73.9512062, 18.4323877 ], [ 73.9510345, 18.4322248 ], [ 73.9506912, 18.4322248 ], [ 73.9500046, 18.4328762 ], [ 73.9488299, 18.433071 ], [ 73.9488536, 18.4342238 ], [ 73.9501225, 18.4349549 ], [ 73.9508629, 18.4333648 ], [ 73.9512062, 18.4323877 ] ] ] } },
{ "type": "Feature", "properties": { "osm_id": 125530814, "name": "", "water": "", "natural": "water", "landuse": "", "operator": "" }, "geometry": { "type": "Polygon", "coordinates": [ [ [ 73.9153504, 18.4304028 ], [ 73.9160946, 18.4295897 ], [ 73.916552, 18.4290898 ], [ 73.9155221, 18.4282858 ], [ 73.9154363, 18.4266877 ], [ 73.9150943, 18.4267895 ], [ 73.9149883, 18.4271559 ], [ 73.9149696, 18.4274613 ], [ 73.9145887, 18.4280618 ], [ 73.9142413, 18.4288736 ], [ 73.9145914, 18.429095 ], [ 73.9147335, 18.4296599 ], [ 73.9145458, 18.4306676 ], [ 73.91505, 18.4306472 ], [ 73.9153504, 18.4304028 ] ] ] } },
{ "type": "Feature", "properties": { "osm_id": 125530830, "name": "", "water": "", "natural": "water", "landuse": "", "operator": "" }, "geometry": { "type": "Polygon", "coordinates": [ [ [ 73.9518546, 18.40444 ], [ 73.9521204, 18.404546 ], [ 73.9523473, 18.4046375 ], [ 73.9527603, 18.4048014 ], [ 73.9527298, 18.4048239 ], [ 73.952718, 18.4048689 ], [ 73.9527874, 18.4048833 ], [ 73.9528365, 18.4049058 ], [ 73.9527637, 18.4049604 ], [ 73.9526672, 18.4050937 ], [ 73.952635, 18.4052046 ], [ 73.9526113, 18.4053025 ], [ 73.9525978, 18.4053909 ], [ 73.952635, 18.4054519 ], [ 73.952674, 18.4054985 ], [ 73.9526367, 18.4054969 ], [ 73.9525555, 18.4055435 ], [ 73.9525199, 18.4055403 ], [ 73.9524878, 18.4054905 ], [ 73.9524658, 18.405407 ], [ 73.9524167, 18.4053861 ], [ 73.9523811, 18.4053893 ], [ 73.9523049, 18.4054535 ], [ 73.9522558, 18.4055146 ], [ 73.9521678, 18.405574 ], [ 73.9521153, 18.405566 ], [ 73.9520578, 18.4055724 ], [ 73.9520155, 18.405611 ], [ 73.9519393, 18.4056174 ], [ 73.9518749, 18.4056431 ], [ 73.9518614, 18.405574 ], [ 73.9518292, 18.4055596 ], [ 73.9517649, 18.4055853 ], [ 73.9517023, 18.4055901 ], [ 73.9516633, 18.4055355 ], [ 73.9516075, 18.4054503 ], [ 73.9515736, 18.4054327 ], [ 73.9515364, 18.4053588 ], [ 73.9515161, 18.4052254 ], [ 73.9515601, 18.4051226 ], [ 73.9515939, 18.405068 ], [ 73.951643, 18.4049813 ], [ 73.95166, 18.4049588 ], [ 73.9516616, 18.4049026 ], [ 73.9516633, 18.4048528 ], [ 73.9516921, 18.4048078 ], [ 73.9517006, 18.4047468 ], [ 73.951704, 18.4046665 ], [ 73.951682, 18.4045942 ], [ 73.9516803, 18.4045235 ], [ 73.9516955, 18.4044753 ], [ 73.9517311, 18.4044544 ], [ 73.9518546, 18.40444 ] ] ] } },
{ "type": "Feature", "properties": { "osm_id": 125530848, "name": "Sai Angan Lake", "water": "", "natural": "water", "landuse": "", "operator": "" }, "geometry": { "type": "Polygon", "coordinates": [ [ [ 73.8864469, 18.4257308 ], [ 73.886404, 18.4259548 ], [ 73.8863397, 18.426362 ], [ 73.8864469, 18.4268506 ], [ 73.8876157, 18.4269738 ], [ 73.8879919, 18.4270134 ], [ 73.8880349, 18.426362 ], [ 73.8881851, 18.4254662 ], [ 73.8884854, 18.4250387 ], [ 73.8874769, 18.4253237 ], [ 73.8868546, 18.4253848 ], [ 73.8864469, 18.4257308 ] ] ] } },
{ "type": "Feature", "properties": { "osm_id": 136893535, "name": "Vishrantwadi Lake", "water": "lake", "natural": "water", "landuse": "", "operator": "" }, "geometry": { "type": "Polygon", "coordinates": [ [ [ 73.8807467, 18.5760059 ], [ 73.880744, 18.5759531 ], [ 73.8807492, 18.5758993 ], [ 73.8807815, 18.5758247 ], [ 73.8807982, 18.5757538 ], [ 73.8807815, 18.5755802 ], [ 73.880784, 18.5754799 ], [ 73.8807982, 18.5754029 ], [ 73.8808111, 18.5753528 ], [ 73.8808305, 18.5753161 ], [ 73.8808962, 18.5752305 ], [ 73.8809195, 18.5751865 ], [ 73.8809414, 18.5750386 ], [ 73.8809646, 18.5749933 ], [ 73.8809401, 18.5748943 ], [ 73.8809543, 18.5748723 ], [ 73.8809762, 18.5748588 ], [ 73.8810175, 18.5747989 ], [ 73.8811245, 18.5747207 ], [ 73.8811955, 18.5746889 ], [ 73.8812729, 18.5746657 ], [ 73.8814625, 18.5746596 ], [ 73.8815515, 18.5746412 ], [ 73.8816031, 18.5746363 ], [ 73.8817088, 18.5746363 ], [ 73.8817901, 18.574629 ], [ 73.881941, 18.5746669 ], [ 73.882048, 18.5746681 ], [ 73.8821203, 18.5746975 ], [ 73.8821448, 18.5747464 ], [ 73.8821615, 18.5747953 ], [ 73.8821899, 18.5749261 ], [ 73.8822002, 18.57503 ], [ 73.8822273, 18.5751657 ], [ 73.8822157, 18.5752892 ], [ 73.8822054, 18.5753418 ], [ 73.8821229, 18.575475 ], [ 73.8820958, 18.5755288 ], [ 73.8820558, 18.5755716 ], [ 73.8820287, 18.575645 ], [ 73.8820145, 18.575667 ], [ 73.8819655, 18.5756951 ], [ 73.8819062, 18.5757611 ], [ 73.8818868, 18.5758088 ], [ 73.8818817, 18.5758333 ], [ 73.8818933, 18.5758565 ], [ 73.8819139, 18.5758724 ], [ 73.8819345, 18.5759189 ], [ 73.8819049, 18.5760191 ], [ 73.8819204, 18.5760729 ], [ 73.8819565, 18.576145 ], [ 73.8819965, 18.5762467 ], [ 73.8820456, 18.5763971 ], [ 73.8820456, 18.576446 ], [ 73.8820649, 18.5766257 ], [ 73.8820649, 18.5766734 ], [ 73.8820533, 18.5766979 ], [ 73.8820365, 18.5767174 ], [ 73.8820352, 18.5767419 ], [ 73.882043, 18.5767663 ], [ 73.8820327, 18.5767896 ], [ 73.8819669, 18.5768727 ], [ 73.8819617, 18.5768972 ], [ 73.8819733, 18.5769986 ], [ 73.8819875, 18.5770732 ], [ 73.882003, 18.5771221 ], [ 73.882003, 18.5772273 ], [ 73.8819824, 18.5772737 ], [ 73.8819811, 18.5772982 ], [ 73.8819875, 18.5773238 ], [ 73.882043, 18.5774131 ], [ 73.8820546, 18.5774608 ], [ 73.8820752, 18.577506 ], [ 73.8820752, 18.5775329 ], [ 73.8820868, 18.5775549 ], [ 73.8821358, 18.5775867 ], [ 73.8821668, 18.577627 ], [ 73.8822145, 18.5776527 ], [ 73.8822558, 18.5776882 ], [ 73.8823035, 18.5777126 ], [ 73.882359, 18.577731 ], [ 73.8823796, 18.5777469 ], [ 73.8823745, 18.577797 ], [ 73.8823758, 18.5778471 ], [ 73.8823835, 18.5778728 ], [ 73.8823964, 18.5778936 ], [ 73.8824235, 18.5778997 ], [ 73.8824441, 18.5779192 ], [ 73.8824364, 18.5779926 ], [ 73.8824454, 18.5780427 ], [ 73.8824622, 18.5780623 ], [ 73.8824893, 18.578055 ], [ 73.8825086, 18.5780378 ], [ 73.882537, 18.5780354 ], [ 73.8825589, 18.5780207 ], [ 73.882577, 18.5779999 ], [ 73.8826028, 18.5779914 ], [ 73.8827176, 18.5779938 ], [ 73.8827433, 18.5780024 ], [ 73.882813, 18.5780403 ], [ 73.8828401, 18.5780464 ], [ 73.8829471, 18.5780427 ], [ 73.8830568, 18.5780696 ], [ 73.8831161, 18.5780757 ], [ 73.8831729, 18.5780721 ], [ 73.883227, 18.5780598 ], [ 73.8832993, 18.5780232 ], [ 73.8833534, 18.5780073 ], [ 73.8834089, 18.5780122 ], [ 73.8834334, 18.5780219 ], [ 73.8834631, 18.5780207 ], [ 73.8834889, 18.5780122 ], [ 73.8835121, 18.5779963 ], [ 73.8835637, 18.5779963 ], [ 73.8836462, 18.5780219 ], [ 73.8837249, 18.5780281 ], [ 73.8837791, 18.5780415 ], [ 73.8838384, 18.5780904 ], [ 73.8838668, 18.578165 ], [ 73.8838784, 18.5782151 ], [ 73.88389, 18.5782383 ], [ 73.8838681, 18.5782506 ], [ 73.8838165, 18.5782273 ], [ 73.8837997, 18.5782457 ], [ 73.8837997, 18.5782726 ], [ 73.8838074, 18.5782982 ], [ 73.883859, 18.5783569 ], [ 73.8839029, 18.5783863 ], [ 73.8839429, 18.578467 ], [ 73.883948, 18.5785697 ], [ 73.8839442, 18.5785941 ], [ 73.8838822, 18.578709 ], [ 73.8838758, 18.5787604 ], [ 73.8838655, 18.5787836 ], [ 73.8838552, 18.5788337 ], [ 73.8838616, 18.5788594 ], [ 73.8838874, 18.5789071 ], [ 73.8838848, 18.5789316 ], [ 73.8838371, 18.578956 ], [ 73.8838216, 18.5789756 ], [ 73.8838423, 18.5790232 ], [ 73.8838461, 18.5790526 ], [ 73.8838526, 18.5791015 ], [ 73.88385, 18.5791773 ], [ 73.8838397, 18.5792262 ], [ 73.8838216, 18.5792763 ], [ 73.88381, 18.5792996 ], [ 73.8837791, 18.5793387 ], [ 73.8837584, 18.5793533 ], [ 73.8837339, 18.5793619 ], [ 73.8836578, 18.5793754 ], [ 73.8836307, 18.5793876 ], [ 73.8835779, 18.5794181 ], [ 73.883565, 18.5794401 ], [ 73.8835469, 18.5794585 ], [ 73.8835224, 18.5794622 ], [ 73.8834398, 18.5794609 ], [ 73.8834179, 18.5794744 ], [ 73.8833921, 18.5794683 ], [ 73.8833689, 18.579456 ], [ 73.8833186, 18.5794634 ], [ 73.8832657, 18.5794634 ], [ 73.8831638, 18.5794426 ], [ 73.8830839, 18.5794438 ], [ 73.8830581, 18.5794401 ], [ 73.8830374, 18.579423 ], [ 73.8830103, 18.5794206 ], [ 73.8829575, 18.5794328 ], [ 73.8828826, 18.5794401 ], [ 73.8828569, 18.5794487 ], [ 73.8828065, 18.5794793 ], [ 73.8827717, 18.5795159 ], [ 73.8827498, 18.579527 ], [ 73.882675, 18.5795477 ], [ 73.8826492, 18.579549 ], [ 73.8826221, 18.5795441 ], [ 73.8825963, 18.5795343 ], [ 73.8825512, 18.5795062 ], [ 73.8824996, 18.5794878 ], [ 73.8824067, 18.5794365 ], [ 73.882359, 18.5794096 ], [ 73.8822984, 18.5793619 ], [ 73.8822739, 18.5793497 ], [ 73.8821745, 18.5793301 ], [ 73.8821487, 18.5793203 ], [ 73.8821307, 18.5793008 ], [ 73.8821229, 18.5792775 ], [ 73.8820726, 18.5791859 ], [ 73.8820546, 18.5791638 ], [ 73.8820082, 18.5791345 ], [ 73.8819566, 18.5791137 ], [ 73.8818495, 18.5790917 ], [ 73.8817489, 18.5790611 ], [ 73.8816689, 18.5790575 ], [ 73.881647, 18.5790453 ], [ 73.881629, 18.5790269 ], [ 73.8816173, 18.5790049 ], [ 73.8816044, 18.5789303 ], [ 73.8815838, 18.5788839 ], [ 73.8815206, 18.5788337 ], [ 73.8815038, 18.578813 ], [ 73.8814974, 18.5787127 ], [ 73.8814884, 18.5786614 ], [ 73.8814561, 18.5785904 ], [ 73.8814007, 18.5785318 ], [ 73.8814007, 18.5784291 ], [ 73.8813929, 18.5783533 ], [ 73.88138, 18.5782714 ], [ 73.8813658, 18.5782176 ], [ 73.8813607, 18.5781173 ], [ 73.8813542, 18.5780916 ], [ 73.8813181, 18.5780207 ], [ 73.8813001, 18.5780024 ], [ 73.8812846, 18.5779535 ], [ 73.8812549, 18.5779095 ], [ 73.8812459, 18.5778862 ], [ 73.8812317, 18.577786 ], [ 73.8811853, 18.5777224 ], [ 73.8811711, 18.5776735 ], [ 73.8811659, 18.5776234 ], [ 73.8811427, 18.5776112 ], [ 73.8811285, 18.5775891 ], [ 73.8811311, 18.577539 ], [ 73.881144, 18.5774877 ], [ 73.881144, 18.5774363 ], [ 73.881113, 18.5773532 ], [ 73.8811169, 18.5773018 ], [ 73.8811143, 18.577248 ], [ 73.8811053, 18.5771979 ], [ 73.8810795, 18.5771515 ], [ 73.8810447, 18.5771148 ], [ 73.8810382, 18.5770903 ], [ 73.8810408, 18.5769607 ], [ 73.8810601, 18.5768678 ], [ 73.8810589, 18.5768434 ], [ 73.8810008, 18.5766991 ], [ 73.8809828, 18.5765194 ], [ 73.8809583, 18.5764448 ], [ 73.8809454, 18.5764216 ], [ 73.8808963, 18.5763604 ], [ 73.8808731, 18.5763127 ], [ 73.8808306, 18.5762479 ], [ 73.8808022, 18.5760951 ], [ 73.8807816, 18.5760474 ], [ 73.8807467, 18.5760059 ] ] ] } },
{ "type": "Feature", "properties": { "osm_id": 136893577, "name": "CME Lake", "water": "lake", "natural": "water", "landuse": "", "operator": "" }, "geometry": { "type": "Polygon", "coordinates": [ [ [ 73.8454199, 18.6073061 ], [ 73.8453984, 18.6073264 ], [ 73.8454199, 18.6073874 ], [ 73.8456345, 18.6073468 ], [ 73.845849, 18.6074281 ], [ 73.8459778, 18.6073874 ], [ 73.8460636, 18.6073061 ], [ 73.8462782, 18.6072248 ], [ 73.8465357, 18.6073874 ], [ 73.8467932, 18.6072654 ], [ 73.8470292, 18.6076518 ], [ 73.8471365, 18.6077535 ], [ 73.8472652, 18.6077535 ], [ 73.8473511, 18.6078755 ], [ 73.8474584, 18.6079365 ], [ 73.8474369, 18.6080789 ], [ 73.8472867, 18.6081805 ], [ 73.8473296, 18.6082212 ], [ 73.8473296, 18.6085059 ], [ 73.8474154, 18.6085466 ], [ 73.8474154, 18.6086279 ], [ 73.8475013, 18.6087093 ], [ 73.8475442, 18.608994 ], [ 73.8476086, 18.609055 ], [ 73.8480377, 18.6090957 ], [ 73.8481236, 18.609055 ], [ 73.8482952, 18.6091363 ], [ 73.8484669, 18.6090957 ], [ 73.8487244, 18.6093804 ], [ 73.8488102, 18.6093397 ], [ 73.8490677, 18.6093397 ], [ 73.849175, 18.6094414 ], [ 73.8490891, 18.6095634 ], [ 73.8491106, 18.6096244 ], [ 73.8493252, 18.6095431 ], [ 73.849411, 18.609421 ], [ 73.8494539, 18.6095431 ], [ 73.8495398, 18.6095431 ], [ 73.8496041, 18.6093194 ], [ 73.8495612, 18.6092787 ], [ 73.849647, 18.6091973 ], [ 73.849647, 18.6089533 ], [ 73.8495398, 18.6088516 ], [ 73.8493681, 18.608933 ], [ 73.849175, 18.6088313 ], [ 73.8492608, 18.6087093 ], [ 73.8493037, 18.6085059 ], [ 73.8493896, 18.6084246 ], [ 73.8493896, 18.6081399 ], [ 73.8495612, 18.6079772 ], [ 73.8495612, 18.6078145 ], [ 73.8496685, 18.6077128 ], [ 73.8501406, 18.6076722 ], [ 73.8502479, 18.6076111 ], [ 73.8502479, 18.6072858 ], [ 73.8501406, 18.6072248 ], [ 73.8500977, 18.6073061 ], [ 73.8500762, 18.6072858 ], [ 73.850162, 18.6071231 ], [ 73.8499904, 18.606879 ], [ 73.8500762, 18.6067164 ], [ 73.8500762, 18.606635 ], [ 73.8499045, 18.6064723 ], [ 73.8499045, 18.6063503 ], [ 73.8499475, 18.6063096 ], [ 73.8498187, 18.6061469 ], [ 73.8498187, 18.6060249 ], [ 73.8497758, 18.6059843 ], [ 73.8498187, 18.6058622 ], [ 73.8498187, 18.6056589 ], [ 73.8497758, 18.6056182 ], [ 73.8497758, 18.6054555 ], [ 73.8498187, 18.6054148 ], [ 73.8497972, 18.6053132 ], [ 73.8496685, 18.6054758 ], [ 73.8493252, 18.6054758 ], [ 73.8491106, 18.6053538 ], [ 73.8490248, 18.6053538 ], [ 73.8487029, 18.6050895 ], [ 73.8487029, 18.6049674 ], [ 73.8485527, 18.6047844 ], [ 73.8484669, 18.6047437 ], [ 73.8482952, 18.6048658 ], [ 73.8481894, 18.6049282 ], [ 73.8480592, 18.6050488 ], [ 73.8479304, 18.6051301 ], [ 73.8478661, 18.6052318 ], [ 73.8478094, 18.6052499 ], [ 73.8477938, 18.6052767 ], [ 73.8477648, 18.6052924 ], [ 73.8476967, 18.6053164 ], [ 73.847611, 18.6053451 ], [ 73.8475202, 18.6053666 ], [ 73.8474148, 18.6054619 ], [ 73.8472861, 18.6055119 ], [ 73.8472231, 18.605548 ], [ 73.8471439, 18.6055945 ], [ 73.8470465, 18.6056507 ], [ 73.8469557, 18.6056865 ], [ 73.8468649, 18.6057535 ], [ 73.8467107, 18.6058469 ], [ 73.8465793, 18.6059165 ], [ 73.8465062, 18.6059426 ], [ 73.8464129, 18.6060004 ], [ 73.8463119, 18.606046 ], [ 73.8462602, 18.6061286 ], [ 73.846146, 18.6061378 ], [ 73.8459818, 18.6062742 ], [ 73.8458276, 18.6063096 ], [ 73.8453984, 18.606635 ], [ 73.845377, 18.6067367 ], [ 73.8452697, 18.606757 ], [ 73.8452697, 18.606879 ], [ 73.8453984, 18.6070011 ], [ 73.8452697, 18.6070824 ], [ 73.8452697, 18.6071637 ], [ 73.8453555, 18.6072044 ], [ 73.8454199, 18.6073061 ] ] ] } },
{ "type": "Feature", "properties": { "osm_id": 136894891, "name": "", "water": "", "natural": "water", "landuse": "", "operator": "" }, "geometry": { "type": "Polygon", "coordinates": [ [ [ 73.7083268, 18.6065943 ], [ 73.7083268, 18.606513 ], [ 73.708241, 18.6064723 ], [ 73.7082839, 18.6063503 ], [ 73.7080693, 18.6063096 ], [ 73.7079003, 18.6063376 ], [ 73.7078708, 18.6064876 ], [ 73.7078977, 18.606635 ], [ 73.7080533, 18.6067672 ], [ 73.7081658, 18.6069706 ], [ 73.7083215, 18.6069451 ], [ 73.7083268, 18.6065943 ] ] ] } },
{ "type": "Feature", "properties": { "osm_id": 136894903, "name": "", "water": "", "natural": "water", "landuse": "", "operator": "" }, "geometry": { "type": "Polygon", "coordinates": [ [ [ 73.7046442, 18.6090855 ], [ 73.7045852, 18.6091516 ], [ 73.7046415, 18.6092736 ], [ 73.7046816, 18.6094109 ], [ 73.7047702, 18.6095024 ], [ 73.7049151, 18.6095151 ], [ 73.7054301, 18.6093981 ], [ 73.7055239, 18.6094159 ], [ 73.7057197, 18.6094058 ], [ 73.7057948, 18.6092787 ], [ 73.7057519, 18.609116 ], [ 73.7057948, 18.6090753 ], [ 73.7058994, 18.609027 ], [ 73.7059477, 18.6088923 ], [ 73.7060202, 18.6088237 ], [ 73.7060952, 18.6087233 ], [ 73.7060094, 18.6086686 ], [ 73.7060308, 18.6085416 ], [ 73.7060523, 18.6084246 ], [ 73.7060523, 18.6082619 ], [ 73.7059879, 18.6082009 ], [ 73.7055159, 18.6082009 ], [ 73.7054515, 18.6082619 ], [ 73.7051966, 18.6082542 ], [ 73.7050894, 18.608239 ], [ 73.7049607, 18.6082034 ], [ 73.7048185, 18.6082733 ], [ 73.7047567, 18.608389 ], [ 73.704738, 18.6085517 ], [ 73.7047353, 18.608722 ], [ 73.7047193, 18.6088669 ], [ 73.7048252, 18.6089838 ], [ 73.7048292, 18.609055 ], [ 73.7046442, 18.6090855 ] ] ] } },
{ "type": "Feature", "properties": { "osm_id": 137375741, "name": "", "water": "pond", "natural": "water", "landuse": "", "operator": "" }, "geometry": { "type": "Polygon", "coordinates": [ [ [ 73.808856, 18.6401253 ], [ 73.8088989, 18.640166 ], [ 73.8089848, 18.640044 ], [ 73.8091693, 18.6399751 ], [ 73.8093016, 18.6401374 ], [ 73.8093066, 18.6404303 ], [ 73.8094354, 18.6405116 ], [ 73.8093066, 18.6405523 ], [ 73.8094354, 18.6405929 ], [ 73.8092637, 18.6407149 ], [ 73.8092852, 18.6407353 ], [ 73.8093925, 18.6407149 ], [ 73.8094139, 18.6406539 ], [ 73.8095856, 18.6407759 ], [ 73.8098431, 18.6408166 ], [ 73.8097787, 18.6408776 ], [ 73.8098001, 18.6408979 ], [ 73.8099933, 18.6409182 ], [ 73.809886, 18.6409792 ], [ 73.8100147, 18.6412232 ], [ 73.8102078, 18.6409996 ], [ 73.8102937, 18.6408369 ], [ 73.8102937, 18.6407556 ], [ 73.8103795, 18.6406743 ], [ 73.8104224, 18.6404709 ], [ 73.8105297, 18.6404913 ], [ 73.8106155, 18.6403286 ], [ 73.8106585, 18.6403693 ], [ 73.8107228, 18.6403489 ], [ 73.8105726, 18.6402879 ], [ 73.8105297, 18.6402066 ], [ 73.8104439, 18.6402879 ], [ 73.8104653, 18.6402269 ], [ 73.8104439, 18.6402066 ], [ 73.810358, 18.6402473 ], [ 73.8102937, 18.6402269 ], [ 73.810358, 18.6401253 ], [ 73.8104439, 18.640166 ], [ 73.8104653, 18.640105 ], [ 73.8103151, 18.640044 ], [ 73.8101649, 18.6399016 ], [ 73.8100362, 18.639739 ], [ 73.8100362, 18.6395763 ], [ 73.8099933, 18.6395357 ], [ 73.8101649, 18.639373 ], [ 73.8102508, 18.6391697 ], [ 73.8102078, 18.639129 ], [ 73.8102078, 18.6390477 ], [ 73.8102937, 18.6389257 ], [ 73.8104868, 18.638946 ], [ 73.8105726, 18.6389054 ], [ 73.810637, 18.6388444 ], [ 73.8106155, 18.6387427 ], [ 73.8103701, 18.6386523 ], [ 73.8101435, 18.638702 ], [ 73.8101006, 18.6387427 ], [ 73.8100147, 18.6387427 ], [ 73.8097832, 18.6390018 ], [ 73.8097358, 18.6386817 ], [ 73.8097143, 18.6387427 ], [ 73.8096285, 18.638702 ], [ 73.8095856, 18.6387427 ], [ 73.8094397, 18.6386859 ], [ 73.8091994, 18.6387225 ], [ 73.8092208, 18.6388037 ], [ 73.8090277, 18.638946 ], [ 73.8089418, 18.638946 ], [ 73.808856, 18.639068 ], [ 73.8087273, 18.6391087 ], [ 73.8085771, 18.639251 ], [ 73.80862, 18.6394543 ], [ 73.8085341, 18.6395763 ], [ 73.8088346, 18.6398203 ], [ 73.8088346, 18.6399016 ], [ 73.8087916, 18.6399423 ], [ 73.808856, 18.6401253 ] ] ] } },
{ "type": "Feature", "properties": { "osm_id": 193155610, "name": "SRPF Lake", "water": "", "natural": "water", "landuse": "", "operator": "" }, "geometry": { "type": "Polygon", "coordinates": [ [ [ 73.9061127, 18.5027722 ], [ 73.9057962, 18.5027976 ], [ 73.9056728, 18.5027671 ], [ 73.905633, 18.5027316 ], [ 73.9056084, 18.5026806 ], [ 73.905589, 18.5024777 ], [ 73.905589, 18.5024622 ], [ 73.9055996, 18.5024508 ], [ 73.9056621, 18.5024212 ], [ 73.9059196, 18.5023856 ], [ 73.9061502, 18.5023856 ], [ 73.9061837, 18.5024034 ], [ 73.9062052, 18.5024229 ], [ 73.9062337, 18.5024281 ], [ 73.9062884, 18.5024232 ], [ 73.9063029, 18.5024177 ], [ 73.9063106, 18.5024026 ], [ 73.9063058, 18.5022482 ], [ 73.9063058, 18.502208 ], [ 73.9063121, 18.5021896 ], [ 73.9063313, 18.5021879 ], [ 73.9066867, 18.5021974 ], [ 73.9068476, 18.5022177 ], [ 73.9069154, 18.50236 ], [ 73.9069216, 18.5023816 ], [ 73.9069135, 18.5023976 ], [ 73.9068656, 18.5024963 ], [ 73.9068552, 18.502518 ], [ 73.9068316, 18.5025278 ], [ 73.9067633, 18.5025432 ], [ 73.9067426, 18.502547 ], [ 73.9067189, 18.5025435 ], [ 73.9066389, 18.5025255 ], [ 73.9066286, 18.5025182 ], [ 73.906629, 18.5025057 ], [ 73.9066318, 18.5024675 ], [ 73.9066262, 18.5024555 ], [ 73.9066129, 18.5024501 ], [ 73.9065043, 18.5024415 ], [ 73.9063863, 18.5024619 ], [ 73.9062575, 18.5025077 ], [ 73.9061618, 18.5025466 ], [ 73.9061512, 18.5025559 ], [ 73.906152, 18.5025703 ], [ 73.9061663, 18.5026043 ], [ 73.9061817, 18.5026737 ], [ 73.906185, 18.5026997 ], [ 73.9061701, 18.5027178 ], [ 73.9061127, 18.5027722 ] ] ] } },
{ "type": "Feature", "properties": { "osm_id": 206254992, "name": "", "water": "river", "natural": "water", "landuse": "", "operator": "" }, "geometry": { "type": "Polygon", "coordinates": [ [ [ 73.8618164, 18.5542419 ], [ 73.8623789, 18.5534937 ], [ 73.8630402, 18.5537661 ], [ 73.863579, 18.5541188 ], [ 73.8640601, 18.5543681 ], [ 73.8642974, 18.554514 ], [ 73.8644963, 18.5544715 ], [ 73.8649196, 18.5544532 ], [ 73.8659973, 18.5547938 ], [ 73.8668504, 18.5549336 ], [ 73.8686401, 18.5551586 ], [ 73.8697369, 18.5552803 ], [ 73.8702437, 18.5552924 ], [ 73.8706093, 18.5552195 ], [ 73.8711995, 18.5550249 ], [ 73.8715843, 18.5549215 ], [ 73.8722258, 18.5552681 ], [ 73.8730084, 18.5558397 ], [ 73.8734445, 18.556612 ], [ 73.8736883, 18.5572627 ], [ 73.8737524, 18.5577674 ], [ 73.8737845, 18.5582417 ], [ 73.8736755, 18.5584667 ], [ 73.873637, 18.5589897 ], [ 73.8735857, 18.559689 ], [ 73.8734189, 18.5603336 ], [ 73.8733034, 18.5609782 ], [ 73.8733355, 18.5616166 ], [ 73.8732072, 18.562322 ], [ 73.8729827, 18.5632098 ], [ 73.8730276, 18.5634713 ], [ 73.8729827, 18.5637024 ], [ 73.872957, 18.5644868 ], [ 73.8729635, 18.5650462 ], [ 73.873034, 18.5659523 ], [ 73.8733013, 18.5674976 ], [ 73.8735916, 18.5680566 ], [ 73.8729747, 18.5681512 ], [ 73.8727661, 18.5676782 ], [ 73.8726935, 18.5672611 ], [ 73.8726073, 18.5668269 ], [ 73.8725574, 18.566427 ], [ 73.8724576, 18.5661518 ], [ 73.8723896, 18.565623 ], [ 73.8723851, 18.5653693 ], [ 73.8724622, 18.5652188 ], [ 73.8722853, 18.5652317 ], [ 73.8722717, 18.5650984 ], [ 73.8722671, 18.5648705 ], [ 73.8722218, 18.5646856 ], [ 73.8719633, 18.5648791 ], [ 73.8716503, 18.5652747 ], [ 73.8715324, 18.5656144 ], [ 73.8715596, 18.5663883 ], [ 73.8716866, 18.5667151 ], [ 73.8717909, 18.567274 ], [ 73.8720041, 18.5677728 ], [ 73.8722717, 18.5683017 ], [ 73.8724259, 18.5685768 ], [ 73.8724849, 18.5687101 ], [ 73.8724588, 18.5687741 ], [ 73.8724156, 18.5688532 ], [ 73.8723022, 18.5688898 ], [ 73.8721185, 18.5688747 ], [ 73.8720618, 18.5687436 ], [ 73.872089, 18.5685609 ], [ 73.8721299, 18.5685093 ], [ 73.8721616, 18.5684383 ], [ 73.872148, 18.5683631 ], [ 73.8721027, 18.5682814 ], [ 73.8719825, 18.5682276 ], [ 73.8718963, 18.5682534 ], [ 73.8718373, 18.5681008 ], [ 73.8717443, 18.5678557 ], [ 73.8716332, 18.5675526 ], [ 73.8714858, 18.5669248 ], [ 73.8714064, 18.566482 ], [ 73.8713701, 18.5661272 ], [ 73.8713293, 18.5657338 ], [ 73.8715584, 18.5651254 ], [ 73.8719394, 18.5647492 ], [ 73.8720686, 18.564517 ], [ 73.87208, 18.5641128 ], [ 73.8721253, 18.5639924 ], [ 73.8722228, 18.5639967 ], [ 73.8723362, 18.5638462 ], [ 73.8723362, 18.5633905 ], [ 73.8723839, 18.5630207 ], [ 73.8723771, 18.5628358 ], [ 73.8724065, 18.5625842 ], [ 73.8724814, 18.5624703 ], [ 73.8724428, 18.5623607 ], [ 73.8724315, 18.5622188 ], [ 73.8725245, 18.5620403 ], [ 73.8725267, 18.5618812 ], [ 73.8725358, 18.5616834 ], [ 73.8725857, 18.561419 ], [ 73.87254, 18.5608708 ], [ 73.8727215, 18.5605096 ], [ 73.8725763, 18.5602774 ], [ 73.8726307, 18.5596066 ], [ 73.872785, 18.5589874 ], [ 73.8729845, 18.558523 ], [ 73.8730843, 18.5582306 ], [ 73.8730117, 18.5578953 ], [ 73.8728485, 18.5578781 ], [ 73.872658, 18.5573965 ], [ 73.8725037, 18.5568805 ], [ 73.8723132, 18.5563817 ], [ 73.8720592, 18.5564591 ], [ 73.871896, 18.5561323 ], [ 73.8712247, 18.5559345 ], [ 73.8702721, 18.5559775 ], [ 73.8695827, 18.5560893 ], [ 73.8688842, 18.5561237 ], [ 73.8680496, 18.5560463 ], [ 73.8667433, 18.5558141 ], [ 73.8656819, 18.5555217 ], [ 73.8643484, 18.5551433 ], [ 73.8636136, 18.5550401 ], [ 73.863351, 18.5548683 ], [ 73.8631055, 18.5548132 ], [ 73.8629116, 18.5546859 ], [ 73.8623599, 18.5544062 ], [ 73.8621643, 18.5543697 ], [ 73.8618164, 18.5542419 ] ] ] } },
{ "type": "Feature", "properties": { "osm_id": 206254994, "name": "", "water": "river", "natural": "water", "landuse": "", "operator": "" }, "geometry": { "type": "Polygon", "coordinates": [ [ [ 73.8242096, 18.4829903 ], [ 73.8246341, 18.4832643 ], [ 73.8249555, 18.4835008 ], [ 73.8253199, 18.4838504 ], [ 73.8256211, 18.4842064 ], [ 73.8258462, 18.4845005 ], [ 73.82627, 18.4853261 ], [ 73.8268733, 18.4867649 ], [ 73.8274276, 18.488164 ], [ 73.8280347, 18.48913 ], [ 73.828683, 18.4900972 ], [ 73.8294846, 18.4912929 ], [ 73.8302785, 18.4924448 ], [ 73.8303452, 18.4930402 ], [ 73.8314878, 18.4949428 ], [ 73.832195, 18.4959231 ], [ 73.8333289, 18.4965276 ], [ 73.8338416, 18.4969394 ], [ 73.8347642, 18.4976106 ], [ 73.834742, 18.4972627 ], [ 73.8340325, 18.4967384 ], [ 73.8336749, 18.496495 ], [ 73.8333828, 18.496179 ], [ 73.8332276, 18.496158 ], [ 73.8331304, 18.4960537 ], [ 73.8331396, 18.4959981 ], [ 73.8329767, 18.4958373 ], [ 73.8327519, 18.4954971 ], [ 73.8325538, 18.4952171 ], [ 73.8321313, 18.4946168 ], [ 73.831386, 18.4935613 ], [ 73.8304806, 18.4922498 ], [ 73.830036, 18.4915847 ], [ 73.8294038, 18.4906774 ], [ 73.8288012, 18.4897838 ], [ 73.8282854, 18.4889878 ], [ 73.8280214, 18.4885932 ], [ 73.8277713, 18.4881613 ], [ 73.8276242, 18.4877946 ], [ 73.8272719, 18.4869807 ], [ 73.8270155, 18.4864208 ], [ 73.8266125, 18.4853988 ], [ 73.8261931, 18.4845104 ], [ 73.8260039, 18.4842026 ], [ 73.8255133, 18.4836645 ], [ 73.8247379, 18.4829995 ], [ 73.8242355, 18.4827021 ], [ 73.8242096, 18.4829903 ] ] ] } },
{ "type": "Feature", "properties": { "osm_id": 206254995, "name": "", "water": "river", "natural": "water", "landuse": "", "operator": "" }, "geometry": { "type": "Polygon", "coordinates": [ [ [ 73.8347642, 18.4976106 ], [ 73.8351381, 18.4980385 ], [ 73.8354324, 18.4984277 ], [ 73.8357076, 18.4987662 ], [ 73.8360595, 18.4995307 ], [ 73.8362821, 18.5000267 ], [ 73.8365408, 18.500775 ], [ 73.8366423, 18.5013417 ], [ 73.8366904, 18.5018838 ], [ 73.8366777, 18.5024353 ], [ 73.8365854, 18.5032443 ], [ 73.8364889, 18.5041346 ], [ 73.836395, 18.5047475 ], [ 73.8363668, 18.5053123 ], [ 73.8363697, 18.5060018 ], [ 73.836438, 18.5061984 ], [ 73.8365976, 18.5065639 ], [ 73.8359837, 18.5060198 ], [ 73.8360012, 18.5061301 ], [ 73.8365325, 18.5066554 ], [ 73.8366356, 18.506702 ], [ 73.8367403, 18.5068915 ], [ 73.8367879, 18.5069934 ], [ 73.8368998, 18.5072387 ], [ 73.8369669, 18.5073812 ], [ 73.8370353, 18.5075134 ], [ 73.837092, 18.5075963 ], [ 73.8375265, 18.5079783 ], [ 73.8380943, 18.5085526 ], [ 73.8391496, 18.5095476 ], [ 73.8399253, 18.5102749 ], [ 73.8401596, 18.5106563 ], [ 73.8407421, 18.5115259 ], [ 73.8409519, 18.5112705 ], [ 73.8406885, 18.5108873 ], [ 73.8404264, 18.5104927 ], [ 73.8401668, 18.5100989 ], [ 73.8400459, 18.509958 ], [ 73.839153, 18.5090943 ], [ 73.8387136, 18.5086994 ], [ 73.8386959, 18.5086895 ], [ 73.8386788, 18.5086885 ], [ 73.8386594, 18.5086911 ], [ 73.8386446, 18.5087031 ], [ 73.8386178, 18.5087833 ], [ 73.8385501, 18.5087101 ], [ 73.8385199, 18.5086014 ], [ 73.8385246, 18.508588 ], [ 73.8385481, 18.5085159 ], [ 73.8383095, 18.5082964 ], [ 73.8382291, 18.5082274 ], [ 73.8379618, 18.5079832 ], [ 73.8374522, 18.5075175 ], [ 73.8371863, 18.5070442 ], [ 73.8368926, 18.5064974 ], [ 73.8367451, 18.5062106 ], [ 73.8366738, 18.5060039 ], [ 73.8366649, 18.5056917 ], [ 73.8366651, 18.5056856 ], [ 73.8366925, 18.5046574 ], [ 73.8369055, 18.503271 ], [ 73.8369865, 18.5025891 ], [ 73.837054, 18.501998 ], [ 73.8370064, 18.5014968 ], [ 73.8369298, 18.5008032 ], [ 73.8367605, 18.5003271 ], [ 73.8365587, 18.4999055 ], [ 73.8364574, 18.4997164 ], [ 73.8364308, 18.4995665 ], [ 73.8363513, 18.4989288 ], [ 73.8360655, 18.498549 ], [ 73.8357462, 18.4977554 ], [ 73.8356138, 18.49789 ], [ 73.8357592, 18.4982644 ], [ 73.8357164, 18.4983234 ], [ 73.8353932, 18.4978854 ], [ 73.8350488, 18.4974896 ], [ 73.834742, 18.4972627 ], [ 73.8347642, 18.4976106 ] ] ] } },
{ "type": "Feature", "properties": { "osm_id": 206254996, "name": "", "water": "river", "natural": "water", "landuse": "", "operator": "" }, "geometry": { "type": "Polygon", "coordinates": [ [ [ 73.7806957, 18.5801267 ], [ 73.7802403, 18.5799625 ], [ 73.7805687, 18.5787451 ], [ 73.7810947, 18.5777114 ], [ 73.7826085, 18.5764954 ], [ 73.7840454, 18.5754131 ], [ 73.7855977, 18.5740875 ], [ 73.7868036, 18.5733701 ], [ 73.7889461, 18.5718986 ], [ 73.7894849, 18.5712054 ], [ 73.789703, 18.5700379 ], [ 73.789744, 18.5691482 ], [ 73.7896326, 18.5691209 ], [ 73.789579, 18.5690472 ], [ 73.7895656, 18.5689404 ], [ 73.7895575, 18.5688158 ], [ 73.7895146, 18.5687472 ], [ 73.7894475, 18.5686683 ], [ 73.78932, 18.5685148 ], [ 73.7891552, 18.5684268 ], [ 73.789005, 18.5683607 ], [ 73.7887904, 18.568292 ], [ 73.7886411, 18.5682619 ], [ 73.7884417, 18.5681522 ], [ 73.7883317, 18.5680225 ], [ 73.7883398, 18.567931 ], [ 73.7883371, 18.5678318 ], [ 73.7882276, 18.5677385 ], [ 73.7880268, 18.5673365 ], [ 73.7879857, 18.5672089 ], [ 73.7879831, 18.5670691 ], [ 73.7880139, 18.5668428 ], [ 73.7879911, 18.5667856 ], [ 73.7879871, 18.5666889 ], [ 73.7879871, 18.5666444 ], [ 73.7879965, 18.5666266 ], [ 73.787912, 18.566469 ], [ 73.7879281, 18.5664563 ], [ 73.7879267, 18.5664309 ], [ 73.7878972, 18.5663737 ], [ 73.7878865, 18.5662758 ], [ 73.7879026, 18.5662427 ], [ 73.7879348, 18.5662173 ], [ 73.7879026, 18.5661613 ], [ 73.7878972, 18.5660647 ], [ 73.7878648, 18.5659082 ], [ 73.7878758, 18.5658232 ], [ 73.7878785, 18.5657596 ], [ 73.7879093, 18.565696 ], [ 73.7879026, 18.5656554 ], [ 73.7878919, 18.5656287 ], [ 73.787912, 18.565616 ], [ 73.7879227, 18.5655753 ], [ 73.7879495, 18.5655117 ], [ 73.7879321, 18.5654647 ], [ 73.7879442, 18.5654049 ], [ 73.7879361, 18.5653795 ], [ 73.7879603, 18.5653731 ], [ 73.7879777, 18.565363 ], [ 73.7879737, 18.5653426 ], [ 73.7879643, 18.565321 ], [ 73.7879656, 18.5652829 ], [ 73.7879911, 18.5652638 ], [ 73.7880367, 18.5652485 ], [ 73.7880689, 18.5651494 ], [ 73.7881038, 18.5650985 ], [ 73.7881413, 18.5650655 ], [ 73.7882084, 18.565035 ], [ 73.7882379, 18.5649689 ], [ 73.7884693, 18.5644737 ], [ 73.7885484, 18.564413 ], [ 73.7888414, 18.5640993 ], [ 73.7889111, 18.5640866 ], [ 73.7889594, 18.5641145 ], [ 73.7890211, 18.5640916 ], [ 73.7890694, 18.5640255 ], [ 73.7889916, 18.5639416 ], [ 73.7890077, 18.5638603 ], [ 73.7890801, 18.5638374 ], [ 73.7891504, 18.5638882 ], [ 73.7893431, 18.5644128 ], [ 73.7892356, 18.5644629 ], [ 73.7890452, 18.5646822 ], [ 73.7889996, 18.5648506 ], [ 73.7889245, 18.5650083 ], [ 73.7888584, 18.5651074 ], [ 73.7887984, 18.5651824 ], [ 73.7887716, 18.5652409 ], [ 73.7887475, 18.5653477 ], [ 73.7887529, 18.5654164 ], [ 73.7887233, 18.5654672 ], [ 73.7886777, 18.5655028 ], [ 73.7886241, 18.5655231 ], [ 73.7885705, 18.5655257 ], [ 73.7885249, 18.5655689 ], [ 73.7885078, 18.5656675 ], [ 73.7885383, 18.5657494 ], [ 73.7885356, 18.5658181 ], [ 73.7885088, 18.5658944 ], [ 73.7885356, 18.5659884 ], [ 73.7885705, 18.5660317 ], [ 73.7885973, 18.566408 ], [ 73.7886404, 18.5664605 ], [ 73.7886751, 18.5665758 ], [ 73.7887073, 18.5667716 ], [ 73.7887233, 18.5669546 ], [ 73.7887555, 18.567097 ], [ 73.7887904, 18.5672572 ], [ 73.7888494, 18.5673455 ], [ 73.7890023, 18.5674454 ], [ 73.7891042, 18.567481 ], [ 73.7892169, 18.5675166 ], [ 73.7893349, 18.5675547 ], [ 73.7894422, 18.567631 ], [ 73.789566, 18.5678271 ], [ 73.7901466, 18.5687644 ], [ 73.790319, 18.5701317 ], [ 73.7902464, 18.5709744 ], [ 73.7899833, 18.5718343 ], [ 73.7895025, 18.5724018 ], [ 73.7878515, 18.5733391 ], [ 73.7862912, 18.5743882 ], [ 73.7836786, 18.5764262 ], [ 73.7821818, 18.57763 ], [ 73.7814561, 18.5784211 ], [ 73.7810388, 18.5793498 ], [ 73.7806957, 18.5801267 ] ] ] } },
{ "type": "Feature", "properties": { "osm_id": 206254997, "name": "", "water": "river", "natural": "water", "landuse": "", "operator": "" }, "geometry": { "type": "Polygon", "coordinates": [ [ [ 73.8094981, 18.4751649 ], [ 73.8101181, 18.4763855 ], [ 73.8104274, 18.4769766 ], [ 73.8108827, 18.4778382 ], [ 73.8111697, 18.4782988 ], [ 73.8114294, 18.4786502 ], [ 73.8116236, 18.478838 ], [ 73.8118599, 18.4790519 ], [ 73.8122082, 18.4792934 ], [ 73.8127146, 18.4795425 ], [ 73.8127744, 18.479621 ], [ 73.8128379, 18.4797057 ], [ 73.81327, 18.4797614 ], [ 73.8147288, 18.4803719 ], [ 73.8159097, 18.4808808 ], [ 73.816932, 18.4814329 ], [ 73.8173555, 18.4817024 ], [ 73.8178513, 18.481993 ], [ 73.8186768, 18.4822975 ], [ 73.8192576, 18.4825244 ], [ 73.8198017, 18.4827101 ], [ 73.8201737, 18.4827555 ], [ 73.8215698, 18.4828502 ], [ 73.8222139, 18.4828316 ], [ 73.8229484, 18.4827301 ], [ 73.8236523, 18.482751 ], [ 73.8242096, 18.4829903 ], [ 73.8242355, 18.4827021 ], [ 73.8240781, 18.4826283 ], [ 73.8237709, 18.4824957 ], [ 73.8234344, 18.4820683 ], [ 73.8231378, 18.4820826 ], [ 73.8233732, 18.4824246 ], [ 73.8228511, 18.4826361 ], [ 73.8220557, 18.4826992 ], [ 73.8212859, 18.4826535 ], [ 73.8210541, 18.482567 ], [ 73.8202528, 18.4825162 ], [ 73.8198206, 18.4824195 ], [ 73.8192651, 18.4822189 ], [ 73.8186151, 18.481987 ], [ 73.8182414, 18.4818553 ], [ 73.8178353, 18.4816716 ], [ 73.8172445, 18.4813191 ], [ 73.8163975, 18.480776 ], [ 73.816238, 18.4807073 ], [ 73.8151668, 18.480258 ], [ 73.8139758, 18.4797615 ], [ 73.8126178, 18.4792175 ], [ 73.8120817, 18.4788771 ], [ 73.811786, 18.4786087 ], [ 73.8114139, 18.4781615 ], [ 73.8108471, 18.4771796 ], [ 73.8103883, 18.4762636 ], [ 73.8100822, 18.4757085 ], [ 73.8096954, 18.4749428 ], [ 73.8094981, 18.4751649 ] ] ] } },
{ "type": "Feature", "properties": { "osm_id": 206254999, "name": "", "water": "river", "natural": "water", "landuse": "", "operator": "" }, "geometry": { "type": "Polygon", "coordinates": [ [ [ 73.7792596, 18.4603416 ], [ 73.7792596, 18.4612847 ], [ 73.7771428, 18.4610363 ], [ 73.7752441, 18.4604522 ], [ 73.7734609, 18.4590892 ], [ 73.7733012, 18.458975 ], [ 73.7732529, 18.4589299 ], [ 73.7723063, 18.4581279 ], [ 73.7715109, 18.4564729 ], [ 73.7705872, 18.4546962 ], [ 73.770074, 18.4529924 ], [ 73.7698816, 18.4512279 ], [ 73.7693812, 18.4489643 ], [ 73.7687141, 18.4473092 ], [ 73.7677134, 18.4465182 ], [ 73.7658147, 18.4459462 ], [ 73.7648077, 18.4458062 ], [ 73.7641854, 18.445934 ], [ 73.7636723, 18.4459279 ], [ 73.7628705, 18.4453133 ], [ 73.7623381, 18.444857 ], [ 73.7622483, 18.4444006 ], [ 73.7626395, 18.4437312 ], [ 73.7627614, 18.4434391 ], [ 73.7626018, 18.4431079 ], [ 73.7641921, 18.4427283 ], [ 73.7647756, 18.4434209 ], [ 73.7657891, 18.4439807 ], [ 73.7679893, 18.4445963 ], [ 73.7697853, 18.444998 ], [ 73.7705679, 18.4454726 ], [ 73.7710683, 18.4467383 ], [ 73.7708758, 18.4477119 ], [ 73.7707347, 18.4484542 ], [ 73.7705166, 18.4491418 ], [ 73.7704268, 18.4501032 ], [ 73.7704589, 18.4507786 ], [ 73.770709, 18.4518678 ], [ 73.7708886, 18.4531395 ], [ 73.7708758, 18.4538514 ], [ 73.7712928, 18.4549162 ], [ 73.7720304, 18.4560845 ], [ 73.7726911, 18.4574109 ], [ 73.7739035, 18.4584636 ], [ 73.7752313, 18.4593276 ], [ 73.7763154, 18.4597291 ], [ 73.7783937, 18.4601429 ], [ 73.7792596, 18.4603416 ] ] ] } },
{ "type": "Feature", "properties": { "osm_id": 206255001, "name": "", "water": "river", "natural": "water", "landuse": "", "operator": "" }, "geometry": { "type": "Polygon", "coordinates": [ [ [ 73.8597819, 18.5309284 ], [ 73.8597389, 18.5318971 ], [ 73.8590171, 18.5317412 ], [ 73.8577792, 18.5319042 ], [ 73.8570902, 18.5321054 ], [ 73.8567092, 18.5323448 ], [ 73.8561014, 18.5330157 ], [ 73.8554029, 18.5341511 ], [ 73.855167, 18.5349682 ], [ 73.8549674, 18.5363615 ], [ 73.8547407, 18.53969 ], [ 73.8547225, 18.5410575 ], [ 73.8547134, 18.542339 ], [ 73.8551579, 18.5442914 ], [ 73.8555934, 18.5456589 ], [ 73.8561467, 18.5474993 ], [ 73.856809, 18.5490646 ], [ 73.8576617, 18.550518 ], [ 73.8584963, 18.5513351 ], [ 73.8597663, 18.5521091 ], [ 73.8615352, 18.5529691 ], [ 73.8623789, 18.5534937 ], [ 73.8618164, 18.5542419 ], [ 73.8609274, 18.5537689 ], [ 73.8597028, 18.5531755 ], [ 73.8585598, 18.5524875 ], [ 73.857825, 18.5519801 ], [ 73.856936, 18.5511889 ], [ 73.8565187, 18.5506642 ], [ 73.8560923, 18.5497268 ], [ 73.8556841, 18.5487464 ], [ 73.8552849, 18.5476799 ], [ 73.8548858, 18.5467253 ], [ 73.8545048, 18.5454954 ], [ 73.8540421, 18.5443172 ], [ 73.8537428, 18.5431217 ], [ 73.853516, 18.5420466 ], [ 73.8535432, 18.5409285 ], [ 73.853643, 18.5393718 ], [ 73.8536793, 18.5369034 ], [ 73.8538335, 18.5354842 ], [ 73.8541419, 18.5343575 ], [ 73.8545728, 18.533377 ], [ 73.8553666, 18.53219 ], [ 73.8558882, 18.5317686 ], [ 73.8566003, 18.5312697 ], [ 73.857834, 18.5308095 ], [ 73.8587367, 18.5307235 ], [ 73.8590807, 18.5308599 ], [ 73.8592708, 18.5308585 ], [ 73.8594398, 18.5309221 ], [ 73.8596249, 18.5309501 ], [ 73.8597819, 18.5309284 ] ] ] } },
{ "type": "Feature", "properties": { "osm_id": 206255002, "name": "Mula-Mutha River", "water": "river", "natural": "water", "landuse": "", "operator": "" }, "geometry": { "type": "Polygon", "coordinates": [ [ [ 73.8746464, 18.5401072 ], [ 73.874305, 18.5418763 ], [ 73.8748382, 18.5420732 ], [ 73.8760208, 18.54251 ], [ 73.8765549, 18.5427073 ], [ 73.8777737, 18.5430783 ], [ 73.8797686, 18.5435709 ], [ 73.8824178, 18.5440756 ], [ 73.8836376, 18.5439538 ], [ 73.883759, 18.5439705 ], [ 73.883872, 18.5439866 ], [ 73.8840721, 18.5439997 ], [ 73.884223, 18.5439023 ], [ 73.8842997, 18.5438983 ], [ 73.884396, 18.5439286 ], [ 73.8845427, 18.5440168 ], [ 73.8847614, 18.5440416 ], [ 73.8850212, 18.5440312 ], [ 73.8851654, 18.5440203 ], [ 73.8854383, 18.5441242 ], [ 73.8857108, 18.5442914 ], [ 73.8862168, 18.5443246 ], [ 73.8872276, 18.5443949 ], [ 73.8883736, 18.5444157 ], [ 73.8894831, 18.5443924 ], [ 73.8903671, 18.5444336 ], [ 73.8909111, 18.5444212 ], [ 73.8913144, 18.5443769 ], [ 73.8918883, 18.5442696 ], [ 73.8925391, 18.5440608 ], [ 73.8930705, 18.5438783 ], [ 73.8944385, 18.5435287 ], [ 73.8954059, 18.5432847 ], [ 73.8963946, 18.5430401 ], [ 73.8974513, 18.54285 ], [ 73.8985125, 18.5426241 ], [ 73.8997944, 18.5424042 ], [ 73.9007405, 18.5422699 ], [ 73.9019248, 18.5421248 ], [ 73.9030273, 18.5420407 ], [ 73.9031053, 18.5419855 ], [ 73.9033501, 18.5419408 ], [ 73.9037234, 18.5419252 ], [ 73.9038591, 18.5419163 ], [ 73.9039629, 18.5419432 ], [ 73.9040481, 18.5419648 ], [ 73.9041227, 18.5419401 ], [ 73.9041793, 18.5418685 ], [ 73.9056983, 18.5422494 ], [ 73.9058886, 18.5422512 ], [ 73.9081914, 18.5416978 ], [ 73.9103531, 18.5414971 ], [ 73.9113987, 18.5413207 ], [ 73.9129703, 18.5407977 ], [ 73.9138811, 18.540597 ], [ 73.9145418, 18.540676 ], [ 73.9150678, 18.5407977 ], [ 73.9158055, 18.5406456 ], [ 73.9153565, 18.5387299 ], [ 73.9145611, 18.5389793 ], [ 73.9139389, 18.5391313 ], [ 73.9131499, 18.5392894 ], [ 73.9121877, 18.5393989 ], [ 73.909949, 18.5397577 ], [ 73.9087687, 18.5400496 ], [ 73.9083005, 18.5401348 ], [ 73.9054717, 18.5405058 ], [ 73.9043812, 18.540676 ], [ 73.9035152, 18.5406152 ], [ 73.9017122, 18.5406564 ], [ 73.9003448, 18.5409131 ], [ 73.8990813, 18.5408968 ], [ 73.8982952, 18.5409108 ], [ 73.8977029, 18.5410108 ], [ 73.8979162, 18.5412618 ], [ 73.8977719, 18.5413238 ], [ 73.8975273, 18.5414091 ], [ 73.897299, 18.5415033 ], [ 73.8972243, 18.5414118 ], [ 73.8970729, 18.5415573 ], [ 73.8970475, 18.541641 ], [ 73.8970781, 18.541725 ], [ 73.8969478, 18.5418675 ], [ 73.8967552, 18.5419179 ], [ 73.8965741, 18.5419512 ], [ 73.8963392, 18.5419541 ], [ 73.8961274, 18.5418975 ], [ 73.8958616, 18.5418592 ], [ 73.8954742, 18.5419184 ], [ 73.8952094, 18.5417705 ], [ 73.8949703, 18.5417756 ], [ 73.8949217, 18.5418624 ], [ 73.8944677, 18.542045 ], [ 73.8943196, 18.5422951 ], [ 73.894058, 18.5423555 ], [ 73.8938642, 18.5423634 ], [ 73.8936419, 18.542488 ], [ 73.8933572, 18.5424034 ], [ 73.8932301, 18.5423016 ], [ 73.8929469, 18.5423729 ], [ 73.8930755, 18.5426909 ], [ 73.8929289, 18.5427195 ], [ 73.8928492, 18.5426589 ], [ 73.8927085, 18.5425355 ], [ 73.8924909, 18.5426192 ], [ 73.8922674, 18.5427049 ], [ 73.8922213, 18.5428488 ], [ 73.8922413, 18.5429368 ], [ 73.8920793, 18.543001 ], [ 73.891837, 18.5430037 ], [ 73.8915958, 18.5430396 ], [ 73.8912745, 18.5431319 ], [ 73.8909887, 18.5430258 ], [ 73.8904233, 18.5430473 ], [ 73.8894397, 18.5432113 ], [ 73.8889935, 18.5431663 ], [ 73.8886674, 18.5430788 ], [ 73.88845, 18.5429934 ], [ 73.8883962, 18.5430544 ], [ 73.8884804, 18.5431181 ], [ 73.8884128, 18.54316 ], [ 73.8883486, 18.5431268 ], [ 73.8882542, 18.5429911 ], [ 73.888163, 18.5429494 ], [ 73.8881462, 18.5430365 ], [ 73.8882094, 18.5432246 ], [ 73.8881477, 18.5432335 ], [ 73.8879612, 18.5430706 ], [ 73.8878379, 18.5428996 ], [ 73.8876286, 18.5428469 ], [ 73.8872211, 18.5429296 ], [ 73.8870801, 18.5428235 ], [ 73.8865859, 18.5429542 ], [ 73.886413, 18.5430045 ], [ 73.8862435, 18.542931 ], [ 73.885975, 18.5428318 ], [ 73.8849021, 18.542765 ], [ 73.8846958, 18.5427603 ], [ 73.8843866, 18.5429773 ], [ 73.8843757, 18.5428074 ], [ 73.8842002, 18.5426453 ], [ 73.8840249, 18.5426614 ], [ 73.8835173, 18.5428061 ], [ 73.8833775, 18.5427615 ], [ 73.8830487, 18.5424058 ], [ 73.882899, 18.5424014 ], [ 73.8828015, 18.5423247 ], [ 73.8822973, 18.5427486 ], [ 73.882231, 18.5426615 ], [ 73.8827248, 18.5422178 ], [ 73.8820415, 18.5421424 ], [ 73.8810623, 18.5420428 ], [ 73.8803812, 18.5417744 ], [ 73.8799121, 18.5417328 ], [ 73.8789668, 18.5415579 ], [ 73.8774465, 18.5411322 ], [ 73.8754195, 18.540451 ], [ 73.8746464, 18.5401072 ] ] ] } },
{ "type": "Feature", "properties": { "osm_id": 206255004, "name": "", "water": "river", "natural": "water", "landuse": "", "operator": "" }, "geometry": { "type": "Polygon", "coordinates": [ [ [ 73.854076, 18.582373 ], [ 73.8544751, 18.5812895 ], [ 73.8537822, 18.5800297 ], [ 73.8530383, 18.5780003 ], [ 73.8523746, 18.5762198 ], [ 73.8518742, 18.5753077 ], [ 73.8512584, 18.57442 ], [ 73.8509698, 18.5737572 ], [ 73.8503732, 18.5733802 ], [ 73.8498985, 18.5731066 ], [ 73.8492892, 18.5729546 ], [ 73.84825, 18.5724499 ], [ 73.8480961, 18.5725837 ], [ 73.847878, 18.5726323 ], [ 73.847724, 18.5724864 ], [ 73.8473712, 18.5723465 ], [ 73.8471018, 18.5722006 ], [ 73.84664, 18.5720547 ], [ 73.8460242, 18.5719878 ], [ 73.8451518, 18.5720121 ], [ 73.8441575, 18.5722189 ], [ 73.8435866, 18.5724621 ], [ 73.8420151, 18.5730336 ], [ 73.8402831, 18.573818 ], [ 73.8387821, 18.5744504 ], [ 73.8382177, 18.5746632 ], [ 73.8375505, 18.574803 ], [ 73.8368963, 18.5747483 ], [ 73.8359533, 18.5745173 ], [ 73.8351451, 18.5742801 ], [ 73.8343176, 18.5739275 ], [ 73.8336505, 18.5735383 ], [ 73.8330924, 18.5743957 ], [ 73.8338686, 18.5748638 ], [ 73.8347025, 18.5753564 ], [ 73.8352541, 18.5755935 ], [ 73.8360816, 18.5758914 ], [ 73.8370823, 18.5759279 ], [ 73.837864, 18.5758668 ], [ 73.8381984, 18.5755813 ], [ 73.8385705, 18.5753564 ], [ 73.8392119, 18.5751496 ], [ 73.8398053, 18.5749733 ], [ 73.840482, 18.5746754 ], [ 73.841101, 18.5744169 ], [ 73.842974, 18.573593 ], [ 73.8435706, 18.5733681 ], [ 73.844552, 18.5730792 ], [ 73.8458381, 18.5730184 ], [ 73.8466271, 18.57314 ], [ 73.8474899, 18.5734167 ], [ 73.8482147, 18.573739 ], [ 73.8488433, 18.5740552 ], [ 73.8493886, 18.5743774 ], [ 73.8502201, 18.5750379 ], [ 73.8510728, 18.5763105 ], [ 73.8515174, 18.5776004 ], [ 73.8523519, 18.5798102 ], [ 73.8528327, 18.5808249 ], [ 73.8534405, 18.5817535 ], [ 73.854076, 18.582373 ] ] ] } },
{ "type": "Feature", "properties": { "osm_id": 206255005, "name": "", "water": "river", "natural": "water", "landuse": "", "operator": "" }, "geometry": { "type": "Polygon", "coordinates": [ [ [ 73.7531795, 18.5792599 ], [ 73.7537148, 18.5790364 ], [ 73.754423, 18.5799868 ], [ 73.7552056, 18.5811177 ], [ 73.7552492, 18.5814947 ], [ 73.7559484, 18.5827411 ], [ 73.7564423, 18.583416 ], [ 73.7569619, 18.5844132 ], [ 73.7578535, 18.5854042 ], [ 73.7588991, 18.5863405 ], [ 73.7600986, 18.58721 ], [ 73.7616188, 18.5878058 ], [ 73.7627606, 18.5879517 ], [ 73.76371, 18.5878605 ], [ 73.7650699, 18.5876538 ], [ 73.7664747, 18.5871917 ], [ 73.7676678, 18.5868756 ], [ 73.7696701, 18.5868183 ], [ 73.7712679, 18.5871615 ], [ 73.7729213, 18.5874714 ], [ 73.7742491, 18.5878423 ], [ 73.7753909, 18.5878727 ], [ 73.7766802, 18.5873984 ], [ 73.7774115, 18.5867904 ], [ 73.7777707, 18.5861703 ], [ 73.7779631, 18.5856231 ], [ 73.7787393, 18.5842247 ], [ 73.7795283, 18.5823459 ], [ 73.7798426, 18.5811481 ], [ 73.7802403, 18.5799625 ], [ 73.7806957, 18.5801267 ], [ 73.7803429, 18.5813062 ], [ 73.7800799, 18.5822851 ], [ 73.779586, 18.5836288 ], [ 73.7790857, 18.5848448 ], [ 73.7788227, 18.585921 ], [ 73.7786302, 18.5864621 ], [ 73.777931, 18.5873072 ], [ 73.7774179, 18.5879517 ], [ 73.7766289, 18.588274 ], [ 73.7756731, 18.5887178 ], [ 73.7745506, 18.5887299 ], [ 73.7729662, 18.5884077 ], [ 73.7719847, 18.5880186 ], [ 73.7709199, 18.5876842 ], [ 73.7697012, 18.5874228 ], [ 73.7686813, 18.5874532 ], [ 73.767687, 18.587666 ], [ 73.7660898, 18.5881888 ], [ 73.7647299, 18.5885415 ], [ 73.7634534, 18.5887543 ], [ 73.762549, 18.5887786 ], [ 73.7622608, 18.5887567 ], [ 73.7619075, 18.5887299 ], [ 73.7618803, 18.5887671 ], [ 73.7618336, 18.5887876 ], [ 73.7617897, 18.5887819 ], [ 73.7617399, 18.5887514 ], [ 73.7610636, 18.5883801 ], [ 73.760988, 18.5883721 ], [ 73.7609085, 18.588332 ], [ 73.7607597, 18.5882847 ], [ 73.7604543, 18.5881213 ], [ 73.7601911, 18.5880115 ], [ 73.7600717, 18.5879085 ], [ 73.7599362, 18.587851 ], [ 73.7598664, 18.5878362 ], [ 73.7596656, 18.5877468 ], [ 73.7594073, 18.587578 ], [ 73.7591071, 18.5873277 ], [ 73.7585334, 18.5868877 ], [ 73.7575841, 18.5860365 ], [ 73.7566091, 18.5849543 ], [ 73.7559291, 18.5839936 ], [ 73.7553069, 18.5828749 ], [ 73.7548515, 18.5819203 ], [ 73.7540176, 18.5804489 ], [ 73.753466, 18.5795551 ], [ 73.7531795, 18.5792599 ] ] ] } },
{ "type": "Feature", "properties": { "osm_id": 206255006, "name": "", "water": "river", "natural": "water", "landuse": "", "operator": "" }, "geometry": { "type": "Polygon", "coordinates": [ [ [ 73.8407421, 18.5115259 ], [ 73.8413319, 18.5123093 ], [ 73.8417225, 18.5127161 ], [ 73.8425749, 18.5135229 ], [ 73.8431327, 18.513996 ], [ 73.8436842, 18.5146516 ], [ 73.8442981, 18.5153258 ], [ 73.8448594, 18.5159883 ], [ 73.8450437, 18.5163191 ], [ 73.8450985, 18.5164174 ], [ 73.8454037, 18.5169687 ], [ 73.8455247, 18.5172582 ], [ 73.8455938, 18.5174234 ], [ 73.8457398, 18.5176585 ], [ 73.8461613, 18.5182645 ], [ 73.8467923, 18.5188648 ], [ 73.8474173, 18.5195008 ], [ 73.8480264, 18.5200963 ], [ 73.8484663, 18.5205315 ], [ 73.8486799, 18.5207108 ], [ 73.8490778, 18.5209659 ], [ 73.8493, 18.5210699 ], [ 73.8497112, 18.5211622 ], [ 73.8500081, 18.5212071 ], [ 73.8502591, 18.5213455 ], [ 73.8504396, 18.5213039 ], [ 73.8506922, 18.5212761 ], [ 73.8510234, 18.521333 ], [ 73.8513168, 18.5214131 ], [ 73.8515857, 18.5214567 ], [ 73.8519596, 18.5215469 ], [ 73.8524323, 18.5216648 ], [ 73.8531819, 18.521862 ], [ 73.8539206, 18.5222085 ], [ 73.8544035, 18.5224299 ], [ 73.855062, 18.5227998 ], [ 73.8555504, 18.523188 ], [ 73.8558212, 18.5228644 ], [ 73.8559212, 18.5227449 ], [ 73.8557795, 18.5226186 ], [ 73.8554677, 18.5222739 ], [ 73.8552879, 18.5221493 ], [ 73.8547892, 18.521949 ], [ 73.8544901, 18.5218278 ], [ 73.8541585, 18.5217192 ], [ 73.8537632, 18.5215736 ], [ 73.8532689, 18.521415 ], [ 73.852765, 18.5212515 ], [ 73.852407, 18.52116 ], [ 73.8519263, 18.5210714 ], [ 73.8511894, 18.5209373 ], [ 73.8506435, 18.520851 ], [ 73.850559, 18.5208647 ], [ 73.8501557, 18.5208169 ], [ 73.8496712, 18.5207238 ], [ 73.8496079, 18.5207633 ], [ 73.8493938, 18.5207493 ], [ 73.8490899, 18.520598 ], [ 73.8487366, 18.5204266 ], [ 73.8484212, 18.5201724 ], [ 73.8479132, 18.5196643 ], [ 73.8472829, 18.5190382 ], [ 73.8464383, 18.5182312 ], [ 73.8462497, 18.5180076 ], [ 73.8460374, 18.5177009 ], [ 73.8458015, 18.5173232 ], [ 73.8457384, 18.517263 ], [ 73.8456601, 18.5171176 ], [ 73.8453931, 18.5165839 ], [ 73.8450302, 18.5159262 ], [ 73.8446259, 18.51545 ], [ 73.844528, 18.5153075 ], [ 73.8444173, 18.515138 ], [ 73.8442924, 18.5149572 ], [ 73.844086, 18.5146607 ], [ 73.84355, 18.5139455 ], [ 73.8434324, 18.5137896 ], [ 73.8432738, 18.5135989 ], [ 73.8429482, 18.5132926 ], [ 73.8427761, 18.5131307 ], [ 73.8425142, 18.5128663 ], [ 73.842188, 18.5125764 ], [ 73.841937, 18.5123654 ], [ 73.8416312, 18.5120984 ], [ 73.8414038, 18.5119254 ], [ 73.8411407, 18.5115476 ], [ 73.8410881, 18.5114692 ], [ 73.8409519, 18.5112705 ], [ 73.8407421, 18.5115259 ] ] ] } },
{ "type": "Feature", "properties": { "osm_id": 206255008, "name": "", "water": "river", "natural": "water", "landuse": "", "operator": "" }, "geometry": { "type": "Polygon", "coordinates": [ [ [ 73.7893431, 18.5644128 ], [ 73.7891504, 18.5638882 ], [ 73.7893483, 18.5638323 ], [ 73.7893778, 18.5638781 ], [ 73.7894207, 18.5639009 ], [ 73.7894985, 18.5639111 ], [ 73.7899384, 18.5638069 ], [ 73.7899685, 18.5637667 ], [ 73.7899518, 18.5637077 ], [ 73.790389, 18.5636136 ], [ 73.7906331, 18.5635348 ], [ 73.7920129, 18.5632636 ], [ 73.7927654, 18.5631661 ], [ 73.793031, 18.5632322 ], [ 73.7931208, 18.5633276 ], [ 73.7931007, 18.5634483 ], [ 73.7930945, 18.5635161 ], [ 73.7931772, 18.5636746 ], [ 73.7932415, 18.5637649 ], [ 73.7932647, 18.5637932 ], [ 73.7932724, 18.563831 ], [ 73.7932657, 18.5638704 ], [ 73.7932482, 18.5639035 ], [ 73.793216, 18.5639327 ], [ 73.7932174, 18.5639696 ], [ 73.7932456, 18.564023 ], [ 73.7932576, 18.5640904 ], [ 73.7932966, 18.5641173 ], [ 73.7937082, 18.5645074 ], [ 73.7938035, 18.5645315 ], [ 73.7938832, 18.564576 ], [ 73.7940355, 18.5647286 ], [ 73.7941521, 18.5648379 ], [ 73.794183, 18.5648532 ], [ 73.7942111, 18.5648646 ], [ 73.794238, 18.5648417 ], [ 73.7942608, 18.5648322 ], [ 73.7942863, 18.5648093 ], [ 73.7942938, 18.5647792 ], [ 73.7944204, 18.5648748 ], [ 73.7948699, 18.5652523 ], [ 73.7950802, 18.5654469 ], [ 73.795101, 18.5654558 ], [ 73.7951157, 18.5654411 ], [ 73.7951318, 18.5654221 ], [ 73.7951472, 18.5654138 ], [ 73.7951653, 18.5654176 ], [ 73.7951734, 18.5654532 ], [ 73.7951694, 18.5655003 ], [ 73.7952411, 18.565574 ], [ 73.7952679, 18.5656579 ], [ 73.795272, 18.5657075 ], [ 73.7952991, 18.5657622 ], [ 73.7953142, 18.5657711 ], [ 73.7953243, 18.5657888 ], [ 73.7953363, 18.5658219 ], [ 73.7954034, 18.5659351 ], [ 73.7954423, 18.5660838 ], [ 73.7956086, 18.5663126 ], [ 73.7956206, 18.5663679 ], [ 73.795622, 18.5664131 ], [ 73.7957548, 18.5665745 ], [ 73.7958004, 18.5665694 ], [ 73.7958446, 18.5665504 ], [ 73.796026, 18.5667388 ], [ 73.7960806, 18.5667817 ], [ 73.7961088, 18.5667868 ], [ 73.7961712, 18.5668777 ], [ 73.7962034, 18.5668847 ], [ 73.796263, 18.5669407 ], [ 73.7964213, 18.5670633 ], [ 73.7965138, 18.5670741 ], [ 73.7966949, 18.5671445 ], [ 73.7970275, 18.5673996 ], [ 73.797373, 18.5676032 ], [ 73.7975304, 18.5677339 ], [ 73.7978576, 18.5678445 ], [ 73.7978777, 18.5678229 ], [ 73.7978677, 18.5677931 ], [ 73.7979072, 18.5677784 ], [ 73.7980789, 18.5678179 ], [ 73.7983645, 18.5679742 ], [ 73.7986948, 18.5681707 ], [ 73.7996034, 18.5687648 ], [ 73.8004721, 18.569017 ], [ 73.8012955, 18.5692363 ], [ 73.8014223, 18.5692277 ], [ 73.8016891, 18.5692125 ], [ 73.8020324, 18.5692828 ], [ 73.8025904, 18.5692913 ], [ 73.8031376, 18.5692276 ], [ 73.803556, 18.5691997 ], [ 73.803792, 18.5691845 ], [ 73.804256, 18.5691057 ], [ 73.8043579, 18.5690167 ], [ 73.8045135, 18.5689201 ], [ 73.8046344, 18.5688837 ], [ 73.8050204, 18.5688845 ], [ 73.8056856, 18.5687141 ], [ 73.8058385, 18.5686277 ], [ 73.8058808, 18.5684914 ], [ 73.8060075, 18.5684344 ], [ 73.8063535, 18.5683556 ], [ 73.8067317, 18.5683404 ], [ 73.8069114, 18.5682895 ], [ 73.8070643, 18.5682056 ], [ 73.8072386, 18.5681725 ], [ 73.8074085, 18.5681688 ], [ 73.8079977, 18.5680276 ], [ 73.8080285, 18.5679806 ], [ 73.8080782, 18.5679412 ], [ 73.8081211, 18.5679208 ], [ 73.808168, 18.5679119 ], [ 73.8082445, 18.5679323 ], [ 73.808274, 18.5678929 ], [ 73.8083893, 18.5678687 ], [ 73.8084872, 18.5678255 ], [ 73.8085932, 18.5678013 ], [ 73.8097831, 18.5676517 ], [ 73.8099384, 18.5676888 ], [ 73.8100658, 18.5677605 ], [ 73.8101381, 18.5677289 ], [ 73.8102099, 18.5677223 ], [ 73.810242, 18.5676616 ], [ 73.8102722, 18.5676324 ], [ 73.8103857, 18.5676024 ], [ 73.8113719, 18.5675509 ], [ 73.8117354, 18.5675382 ], [ 73.8119258, 18.5675305 ], [ 73.8121207, 18.5675438 ], [ 73.8125695, 18.5676424 ], [ 73.8128364, 18.5676894 ], [ 73.8129625, 18.5676806 ], [ 73.8130778, 18.567678 ], [ 73.8132173, 18.5676856 ], [ 73.8133849, 18.5677123 ], [ 73.8135222, 18.5678262 ], [ 73.81357, 18.5678992 ], [ 73.8136116, 18.5679666 ], [ 73.8136036, 18.5680642 ], [ 73.8136263, 18.5681026 ], [ 73.8136663, 18.5681171 ], [ 73.8137604, 18.5681217 ], [ 73.8138463, 18.568109 ], [ 73.8139629, 18.5680886 ], [ 73.8140514, 18.5681052 ], [ 73.8141614, 18.5680645 ], [ 73.8143706, 18.5680492 ], [ 73.8145771, 18.5680413 ], [ 73.8149446, 18.5680823 ], [ 73.815425, 18.5681785 ], [ 73.8161734, 18.5683419 ], [ 73.817017, 18.5685139 ], [ 73.8178425, 18.5686085 ], [ 73.8190082, 18.5687547 ], [ 73.8204495, 18.5690453 ], [ 73.8219101, 18.5690797 ], [ 73.8232889, 18.5688733 ], [ 73.8266845, 18.5679771 ], [ 73.82817, 18.567778 ], [ 73.8293054, 18.5682584 ], [ 73.830383, 18.56928 ], [ 73.8310309, 18.5701616 ], [ 73.8311631, 18.5704348 ], [ 73.8317429, 18.5716331 ], [ 73.8322112, 18.5724601 ], [ 73.8326859, 18.5729891 ], [ 73.8336505, 18.5735383 ], [ 73.8330924, 18.5743957 ], [ 73.8324421, 18.5739924 ], [ 73.8316467, 18.5736823 ], [ 73.8313709, 18.5730803 ], [ 73.8313773, 18.572752 ], [ 73.8311335, 18.5724236 ], [ 73.8307102, 18.5719676 ], [ 73.8304408, 18.5710372 ], [ 73.8301649, 18.5700704 ], [ 73.829902, 18.5696022 ], [ 73.8293311, 18.5690671 ], [ 73.828619, 18.5686233 ], [ 73.8277082, 18.5683983 ], [ 73.8267973, 18.5685016 ], [ 73.8254438, 18.5689212 ], [ 73.8241738, 18.5693164 ], [ 73.8233655, 18.5695232 ], [ 73.8225765, 18.569663 ], [ 73.8212167, 18.5696995 ], [ 73.8195681, 18.5696083 ], [ 73.8179003, 18.5693408 ], [ 73.8164571, 18.5690732 ], [ 73.8153345, 18.5688422 ], [ 73.8136796, 18.5684956 ], [ 73.8125121, 18.5683253 ], [ 73.8113746, 18.5682854 ], [ 73.8110071, 18.5684344 ], [ 73.8108972, 18.5684777 ], [ 73.8108247, 18.5684243 ], [ 73.8107362, 18.5683937 ], [ 73.810645, 18.5683734 ], [ 73.8105458, 18.568381 ], [ 73.8104466, 18.5684039 ], [ 73.8103312, 18.5683937 ], [ 73.8101323, 18.5683618 ], [ 73.8092396, 18.5683887 ], [ 73.8088211, 18.5684446 ], [ 73.8084004, 18.568532 ], [ 73.8067198, 18.5689334 ], [ 73.8048211, 18.5693529 ], [ 73.8044426, 18.5694989 ], [ 73.8039514, 18.5697307 ], [ 73.802916, 18.569888 ], [ 73.8019859, 18.5698941 ], [ 73.801447, 18.5699002 ], [ 73.7997792, 18.5694259 ], [ 73.7982718, 18.5685929 ], [ 73.79747, 18.5680821 ], [ 73.7970315, 18.5678064 ], [ 73.7969732, 18.5677441 ], [ 73.7968558, 18.5676653 ], [ 73.7967827, 18.5676526 ], [ 73.7967204, 18.5676081 ], [ 73.7966821, 18.5676011 ], [ 73.7966466, 18.5675814 ], [ 73.7966325, 18.5675566 ], [ 73.7966223, 18.5675361 ], [ 73.796603, 18.5675229 ], [ 73.7965842, 18.5675293 ], [ 73.7965588, 18.5675153 ], [ 73.7965474, 18.5674841 ], [ 73.796548, 18.5674555 ], [ 73.7965279, 18.5674504 ], [ 73.796495, 18.567432 ], [ 73.7964883, 18.5674098 ], [ 73.7964743, 18.5674034 ], [ 73.7964441, 18.5673964 ], [ 73.7964139, 18.5674117 ], [ 73.796373, 18.5674148 ], [ 73.7963355, 18.5674053 ], [ 73.7963174, 18.5673805 ], [ 73.7963214, 18.5673519 ], [ 73.7962644, 18.5673131 ], [ 73.7962174, 18.5672578 ], [ 73.7962047, 18.5672381 ], [ 73.7962003, 18.5672159 ], [ 73.7961799, 18.5671409 ], [ 73.7961423, 18.5671047 ], [ 73.7960632, 18.5670767 ], [ 73.7960082, 18.5670907 ], [ 73.7959594, 18.5670699 ], [ 73.7953404, 18.5663004 ], [ 73.7945001, 18.5653397 ], [ 73.7934253, 18.5645671 ], [ 73.7931886, 18.5643008 ], [ 73.7931356, 18.5641755 ], [ 73.7930873, 18.5640255 ], [ 73.7930498, 18.5639696 ], [ 73.7930685, 18.5638247 ], [ 73.793039, 18.5636746 ], [ 73.7929586, 18.5635475 ], [ 73.7927842, 18.5634687 ], [ 73.7926796, 18.5635094 ], [ 73.7925278, 18.5635716 ], [ 73.7924382, 18.5636492 ], [ 73.7923416, 18.5637026 ], [ 73.7920896, 18.5638254 ], [ 73.791986, 18.5638569 ], [ 73.7914403, 18.5639472 ], [ 73.7903884, 18.5641539 ], [ 73.7893431, 18.5644128 ] ] ] } },
{ "type": "Feature", "properties": { "osm_id": 206255009, "name": "", "water": "river", "natural": "water", "landuse": "", "operator": "" }, "geometry": { "type": "Polygon", "coordinates": [ [ [ 73.9519496, 18.5462356 ], [ 73.9535296, 18.546306 ], [ 73.9565889, 18.547099 ], [ 73.958389, 18.5473645 ], [ 73.9607065, 18.5467803 ], [ 73.9636016, 18.5450199 ], [ 73.9675466, 18.54371 ], [ 73.9697322, 18.5434628 ], [ 73.9724482, 18.5422809 ], [ 73.9736495, 18.541094 ], [ 73.9751125, 18.538966 ], [ 73.9759834, 18.5358181 ], [ 73.9769641, 18.5341649 ], [ 73.97842, 18.5326459 ], [ 73.9804342, 18.5312105 ], [ 73.9836158, 18.5286196 ], [ 73.9872849, 18.5268801 ], [ 73.9909708, 18.5242405 ], [ 73.9919505, 18.5230019 ], [ 73.9906939, 18.5221178 ], [ 73.9897977, 18.5230774 ], [ 73.9889722, 18.5238601 ], [ 73.9879381, 18.5246945 ], [ 73.9865229, 18.5255202 ], [ 73.9847358, 18.5265696 ], [ 73.9818964, 18.5281781 ], [ 73.9796285, 18.5297693 ], [ 73.9783495, 18.5308358 ], [ 73.9769252, 18.5322292 ], [ 73.9761814, 18.5332356 ], [ 73.9752833, 18.5348784 ], [ 73.9745031, 18.5367534 ], [ 73.9742582, 18.5378973 ], [ 73.9735804, 18.5393833 ], [ 73.9735337, 18.5394857 ], [ 73.9727639, 18.540921 ], [ 73.971635, 18.5414805 ], [ 73.9702346, 18.5420188 ], [ 73.9697362, 18.5422103 ], [ 73.9674783, 18.5427455 ], [ 73.9646559, 18.5432077 ], [ 73.9628085, 18.5441321 ], [ 73.9612434, 18.5452024 ], [ 73.9587289, 18.5461754 ], [ 73.9576859, 18.5462322 ], [ 73.9566788, 18.5461228 ], [ 73.9556268, 18.5458673 ], [ 73.9547288, 18.545466 ], [ 73.95351, 18.545168 ], [ 73.9526056, 18.5451862 ], [ 73.9523163, 18.5452006 ], [ 73.952368, 18.5450427 ], [ 73.9521289, 18.5449721 ], [ 73.951927, 18.54504 ], [ 73.9517753, 18.5449206 ], [ 73.9517452, 18.544474 ], [ 73.9516693, 18.5444659 ], [ 73.9515483, 18.5460946 ], [ 73.9516693, 18.5461014 ], [ 73.9516435, 18.5463648 ], [ 73.9517924, 18.5463593 ], [ 73.9519496, 18.5462356 ] ] ] } },
{ "type": "Feature", "properties": { "osm_id": 207872445, "name": "Peshve Udyan Lake", "water": "", "natural": "water", "landuse": "", "operator": "" }, "geometry": { "type": "Polygon", "coordinates": [ [ [ 73.8509844, 18.5024478 ], [ 73.8510658, 18.5024298 ], [ 73.8511417, 18.5023938 ], [ 73.8512095, 18.5023243 ], [ 73.8512935, 18.5022935 ], [ 73.8514156, 18.5023012 ], [ 73.8515403, 18.5022549 ], [ 73.8516759, 18.5021958 ], [ 73.8518331, 18.5021623 ], [ 73.8520202, 18.5021315 ], [ 73.8520745, 18.5021701 ], [ 73.8520745, 18.5022703 ], [ 73.8518955, 18.5024195 ], [ 73.8517735, 18.5025429 ], [ 73.8516433, 18.5026432 ], [ 73.8515349, 18.5027126 ], [ 73.8514562, 18.5027306 ], [ 73.8512664, 18.5027692 ], [ 73.8511525, 18.5027666 ], [ 73.8510387, 18.5026843 ], [ 73.8510007, 18.5025609 ], [ 73.8509709, 18.5024889 ], [ 73.8509844, 18.5024478 ] ] ] } },
{ "type": "Feature", "properties": { "osm_id": 207899979, "name": "", "water": "", "natural": "water", "landuse": "", "operator": "" }, "geometry": { "type": "Polygon", "coordinates": [ [ [ 73.8534301, 18.5009007 ], [ 73.8537389, 18.5008961 ], [ 73.8537379, 18.5008346 ], [ 73.8534291, 18.5008392 ], [ 73.8534301, 18.5009007 ] ] ] } },
{ "type": "Feature", "properties": { "osm_id": 210605038, "name": "", "water": "", "natural": "water", "landuse": "", "operator": "" }, "geometry": { "type": "Polygon", "coordinates": [ [ [ 73.8542968, 18.4752609 ], [ 73.8543144, 18.4753457 ], [ 73.8543236, 18.4753735 ], [ 73.8544757, 18.4752894 ], [ 73.8545175, 18.4751356 ], [ 73.8544557, 18.4751134 ], [ 73.8544322, 18.4750643 ], [ 73.854454, 18.4749755 ], [ 73.8541516, 18.4749469 ], [ 73.854124, 18.4749667 ], [ 73.8540948, 18.4750873 ], [ 73.8541018, 18.475103 ], [ 73.8541267, 18.475094 ], [ 73.8541609, 18.4750962 ], [ 73.8541657, 18.4751175 ], [ 73.854155, 18.4751512 ], [ 73.8541385, 18.4751803 ], [ 73.8541338, 18.475205 ], [ 73.8541385, 18.4752151 ], [ 73.8541559, 18.47523 ], [ 73.8541796, 18.475249 ], [ 73.8542221, 18.4752636 ], [ 73.8542777, 18.4752412 ], [ 73.8542968, 18.4752609 ] ] ] } },
{ "type": "Feature", "properties": { "osm_id": 211118625, "name": "", "water": "river", "natural": "water", "landuse": "", "operator": "" }, "geometry": { "type": "Polygon", "coordinates": [ [ [ 73.7338844, 18.5690529 ], [ 73.7320927, 18.5674253 ], [ 73.7308384, 18.5666334 ], [ 73.730644, 18.5664013 ], [ 73.7305002, 18.5663248 ], [ 73.7304093, 18.5660281 ], [ 73.7300433, 18.5657075 ], [ 73.7298818, 18.5655161 ], [ 73.7294149, 18.5653367 ], [ 73.7290565, 18.5650376 ], [ 73.7286022, 18.5647696 ], [ 73.7282034, 18.5646835 ], [ 73.7278854, 18.5646213 ], [ 73.7265806, 18.5646117 ], [ 73.7261919, 18.5646811 ], [ 73.7254045, 18.5647792 ], [ 73.7238018, 18.5653295 ], [ 73.7234055, 18.5653295 ], [ 73.7226989, 18.5652075 ], [ 73.7223884, 18.5653821 ], [ 73.7219644, 18.5653917 ], [ 73.7216742, 18.5653199 ], [ 73.7213663, 18.5652744 ], [ 73.720233, 18.5649371 ], [ 73.7191654, 18.5646859 ], [ 73.7182139, 18.5643892 ], [ 73.7181631, 18.5643842 ], [ 73.717901, 18.5643581 ], [ 73.7176637, 18.5642983 ], [ 73.7171186, 18.5642959 ], [ 73.7167349, 18.5643461 ], [ 73.7165406, 18.5644107 ], [ 73.7161746, 18.564406 ], [ 73.7156472, 18.5647411 ], [ 73.7154478, 18.5650208 ], [ 73.7141202, 18.5653845 ], [ 73.7133933, 18.5655281 ], [ 73.7129113, 18.5657673 ], [ 73.7124772, 18.5658176 ], [ 73.7114171, 18.5654347 ], [ 73.7108265, 18.5653414 ], [ 73.7103748, 18.5651764 ], [ 73.7092491, 18.5644706 ], [ 73.7091456, 18.5639585 ], [ 73.7091381, 18.5636021 ], [ 73.7092037, 18.5633054 ], [ 73.7091961, 18.5628077 ], [ 73.7096025, 18.5615732 ], [ 73.709817, 18.5612382 ], [ 73.7101956, 18.560908 ], [ 73.71066, 18.5598529 ], [ 73.7111496, 18.5593385 ], [ 73.7114247, 18.558915 ], [ 73.7117806, 18.5586757 ], [ 73.7120809, 18.5584005 ], [ 73.7122172, 18.5581756 ], [ 73.7123712, 18.558135 ], [ 73.7138401, 18.5567496 ], [ 73.7139284, 18.5564027 ], [ 73.7141328, 18.5561299 ], [ 73.7142716, 18.5555102 ], [ 73.7145291, 18.5550819 ], [ 73.7145038, 18.5544814 ], [ 73.7145265, 18.5539191 ], [ 73.7144508, 18.5537803 ], [ 73.7144029, 18.5534094 ], [ 73.7142287, 18.5529309 ], [ 73.7142313, 18.5527227 ], [ 73.7141682, 18.5524332 ], [ 73.7140647, 18.5517465 ], [ 73.7139915, 18.5516149 ], [ 73.7139738, 18.5512201 ], [ 73.7136962, 18.5511579 ], [ 73.7128684, 18.5504855 ], [ 73.7125604, 18.5502798 ], [ 73.7122021, 18.5499496 ], [ 73.711884, 18.5497486 ], [ 73.7117326, 18.5496146 ], [ 73.7113667, 18.549416 ], [ 73.7110916, 18.5492341 ], [ 73.7107887, 18.5491504 ], [ 73.7107004, 18.5490307 ], [ 73.7102915, 18.548935 ], [ 73.7099356, 18.5487508 ], [ 73.7097741, 18.5487077 ], [ 73.7092163, 18.5484325 ], [ 73.7086131, 18.5482244 ], [ 73.7083229, 18.5481023 ], [ 73.7073411, 18.5478415 ], [ 73.706594, 18.5475018 ], [ 73.7059883, 18.5473558 ], [ 73.7054381, 18.5470758 ], [ 73.7050797, 18.5470399 ], [ 73.7044008, 18.5463963 ], [ 73.7036007, 18.5449797 ], [ 73.7034947, 18.544695 ], [ 73.7032625, 18.5441614 ], [ 73.7030934, 18.5434459 ], [ 73.7028561, 18.5424505 ], [ 73.7028187, 18.5421863 ], [ 73.7027527, 18.5417207 ], [ 73.7025306, 18.5410148 ], [ 73.7023337, 18.5406487 ], [ 73.7023514, 18.540206 ], [ 73.7021772, 18.540017 ], [ 73.7019475, 18.539536 ], [ 73.7016699, 18.5384855 ], [ 73.7016018, 18.5383491 ], [ 73.7015463, 18.537234 ], [ 73.7016724, 18.5365688 ], [ 73.7016724, 18.5359705 ], [ 73.7014251, 18.5350492 ], [ 73.7016018, 18.5348482 ], [ 73.7015614, 18.5344965 ], [ 73.7013317, 18.5340705 ], [ 73.7008396, 18.5335656 ], [ 73.7001329, 18.5325653 ], [ 73.6999991, 18.5324648 ], [ 73.6990299, 18.5315531 ], [ 73.6984277, 18.5308136 ], [ 73.6967266, 18.5315336 ], [ 73.6972104, 18.5318922 ], [ 73.6974048, 18.5320597 ], [ 73.6976218, 18.5322081 ], [ 73.6979297, 18.5324545 ], [ 73.698384, 18.5327632 ], [ 73.6987702, 18.533182 ], [ 73.6996863, 18.5337444 ], [ 73.7000447, 18.5338951 ], [ 73.700446, 18.5344 ], [ 73.7006732, 18.5350509 ], [ 73.700764, 18.535228 ], [ 73.7008423, 18.5355271 ], [ 73.7008852, 18.5356539 ], [ 73.7009685, 18.5359866 ], [ 73.7010164, 18.537207 ], [ 73.7009609, 18.5373984 ], [ 73.7009609, 18.5378315 ], [ 73.7010543, 18.538626 ], [ 73.7011048, 18.5393462 ], [ 73.7011754, 18.5395137 ], [ 73.7012436, 18.5398727 ], [ 73.7014505, 18.5405762 ], [ 73.7014808, 18.5408035 ], [ 73.7015717, 18.5410906 ], [ 73.7017504, 18.5422786 ], [ 73.7017711, 18.5424163 ], [ 73.7018973, 18.5427274 ], [ 73.701973, 18.5429403 ], [ 73.7022607, 18.5434883 ], [ 73.7023768, 18.5439358 ], [ 73.7026267, 18.5443784 ], [ 73.7027781, 18.5447445 ], [ 73.7031415, 18.5454217 ], [ 73.7032702, 18.5456059 ], [ 73.7034267, 18.5458548 ], [ 73.7035529, 18.5460558 ], [ 73.7037775, 18.5465942 ], [ 73.7038331, 18.5466755 ], [ 73.7038684, 18.5467641 ], [ 73.7040249, 18.5467832 ], [ 73.7043202, 18.5471038 ], [ 73.7043505, 18.5471469 ], [ 73.7046407, 18.5474436 ], [ 73.7046811, 18.547501 ], [ 73.7046786, 18.547702 ], [ 73.7047366, 18.5477858 ], [ 73.7051758, 18.547793 ], [ 73.7053398, 18.5478336 ], [ 73.7060162, 18.5478312 ], [ 73.7063317, 18.5479964 ], [ 73.7070308, 18.548183 ], [ 73.7072403, 18.5482045 ], [ 73.7074624, 18.5483385 ], [ 73.7079949, 18.5485587 ], [ 73.7082726, 18.5486759 ], [ 73.7085199, 18.5487453 ], [ 73.7089338, 18.5489032 ], [ 73.7091584, 18.54903 ], [ 73.7095648, 18.5492119 ], [ 73.7098702, 18.5493124 ], [ 73.7102336, 18.5495325 ], [ 73.71038, 18.5495086 ], [ 73.7108974, 18.5498244 ], [ 73.7114804, 18.550047 ], [ 73.7119347, 18.5504083 ], [ 73.7121114, 18.5505064 ], [ 73.7122906, 18.5506356 ], [ 73.7123865, 18.5506451 ], [ 73.7124319, 18.5507337 ], [ 73.7126692, 18.5508509 ], [ 73.712755, 18.5509849 ], [ 73.7132042, 18.5514563 ], [ 73.7134919, 18.551954 ], [ 73.7135702, 18.5522531 ], [ 73.7135525, 18.552454 ], [ 73.713608, 18.5526718 ], [ 73.7136409, 18.5530809 ], [ 73.7137746, 18.5534351 ], [ 73.7138478, 18.5541505 ], [ 73.713767, 18.554708 ], [ 73.7136787, 18.5549281 ], [ 73.7136459, 18.5551243 ], [ 73.7135727, 18.5552631 ], [ 73.7134061, 18.5554162 ], [ 73.7133607, 18.5554425 ], [ 73.71329, 18.5556842 ], [ 73.7132093, 18.5558325 ], [ 73.7132825, 18.5561029 ], [ 73.7132396, 18.5561388 ], [ 73.7130225, 18.556524 ], [ 73.7126793, 18.5568518 ], [ 73.7123057, 18.557127 ], [ 73.7117883, 18.5576653 ], [ 73.7115258, 18.5578711 ], [ 73.7114173, 18.5579237 ], [ 73.7111826, 18.5581725 ], [ 73.7109681, 18.5583568 ], [ 73.7105213, 18.5588186 ], [ 73.7103851, 18.5590506 ], [ 73.7099535, 18.559656 ], [ 73.7098651, 18.5598163 ], [ 73.7094815, 18.5602278 ], [ 73.709426, 18.5604288 ], [ 73.7091711, 18.5606872 ], [ 73.7088783, 18.5612542 ], [ 73.7087344, 18.5619864 ], [ 73.708631, 18.5621156 ], [ 73.7085603, 18.5630487 ], [ 73.7085098, 18.5633047 ], [ 73.7085603, 18.5633908 ], [ 73.7086335, 18.56441 ], [ 73.7086865, 18.5645608 ], [ 73.7087168, 18.5646565 ], [ 73.7091584, 18.5653144 ], [ 73.7101251, 18.5659891 ], [ 73.7106955, 18.5661733 ], [ 73.7108444, 18.5662044 ], [ 73.7112154, 18.5663241 ], [ 73.7113668, 18.5663528 ], [ 73.7117278, 18.5665155 ], [ 73.7118287, 18.5665179 ], [ 73.7118767, 18.5665131 ], [ 73.7126868, 18.5664915 ], [ 73.7127398, 18.5664748 ], [ 73.7138554, 18.5664054 ], [ 73.7139059, 18.5663982 ], [ 73.7146807, 18.5663695 ], [ 73.7150567, 18.5661685 ], [ 73.7154732, 18.5660178 ], [ 73.7165433, 18.5655513 ], [ 73.717621, 18.5653192 ], [ 73.7179996, 18.5653168 ], [ 73.718041, 18.565327 ], [ 73.7183984, 18.5654149 ], [ 73.7186583, 18.5654101 ], [ 73.7188047, 18.5653575 ], [ 73.7193221, 18.5653599 ], [ 73.7199001, 18.5655632 ], [ 73.7202408, 18.5656542 ], [ 73.7205411, 18.5657953 ], [ 73.7210156, 18.5659054 ], [ 73.7216314, 18.5659771 ], [ 73.7218258, 18.5660298 ], [ 73.7222624, 18.5660178 ], [ 73.7223104, 18.5660106 ], [ 73.7231609, 18.5659508 ], [ 73.723802, 18.565824 ], [ 73.7240317, 18.5658025 ], [ 73.7252229, 18.565391 ], [ 73.7262501, 18.5651709 ], [ 73.7270351, 18.5651326 ], [ 73.7281708, 18.5652833 ], [ 73.7290769, 18.5655896 ], [ 73.7296523, 18.5658982 ], [ 73.7301697, 18.5663432 ], [ 73.7304953, 18.5667786 ], [ 73.7305634, 18.5669102 ], [ 73.7308335, 18.5672021 ], [ 73.731101, 18.5675538 ], [ 73.7317421, 18.5679223 ], [ 73.7320147, 18.5681615 ], [ 73.7322368, 18.568274 ], [ 73.7324866, 18.5684773 ], [ 73.7325851, 18.5685395 ], [ 73.7334399, 18.5693711 ], [ 73.7338844, 18.5690529 ] ] ] } },
{ "type": "Feature", "properties": { "osm_id": 216506296, "name": "Macchi Garden Talav", "water": "pond", "natural": "water", "landuse": "", "operator": "" }, "geometry": { "type": "Polygon", "coordinates": [ [ [ 73.8737121, 18.5210749 ], [ 73.8743002, 18.5208399 ], [ 73.8743125, 18.5208924 ], [ 73.8744404, 18.5209255 ], [ 73.8745524, 18.5213114 ], [ 73.8746199, 18.5213672 ], [ 73.8746678, 18.521459 ], [ 73.8746602, 18.5215942 ], [ 73.8745709, 18.5216953 ], [ 73.8744382, 18.5218078 ], [ 73.8742064, 18.5219171 ], [ 73.8740519, 18.5219305 ], [ 73.8739191, 18.5218728 ], [ 73.8738788, 18.5218098 ], [ 73.8738886, 18.5217376 ], [ 73.8739844, 18.5216767 ], [ 73.8740007, 18.5216107 ], [ 73.873918, 18.521556 ], [ 73.8738919, 18.521558 ], [ 73.8738386, 18.5214972 ], [ 73.8738255, 18.5214126 ], [ 73.8737896, 18.5213187 ], [ 73.8737121, 18.5210749 ] ] ] } },
{ "type": "Feature", "properties": { "osm_id": 217519992, "name": "", "water": "", "natural": "water", "landuse": "", "operator": "" }, "geometry": { "type": "Polygon", "coordinates": [ [ [ 73.9806365, 18.4267552 ], [ 73.9805589, 18.4269024 ], [ 73.9805734, 18.4269177 ], [ 73.9805443, 18.4270205 ], [ 73.9805944, 18.4270251 ], [ 73.9806155, 18.4269776 ], [ 73.9806365, 18.4269852 ], [ 73.9806413, 18.4270044 ], [ 73.9806729, 18.4270059 ], [ 73.9806745, 18.4270359 ], [ 73.9808022, 18.4270543 ], [ 73.9808499, 18.4270573 ], [ 73.9810067, 18.4270443 ], [ 73.9810932, 18.4270581 ], [ 73.9811369, 18.4270512 ], [ 73.981187, 18.4270128 ], [ 73.9812339, 18.42693 ], [ 73.98125, 18.4268464 ], [ 73.9812517, 18.4267874 ], [ 73.9812606, 18.4267237 ], [ 73.9812533, 18.42669 ], [ 73.9812517, 18.4266654 ], [ 73.9812428, 18.426637 ], [ 73.9812088, 18.4266409 ], [ 73.9811927, 18.4266071 ], [ 73.9811741, 18.4265765 ], [ 73.9811207, 18.4265435 ], [ 73.9810714, 18.4265297 ], [ 73.9810439, 18.4265113 ], [ 73.9810334, 18.4264898 ], [ 73.9810091, 18.4264898 ], [ 73.9809938, 18.4264936 ], [ 73.980993, 18.4265251 ], [ 73.9809897, 18.426535 ], [ 73.9809784, 18.426532 ], [ 73.9809623, 18.4265511 ], [ 73.9809429, 18.4265542 ], [ 73.9809138, 18.4265619 ], [ 73.9808895, 18.4265818 ], [ 73.980879, 18.4265964 ], [ 73.9808838, 18.4266156 ], [ 73.9808636, 18.426624 ], [ 73.9808256, 18.4266255 ], [ 73.9807982, 18.4266577 ], [ 73.9807569, 18.426726 ], [ 73.9807238, 18.4267889 ], [ 73.9807052, 18.4267889 ], [ 73.9806939, 18.4267966 ], [ 73.9806583, 18.4267812 ], [ 73.9806365, 18.4267552 ] ] ] } },
{ "type": "Feature", "properties": { "osm_id": 218229460, "name": "", "water": "", "natural": "water", "landuse": "", "operator": "" }, "geometry": { "type": "Polygon", "coordinates": [ [ [ 73.8123861, 18.5024185 ], [ 73.8123789, 18.5024068 ], [ 73.8123676, 18.5023987 ], [ 73.8123538, 18.5023953 ], [ 73.8123398, 18.5023971 ], [ 73.8123275, 18.5024039 ], [ 73.8123189, 18.5024147 ], [ 73.8123153, 18.5024277 ], [ 73.8123172, 18.5024411 ], [ 73.8123244, 18.5024527 ], [ 73.8123358, 18.5024609 ], [ 73.8123495, 18.5024643 ], [ 73.8123636, 18.5024624 ], [ 73.8123759, 18.5024556 ], [ 73.8123844, 18.5024449 ], [ 73.812388, 18.5024318 ], [ 73.8123861, 18.5024185 ] ] ] } },
{ "type": "Feature", "properties": { "osm_id": 223515621, "name": "", "water": "", "natural": "water", "landuse": "", "operator": "" }, "geometry": { "type": "Polygon", "coordinates": [ [ [ 73.8850977, 18.4331638 ], [ 73.8852103, 18.433174 ], [ 73.8852211, 18.4331918 ], [ 73.8852774, 18.4331867 ], [ 73.8852962, 18.433174 ], [ 73.8853525, 18.4331944 ], [ 73.8853713, 18.4331842 ], [ 73.8853874, 18.4332427 ], [ 73.885431, 18.4332632 ], [ 73.8854658, 18.4332683 ], [ 73.8854705, 18.4332351 ], [ 73.8855563, 18.4332758 ], [ 73.8856268, 18.433309 ], [ 73.8856636, 18.4332962 ], [ 73.8857334, 18.4333063 ], [ 73.8857521, 18.4333649 ], [ 73.8858085, 18.4333649 ], [ 73.8858816, 18.4334286 ], [ 73.8857226, 18.433571 ], [ 73.8857072, 18.433622 ], [ 73.8856563, 18.4336424 ], [ 73.885618, 18.4336397 ], [ 73.8855724, 18.4336906 ], [ 73.8855409, 18.4337034 ], [ 73.8854839, 18.4336931 ], [ 73.8854524, 18.4336627 ], [ 73.8853927, 18.4336702 ], [ 73.8853444, 18.4336575 ], [ 73.8852881, 18.4336829 ], [ 73.8852291, 18.4336728 ], [ 73.8852056, 18.4336678 ], [ 73.885152, 18.4336856 ], [ 73.8850554, 18.4336856 ], [ 73.8849991, 18.43365 ], [ 73.8849562, 18.4336347 ], [ 73.8849448, 18.4335888 ], [ 73.8848891, 18.4335584 ], [ 73.8848482, 18.4335125 ], [ 73.8848375, 18.4334641 ], [ 73.8848214, 18.4333954 ], [ 73.8848295, 18.4333089 ], [ 73.8848777, 18.4332707 ], [ 73.884926, 18.4332478 ], [ 73.8849502, 18.4331893 ], [ 73.8848751, 18.4332046 ], [ 73.8848355, 18.4331894 ], [ 73.8847792, 18.4332225 ], [ 73.8846873, 18.4332122 ], [ 73.8846444, 18.4332198 ], [ 73.8846068, 18.4331867 ], [ 73.8845452, 18.4332453 ], [ 73.8844573, 18.4332658 ], [ 73.8843949, 18.4332733 ], [ 73.8843601, 18.4332351 ], [ 73.884403, 18.4331638 ], [ 73.8845049, 18.4331511 ], [ 73.8845854, 18.4331486 ], [ 73.8846156, 18.4330902 ], [ 73.8846739, 18.4331104 ], [ 73.8847436, 18.4331002 ], [ 73.8848482, 18.4331155 ], [ 73.8849126, 18.4331079 ], [ 73.8849743, 18.4331053 ], [ 73.8850742, 18.4331182 ], [ 73.8850977, 18.4331638 ] ] ] } },
{ "type": "Feature", "properties": { "osm_id": 224727405, "name": "", "water": "", "natural": "water", "landuse": "", "operator": "" }, "geometry": { "type": "Polygon", "coordinates": [ [ [ 73.9350096, 18.5186834 ], [ 73.9351195, 18.5186942 ], [ 73.9351479, 18.5184336 ], [ 73.935038, 18.5184228 ], [ 73.9350096, 18.5186834 ] ] ] } },
{ "type": "Feature", "properties": { "osm_id": 229970439, "name": "", "water": "", "natural": "water", "landuse": "", "operator": "" }, "geometry": { "type": "Polygon", "coordinates": [ [ [ 73.833231, 18.5598124 ], [ 73.8332461, 18.5598895 ], [ 73.8332442, 18.5599863 ], [ 73.8334069, 18.5600454 ], [ 73.8334522, 18.5600329 ], [ 73.833526, 18.5600723 ], [ 73.8335827, 18.560049 ], [ 73.8336224, 18.5600114 ], [ 73.833647, 18.5599648 ], [ 73.833683, 18.5599074 ], [ 73.8337359, 18.5598536 ], [ 73.8338399, 18.5598787 ], [ 73.8339175, 18.5599217 ], [ 73.8339855, 18.5599307 ], [ 73.8340044, 18.5598733 ], [ 73.8339137, 18.5598052 ], [ 73.8338569, 18.5597425 ], [ 73.8338815, 18.5597138 ], [ 73.8340007, 18.5596743 ], [ 73.8340423, 18.5596582 ], [ 73.8340479, 18.5596295 ], [ 73.8339099, 18.5596026 ], [ 73.8338078, 18.5595506 ], [ 73.8337283, 18.559522 ], [ 73.8336546, 18.5595381 ], [ 73.8335771, 18.5595973 ], [ 73.8335468, 18.5596026 ], [ 73.8335657, 18.5596618 ], [ 73.8334939, 18.5597281 ], [ 73.8334239, 18.5597084 ], [ 73.8333728, 18.5597174 ], [ 73.8333407, 18.5597532 ], [ 73.8333747, 18.5598303 ], [ 73.8333974, 18.5598733 ], [ 73.8333615, 18.5598823 ], [ 73.8333237, 18.55985 ], [ 73.8332707, 18.5598088 ], [ 73.833231, 18.5598124 ] ] ] } },
{ "type": "Feature", "properties": { "osm_id": 239962334, "name": "", "water": "", "natural": "water", "landuse": "", "operator": "" }, "geometry": { "type": "Polygon", "coordinates": [ [ [ 73.7589961, 18.5738022 ], [ 73.7590451, 18.5738064 ], [ 73.7591292, 18.5738479 ], [ 73.7591423, 18.5738678 ], [ 73.7591747, 18.573935 ], [ 73.7591765, 18.5739575 ], [ 73.7591677, 18.5739815 ], [ 73.7591196, 18.5740496 ], [ 73.759102, 18.574067 ], [ 73.7590189, 18.5740895 ], [ 73.758997, 18.5740861 ], [ 73.7589269, 18.5740471 ], [ 73.7589173, 18.5740322 ], [ 73.7588849, 18.5739774 ], [ 73.7588831, 18.5739616 ], [ 73.7588901, 18.5738969 ], [ 73.758898, 18.5738803 ], [ 73.758912, 18.573867 ], [ 73.7589216, 18.5738487 ], [ 73.7589269, 18.5738296 ], [ 73.7589427, 18.5738147 ], [ 73.7589961, 18.5738022 ] ] ] } },
{ "type": "Feature", "properties": { "osm_id": 245762424, "name": "", "water": "river", "natural": "water", "landuse": "", "operator": "" }, "geometry": { "type": "Polygon", "coordinates": [ [ [ 73.8208523, 18.5786967 ], [ 73.820273, 18.5789292 ], [ 73.8202752, 18.5790744 ], [ 73.8203005, 18.579189 ], [ 73.8203395, 18.5793017 ], [ 73.8203804, 18.57942 ], [ 73.8203882, 18.5794902 ], [ 73.820398, 18.5795844 ], [ 73.8204525, 18.5797138 ], [ 73.8205091, 18.5797784 ], [ 73.8205754, 18.5797914 ], [ 73.8206436, 18.5797951 ], [ 73.8207196, 18.57976 ], [ 73.8208112, 18.5797544 ], [ 73.8208619, 18.5797747 ], [ 73.8209906, 18.5798413 ], [ 73.8210607, 18.5798468 ], [ 73.8211407, 18.5799004 ], [ 73.8212303, 18.5799965 ], [ 73.8213142, 18.5800722 ], [ 73.8214214, 18.5801443 ], [ 73.8215266, 18.5801628 ], [ 73.821589, 18.5802034 ], [ 73.8216456, 18.5802718 ], [ 73.8217274, 18.5803143 ], [ 73.8218405, 18.5803586 ], [ 73.8219126, 18.5803882 ], [ 73.8219906, 18.5804418 ], [ 73.8220647, 18.5804399 ], [ 73.8221232, 18.580475 ], [ 73.8222733, 18.5805471 ], [ 73.8224078, 18.5806192 ], [ 73.8225228, 18.5806783 ], [ 73.8226222, 18.5807393 ], [ 73.8226846, 18.5807356 ], [ 73.822784, 18.5807818 ], [ 73.8228854, 18.580828 ], [ 73.8229633, 18.5808427 ], [ 73.8230179, 18.580839 ], [ 73.8231193, 18.5808317 ], [ 73.8231875, 18.580852 ], [ 73.8234741, 18.580937 ], [ 73.8235072, 18.5810035 ], [ 73.8236008, 18.5810275 ], [ 73.8236729, 18.5810441 ], [ 73.8237587, 18.5810053 ], [ 73.8238405, 18.581022 ], [ 73.8239517, 18.5810645 ], [ 73.8239887, 18.5811088 ], [ 73.8240452, 18.5811033 ], [ 73.8241154, 18.5811458 ], [ 73.8242187, 18.5811587 ], [ 73.824363, 18.5811772 ], [ 73.8244624, 18.5811661 ], [ 73.8245365, 18.581216 ], [ 73.8246378, 18.5812382 ], [ 73.824708, 18.5812733 ], [ 73.8247548, 18.5813232 ], [ 73.8248562, 18.5813472 ], [ 73.8249907, 18.5814082 ], [ 73.8250024, 18.5814636 ], [ 73.8250452, 18.5814987 ], [ 73.8251291, 18.5815338 ], [ 73.82517, 18.5815652 ], [ 73.8251817, 18.5816096 ], [ 73.8252109, 18.5816243 ], [ 73.8252519, 18.5816872 ], [ 73.8252382, 18.581774 ], [ 73.825248, 18.5818313 ], [ 73.8252831, 18.5819126 ], [ 73.8253513, 18.5820253 ], [ 73.8253776, 18.5821083 ], [ 73.8254065, 18.582188 ], [ 73.8254314, 18.5822703 ], [ 73.8254699, 18.5823618 ], [ 73.8254892, 18.5824362 ], [ 73.8255251, 18.5825055 ], [ 73.8255416, 18.5825551 ], [ 73.8255637, 18.5826296 ], [ 73.8255664, 18.5826675 ], [ 73.8255912, 18.5828047 ], [ 73.8256533, 18.5828308 ], [ 73.825674, 18.5828909 ], [ 73.8256808, 18.5829405 ], [ 73.8261206, 18.5828439 ], [ 73.8261013, 18.5827472 ], [ 73.8261082, 18.5826988 ], [ 73.8260723, 18.5825198 ], [ 73.8260117, 18.5823866 ], [ 73.8259951, 18.5822651 ], [ 73.8259483, 18.5821409 ], [ 73.8259152, 18.5820312 ], [ 73.8259014, 18.5819384 ], [ 73.8258697, 18.5818496 ], [ 73.825798, 18.5818156 ], [ 73.8257732, 18.5817477 ], [ 73.8257112, 18.5816601 ], [ 73.8256602, 18.5815621 ], [ 73.8256009, 18.5814628 ], [ 73.8255733, 18.5813557 ], [ 73.8255085, 18.5812407 ], [ 73.8253707, 18.5811388 ], [ 73.825237, 18.5810447 ], [ 73.8251088, 18.5810082 ], [ 73.8250027, 18.5810069 ], [ 73.82484, 18.5809716 ], [ 73.8244306, 18.580837 ], [ 73.8242707, 18.5807874 ], [ 73.8235416, 18.5805848 ], [ 73.8234478, 18.5804986 ], [ 73.8233555, 18.5804398 ], [ 73.8231599, 18.580392 ], [ 73.8228499, 18.5803144 ], [ 73.822499, 18.5802072 ], [ 73.8221696, 18.5800908 ], [ 73.8218752, 18.5799818 ], [ 73.8216608, 18.5798469 ], [ 73.8214295, 18.5796885 ], [ 73.8213284, 18.5795732 ], [ 73.8213401, 18.5795405 ], [ 73.8213966, 18.5795294 ], [ 73.8213262, 18.5794401 ], [ 73.8213028, 18.57932 ], [ 73.8213008, 18.5792054 ], [ 73.8212073, 18.5790761 ], [ 73.8210143, 18.5789264 ], [ 73.8209129, 18.5787933 ], [ 73.8208523, 18.5786967 ] ] ] } },
{ "type": "Feature", "properties": { "osm_id": 246580210, "name": "", "water": "river", "natural": "water", "landuse": "", "operator": "" }, "geometry": { "type": "Polygon", "coordinates": [ [ [ 73.8261206, 18.5828439 ], [ 73.8256808, 18.5829405 ], [ 73.8257931, 18.5833194 ], [ 73.8259097, 18.5835161 ], [ 73.8259681, 18.5835537 ], [ 73.8260287, 18.58362 ], [ 73.8262223, 18.5838964 ], [ 73.8263342, 18.5840025 ], [ 73.8263576, 18.5841086 ], [ 73.8264275, 18.5842037 ], [ 73.8264415, 18.5843054 ], [ 73.8264788, 18.5843717 ], [ 73.8265232, 18.5844977 ], [ 73.8266141, 18.584637 ], [ 73.8266608, 18.584732 ], [ 73.8267447, 18.5848426 ], [ 73.8268124, 18.5848956 ], [ 73.826859, 18.5849951 ], [ 73.8269243, 18.5850858 ], [ 73.8270176, 18.5852493 ], [ 73.8271319, 18.585382 ], [ 73.8272724, 18.5855618 ], [ 73.8274044, 18.5856463 ], [ 73.8274703, 18.5857682 ], [ 73.8276023, 18.5859558 ], [ 73.8276979, 18.5861152 ], [ 73.8277837, 18.5861903 ], [ 73.8278661, 18.5863435 ], [ 73.8279684, 18.5864529 ], [ 73.8280402, 18.5864889 ], [ 73.8280636, 18.5865354 ], [ 73.8280682, 18.5866061 ], [ 73.8281382, 18.5866901 ], [ 73.8282898, 18.5868736 ], [ 73.8284157, 18.5870682 ], [ 73.8285184, 18.5872627 ], [ 73.828614, 18.5874241 ], [ 73.8286956, 18.5876739 ], [ 73.8287446, 18.5878309 ], [ 73.8287726, 18.5879524 ], [ 73.8288006, 18.5881801 ], [ 73.8287749, 18.5882465 ], [ 73.8287656, 18.5883548 ], [ 73.8287306, 18.5885228 ], [ 73.828677, 18.5887439 ], [ 73.8286117, 18.5888964 ], [ 73.82853, 18.5890998 ], [ 73.8284461, 18.5892103 ], [ 73.8283831, 18.5893584 ], [ 73.8282968, 18.5895861 ], [ 73.8281825, 18.5898116 ], [ 73.8280612, 18.5900349 ], [ 73.8283901, 18.5901919 ], [ 73.8285184, 18.5899133 ], [ 73.8285953, 18.5897763 ], [ 73.8286863, 18.5896414 ], [ 73.8287633, 18.5895574 ], [ 73.8288612, 18.5893916 ], [ 73.8289592, 18.5893386 ], [ 73.8290432, 18.5892767 ], [ 73.8290385, 18.5892258 ], [ 73.8291015, 18.58906 ], [ 73.8291784, 18.5889008 ], [ 73.8292554, 18.5887085 ], [ 73.829344, 18.5885781 ], [ 73.8293837, 18.5884101 ], [ 73.829393, 18.5882089 ], [ 73.8293417, 18.5880099 ], [ 73.8292671, 18.587895 ], [ 73.8291481, 18.587769 ], [ 73.8290711, 18.5876407 ], [ 73.8289032, 18.5871013 ], [ 73.8287446, 18.5868051 ], [ 73.828621, 18.5866304 ], [ 73.8280519, 18.5859208 ], [ 73.8275947, 18.5852797 ], [ 73.8274945, 18.5850873 ], [ 73.8274035, 18.5850299 ], [ 73.8271633, 18.5846983 ], [ 73.8269953, 18.5844219 ], [ 73.826972, 18.5843202 ], [ 73.826867, 18.5842075 ], [ 73.8267481, 18.5840328 ], [ 73.8266595, 18.5838803 ], [ 73.8265498, 18.5837543 ], [ 73.8264985, 18.5836106 ], [ 73.8264962, 18.5835111 ], [ 73.8264262, 18.583447 ], [ 73.8263376, 18.5833364 ], [ 73.8262163, 18.5831971 ], [ 73.8261673, 18.5830844 ], [ 73.8261206, 18.5828439 ] ] ] } },
{ "type": "Feature", "properties": { "osm_id": 246998816, "name": "", "water": "river", "natural": "water", "landuse": "", "operator": "" }, "geometry": { "type": "Polygon", "coordinates": [ [ [ 73.8283901, 18.5901919 ], [ 73.8280612, 18.5900349 ], [ 73.8277978, 18.5904109 ], [ 73.8276825, 18.5905544 ], [ 73.8275647, 18.5906524 ], [ 73.8273219, 18.5910192 ], [ 73.8271585, 18.591288 ], [ 73.8269421, 18.5916571 ], [ 73.8266897, 18.5919715 ], [ 73.8264902, 18.5923087 ], [ 73.8263292, 18.5925343 ], [ 73.8262907, 18.5925958 ], [ 73.8262859, 18.5926573 ], [ 73.8260071, 18.5929443 ], [ 73.8258027, 18.5930993 ], [ 73.8253965, 18.5934319 ], [ 73.8250432, 18.5936666 ], [ 73.8247427, 18.5938169 ], [ 73.8244807, 18.5939286 ], [ 73.8243172, 18.5939696 ], [ 73.8241586, 18.5940356 ], [ 73.8238822, 18.5941564 ], [ 73.8236634, 18.5941837 ], [ 73.8233894, 18.5942384 ], [ 73.8230216, 18.5942908 ], [ 73.8228317, 18.59435 ], [ 73.8225433, 18.5943842 ], [ 73.8223366, 18.594391 ], [ 73.8219784, 18.5944116 ], [ 73.8214857, 18.5944184 ], [ 73.821065, 18.5944343 ], [ 73.8206708, 18.5944116 ], [ 73.8205218, 18.5943546 ], [ 73.8204112, 18.5942885 ], [ 73.8202549, 18.5943295 ], [ 73.8197598, 18.5943865 ], [ 73.8194665, 18.5944207 ], [ 73.8191877, 18.5945164 ], [ 73.8189762, 18.5946941 ], [ 73.8188247, 18.5949037 ], [ 73.8187262, 18.5950016 ], [ 73.8184471, 18.5955465 ], [ 73.8182024, 18.5961393 ], [ 73.8182194, 18.5963101 ], [ 73.818267, 18.5963971 ], [ 73.8182432, 18.5965517 ], [ 73.8181106, 18.5966806 ], [ 73.818063, 18.5968836 ], [ 73.8181412, 18.5970447 ], [ 73.8181446, 18.5972412 ], [ 73.8181106, 18.5973572 ], [ 73.8181854, 18.5975537 ], [ 73.8182296, 18.5976278 ], [ 73.8186132, 18.597547 ], [ 73.8185403, 18.5971766 ], [ 73.8185262, 18.5970138 ], [ 73.8185166, 18.5967176 ], [ 73.8185574, 18.5965125 ], [ 73.818757, 18.5957915 ], [ 73.8189537, 18.5954349 ], [ 73.8192458, 18.5950339 ], [ 73.8193852, 18.5948904 ], [ 73.8195047, 18.5948167 ], [ 73.8195277, 18.5947708 ], [ 73.8195846, 18.5947394 ], [ 73.819636, 18.5947446 ], [ 73.8197308, 18.594745 ], [ 73.819803, 18.5947249 ], [ 73.8200184, 18.5946877 ], [ 73.8200761, 18.5947003 ], [ 73.8201602, 18.5946923 ], [ 73.8202227, 18.5946615 ], [ 73.8203777, 18.5946889 ], [ 73.8208104, 18.5947378 ], [ 73.8208994, 18.5947971 ], [ 73.8210594, 18.5948267 ], [ 73.8213551, 18.594867 ], [ 73.8216373, 18.5948815 ], [ 73.8220095, 18.5948734 ], [ 73.8224106, 18.5948122 ], [ 73.822856, 18.5947413 ], [ 73.8235868, 18.5945609 ], [ 73.8240525, 18.5944529 ], [ 73.8245726, 18.5942967 ], [ 73.8250299, 18.5941098 ], [ 73.8254514, 18.5938408 ], [ 73.825725, 18.5936169 ], [ 73.8259749, 18.5934123 ], [ 73.8261211, 18.5933317 ], [ 73.8261924, 18.5932286 ], [ 73.8262145, 18.5931062 ], [ 73.8262332, 18.5930562 ], [ 73.8263658, 18.5929322 ], [ 73.8264695, 18.5927711 ], [ 73.8265596, 18.5927453 ], [ 73.8266973, 18.5926857 ], [ 73.8267346, 18.5925681 ], [ 73.826716, 18.5924731 ], [ 73.8267958, 18.5923812 ], [ 73.8268366, 18.5922604 ], [ 73.8269743, 18.592146 ], [ 73.8273397, 18.5916386 ], [ 73.8279363, 18.5907767 ], [ 73.8283901, 18.5901919 ] ] ] } },
{ "type": "Feature", "properties": { "osm_id": 258091786, "name": "", "water": "lake", "natural": "water", "landuse": "", "operator": "" }, "geometry": { "type": "Polygon", "coordinates": [ [ [ 73.9019136, 18.5862671 ], [ 73.9019467, 18.5863794 ], [ 73.9019811, 18.5864068 ], [ 73.9020266, 18.5864029 ], [ 73.9020555, 18.5863781 ], [ 73.9020831, 18.5862684 ], [ 73.9021092, 18.5861848 ], [ 73.902123, 18.5861235 ], [ 73.9021037, 18.5860516 ], [ 73.9021023, 18.5859824 ], [ 73.9021079, 18.5859263 ], [ 73.9020789, 18.5858832 ], [ 73.9020197, 18.5858766 ], [ 73.901948, 18.5858479 ], [ 73.9018819, 18.5857957 ], [ 73.9018392, 18.5857291 ], [ 73.9018199, 18.5856429 ], [ 73.9017731, 18.5857108 ], [ 73.9017235, 18.5857591 ], [ 73.9016532, 18.5857983 ], [ 73.9016187, 18.5858335 ], [ 73.9015829, 18.5858871 ], [ 73.9015416, 18.585938 ], [ 73.9015361, 18.5859916 ], [ 73.9015375, 18.5860634 ], [ 73.9015595, 18.58613 ], [ 73.901616, 18.5862031 ], [ 73.9017193, 18.586241 ], [ 73.9018585, 18.586271 ], [ 73.9019136, 18.5862671 ] ] ] } },
{ "type": "Feature", "properties": { "osm_id": 259729629, "name": "", "water": "river", "natural": "water", "landuse": "", "operator": "" }, "geometry": { "type": "Polygon", "coordinates": [ [ [ 73.8186132, 18.597547 ], [ 73.8182296, 18.5976278 ], [ 73.8183639, 18.5979708 ], [ 73.8185703, 18.5982931 ], [ 73.8187861, 18.5985821 ], [ 73.8190182, 18.5988777 ], [ 73.8191871, 18.59918 ], [ 73.8193184, 18.5993778 ], [ 73.8195482, 18.5995867 ], [ 73.819703, 18.5997023 ], [ 73.8198039, 18.5998623 ], [ 73.8199399, 18.6000046 ], [ 73.820104, 18.6001246 ], [ 73.8202236, 18.6002424 ], [ 73.8203104, 18.6004158 ], [ 73.820355, 18.600538 ], [ 73.8204441, 18.6006491 ], [ 73.8205496, 18.6007469 ], [ 73.8206458, 18.6008803 ], [ 73.8207794, 18.6011248 ], [ 73.8208428, 18.6013604 ], [ 73.8209342, 18.6015515 ], [ 73.8210468, 18.6017916 ], [ 73.8211898, 18.6020072 ], [ 73.8213939, 18.6022628 ], [ 73.82149, 18.6024495 ], [ 73.8215416, 18.6026517 ], [ 73.8215667, 18.6028512 ], [ 73.8216181, 18.602812 ], [ 73.8216264, 18.6028732 ], [ 73.8215733, 18.6030037 ], [ 73.8214755, 18.6031263 ], [ 73.821376, 18.6032536 ], [ 73.8213561, 18.6033557 ], [ 73.8213279, 18.6034217 ], [ 73.8215741, 18.6035264 ], [ 73.8215841, 18.6034681 ], [ 73.8216287, 18.6033842 ], [ 73.821665, 18.6033125 ], [ 73.8217096, 18.6032564 ], [ 73.8217576, 18.6032286 ], [ 73.8218016, 18.6031708 ], [ 73.8218063, 18.6031152 ], [ 73.8218128, 18.6030513 ], [ 73.8218638, 18.6029774 ], [ 73.8218825, 18.6028502 ], [ 73.8218743, 18.6027185 ], [ 73.8218391, 18.6026079 ], [ 73.8217952, 18.6025112 ], [ 73.82175, 18.6023701 ], [ 73.8217037, 18.6022456 ], [ 73.8216439, 18.6021623 ], [ 73.8216099, 18.60209 ], [ 73.8215788, 18.6020167 ], [ 73.8215167, 18.602 ], [ 73.8214352, 18.6019934 ], [ 73.8213607, 18.6019322 ], [ 73.8212962, 18.6018672 ], [ 73.8213068, 18.6018211 ], [ 73.8213226, 18.6017833 ], [ 73.8212962, 18.6017255 ], [ 73.8212898, 18.6016772 ], [ 73.8213091, 18.601625 ], [ 73.8213789, 18.6015827 ], [ 73.8214979, 18.6015044 ], [ 73.821505, 18.6014799 ], [ 73.8214739, 18.6014488 ], [ 73.8213789, 18.6013971 ], [ 73.8212886, 18.6013066 ], [ 73.8212552, 18.6012377 ], [ 73.8212581, 18.6011527 ], [ 73.8212142, 18.6010793 ], [ 73.8211919, 18.6010037 ], [ 73.8212042, 18.6009443 ], [ 73.82122, 18.6009087 ], [ 73.8212042, 18.6008682 ], [ 73.8210666, 18.6006624 ], [ 73.8210136, 18.6005359 ], [ 73.8209704, 18.6004715 ], [ 73.8208908, 18.6003795 ], [ 73.8207598, 18.6002074 ], [ 73.8206089, 18.6000817 ], [ 73.8205086, 18.6000542 ], [ 73.820434, 18.599967 ], [ 73.8203527, 18.5998852 ], [ 73.8203411, 18.5997815 ], [ 73.8204008, 18.5996966 ], [ 73.8203113, 18.599644 ], [ 73.820162, 18.5994975 ], [ 73.820099, 18.5993843 ], [ 73.8200045, 18.5993875 ], [ 73.8199067, 18.5993969 ], [ 73.819716, 18.5993167 ], [ 73.8195734, 18.5991863 ], [ 73.8194656, 18.599004 ], [ 73.81924, 18.5986708 ], [ 73.8190759, 18.5983785 ], [ 73.8188984, 18.598072 ], [ 73.818716, 18.5978142 ], [ 73.8186431, 18.5976571 ], [ 73.8186132, 18.597547 ] ] ] } },
{ "type": "Feature", "properties": { "osm_id": 259729631, "name": "", "water": "river", "natural": "water", "landuse": "", "operator": "" }, "geometry": { "type": "Polygon", "coordinates": [ [ [ 73.8215741, 18.6035264 ], [ 73.8213279, 18.6034217 ], [ 73.8212225, 18.6036309 ], [ 73.8210396, 18.6038514 ], [ 73.8209205, 18.6039853 ], [ 73.8206795, 18.604261 ], [ 73.8205466, 18.6044684 ], [ 73.8201643, 18.6046784 ], [ 73.8198014, 18.6048123 ], [ 73.8194911, 18.6049462 ], [ 73.8191089, 18.6050407 ], [ 73.8188734, 18.6050801 ], [ 73.8184302, 18.6051037 ], [ 73.8180313, 18.6050959 ], [ 73.8173138, 18.6050959 ], [ 73.8169094, 18.6050565 ], [ 73.8164024, 18.6050539 ], [ 73.8156739, 18.605046 ], [ 73.8151808, 18.6050381 ], [ 73.8145741, 18.6050565 ], [ 73.8142722, 18.6051011 ], [ 73.8139758, 18.6051143 ], [ 73.8137957, 18.6051379 ], [ 73.8137209, 18.6050959 ], [ 73.8135159, 18.6049489 ], [ 73.813286, 18.6048753 ], [ 73.8131198, 18.6048543 ], [ 73.8130699, 18.6053033 ], [ 73.8133442, 18.6053033 ], [ 73.8136544, 18.6053453 ], [ 73.8138843, 18.6054398 ], [ 73.8141392, 18.6054766 ], [ 73.8143525, 18.6054135 ], [ 73.8145769, 18.6054214 ], [ 73.8147874, 18.6054503 ], [ 73.8149342, 18.6053899 ], [ 73.8151891, 18.6053873 ], [ 73.8154412, 18.6054713 ], [ 73.8159869, 18.6054608 ], [ 73.8165991, 18.6054582 ], [ 73.8172335, 18.6054214 ], [ 73.8179011, 18.6054424 ], [ 73.8186213, 18.6054529 ], [ 73.8191033, 18.6054135 ], [ 73.8194108, 18.6053558 ], [ 73.8196241, 18.6052796 ], [ 73.8199039, 18.6052508 ], [ 73.8200673, 18.6051484 ], [ 73.8203139, 18.604983 ], [ 73.8204496, 18.6049042 ], [ 73.8207543, 18.6046233 ], [ 73.820879, 18.6044238 ], [ 73.8209981, 18.604282 ], [ 73.8210646, 18.6043371 ], [ 73.8211809, 18.6042846 ], [ 73.8213333, 18.6040825 ], [ 73.821469, 18.6037832 ], [ 73.8215741, 18.6035264 ] ] ] } },
{ "type": "Feature", "properties": { "osm_id": 266510980, "name": "", "water": "river", "natural": "water", "landuse": "", "operator": "" }, "geometry": { "type": "Polygon", "coordinates": [ [ [ 73.9860538, 18.6606184 ], [ 73.9849434, 18.6603805 ], [ 73.9842353, 18.6602585 ], [ 73.9838705, 18.6602585 ], [ 73.9827762, 18.6599942 ], [ 73.9820252, 18.6596283 ], [ 73.9812312, 18.6587338 ], [ 73.9808021, 18.6580426 ], [ 73.9802013, 18.657392 ], [ 73.9797077, 18.6570667 ], [ 73.979343, 18.6568431 ], [ 73.979343, 18.6565788 ], [ 73.9793, 18.6562332 ], [ 73.979064, 18.6561112 ], [ 73.9786992, 18.6559689 ], [ 73.9782272, 18.6557453 ], [ 73.9779697, 18.655603 ], [ 73.9776907, 18.6552574 ], [ 73.9771757, 18.6541798 ], [ 73.977047, 18.6533463 ], [ 73.9769612, 18.6527364 ], [ 73.9774976, 18.6509269 ], [ 73.9780126, 18.6502967 ], [ 73.9783988, 18.6500527 ], [ 73.9803729, 18.6488532 ], [ 73.98136, 18.6483043 ], [ 73.9822612, 18.6479586 ], [ 73.9829264, 18.6477146 ], [ 73.983656, 18.6471047 ], [ 73.9839778, 18.6465761 ], [ 73.9842353, 18.6461898 ], [ 73.9843211, 18.6457628 ], [ 73.9846001, 18.6435874 ], [ 73.9844499, 18.6416762 ], [ 73.9843426, 18.6391347 ], [ 73.9842139, 18.6381994 ], [ 73.9835916, 18.6355968 ], [ 73.9830337, 18.6338482 ], [ 73.9824114, 18.6322012 ], [ 73.9814673, 18.6290903 ], [ 73.9807806, 18.6278499 ], [ 73.9793, 18.6259385 ], [ 73.9785276, 18.6250032 ], [ 73.9777551, 18.6247185 ], [ 73.9771757, 18.6244338 ], [ 73.9757381, 18.6236205 ], [ 73.9726696, 18.6222581 ], [ 73.9718328, 18.6216887 ], [ 73.9723478, 18.6213227 ], [ 73.9739946, 18.622131 ], [ 73.975089, 18.6225173 ], [ 73.9759741, 18.6228884 ], [ 73.9768324, 18.6233358 ], [ 73.9782218, 18.6239204 ], [ 73.9791016, 18.6245304 ], [ 73.9797077, 18.6251659 ], [ 73.9807806, 18.6268332 ], [ 73.9812312, 18.6275652 ], [ 73.9814673, 18.6280939 ], [ 73.9821968, 18.6297409 ], [ 73.9824543, 18.6302899 ], [ 73.9825187, 18.6308796 ], [ 73.9833985, 18.6336652 ], [ 73.9840422, 18.6353732 ], [ 73.9845572, 18.6371828 ], [ 73.9847503, 18.6382197 ], [ 73.9850936, 18.6391347 ], [ 73.9852224, 18.6397853 ], [ 73.9851805, 18.6408832 ], [ 73.9852438, 18.6423268 ], [ 73.9853082, 18.6432214 ], [ 73.9853297, 18.6442583 ], [ 73.9852947, 18.644822 ], [ 73.9852653, 18.6452952 ], [ 73.9850936, 18.6458645 ], [ 73.9849005, 18.6466168 ], [ 73.9841495, 18.647674 ], [ 73.9843641, 18.647857 ], [ 73.9837632, 18.6481009 ], [ 73.9832483, 18.6484466 ], [ 73.980609, 18.6493818 ], [ 73.9795575, 18.6498697 ], [ 73.9787851, 18.6504593 ], [ 73.9781199, 18.6512116 ], [ 73.9778624, 18.6520655 ], [ 73.9777122, 18.6532243 ], [ 73.9780126, 18.6541189 ], [ 73.9782057, 18.6545051 ], [ 73.9789996, 18.6551964 ], [ 73.9798794, 18.655725 ], [ 73.9805446, 18.6563552 ], [ 73.9811239, 18.6571277 ], [ 73.9814673, 18.657758 ], [ 73.9817033, 18.6582662 ], [ 73.9821539, 18.6588761 ], [ 73.9830122, 18.6595063 ], [ 73.9847664, 18.6596222 ], [ 73.9856462, 18.6598458 ], [ 73.9863113, 18.6599881 ], [ 73.9860538, 18.6606184 ] ] ] } },
{ "type": "Feature", "properties": { "osm_id": 279403665, "name": "", "water": "", "natural": "water", "landuse": "", "operator": "" }, "geometry": { "type": "Polygon", "coordinates": [ [ [ 73.8509197, 18.4913161 ], [ 73.8509104, 18.491176 ], [ 73.8512039, 18.4911585 ], [ 73.8512132, 18.4912986 ], [ 73.8509197, 18.4913161 ] ] ] } },
{ "type": "Feature", "properties": { "osm_id": 282054961, "name": "", "water": "", "natural": "water", "landuse": "", "operator": "" }, "geometry": { "type": "Polygon", "coordinates": [ [ [ 73.8547661, 18.5250756 ], [ 73.8547701, 18.5250807 ], [ 73.8547723, 18.5250866 ], [ 73.8547728, 18.525093 ], [ 73.8547713, 18.5250992 ], [ 73.854768, 18.5251047 ], [ 73.8547632, 18.5251091 ], [ 73.8547573, 18.5251121 ], [ 73.8547508, 18.5251134 ], [ 73.8547441, 18.5251129 ], [ 73.8547379, 18.5251107 ], [ 73.8547326, 18.5251068 ], [ 73.8547286, 18.5251017 ], [ 73.8547263, 18.5250957 ], [ 73.8547259, 18.5250894 ], [ 73.8547274, 18.5250832 ], [ 73.8547306, 18.5250777 ], [ 73.8547354, 18.5250732 ], [ 73.8547413, 18.5250702 ], [ 73.8547479, 18.525069 ], [ 73.8547545, 18.5250695 ], [ 73.8547608, 18.5250717 ], [ 73.8547661, 18.5250756 ] ] ] } },
{ "type": "Feature", "properties": { "osm_id": 282102112, "name": "", "water": "", "natural": "water", "landuse": "", "operator": "" }, "geometry": { "type": "Polygon", "coordinates": [ [ [ 73.8682567, 18.5195619 ], [ 73.8682612, 18.5195725 ], [ 73.8682677, 18.5195819 ], [ 73.8682762, 18.5195899 ], [ 73.8682862, 18.5195963 ], [ 73.8682973, 18.5196006 ], [ 73.8683091, 18.5196029 ], [ 73.868321, 18.519603 ], [ 73.8683328, 18.5196008 ], [ 73.8683439, 18.5195964 ], [ 73.8683539, 18.5195901 ], [ 73.8683624, 18.5195822 ], [ 73.8683691, 18.5195727 ], [ 73.8683738, 18.5195622 ], [ 73.8683761, 18.5195511 ], [ 73.8683762, 18.5195397 ], [ 73.8683739, 18.5195286 ], [ 73.8683693, 18.519518 ], [ 73.8683626, 18.5195086 ], [ 73.8683541, 18.5195004 ], [ 73.8683443, 18.5194941 ], [ 73.8683332, 18.5194898 ], [ 73.8683214, 18.5194875 ], [ 73.8683095, 18.5194874 ], [ 73.8682977, 18.5194896 ], [ 73.8682866, 18.519494 ], [ 73.8682766, 18.5195002 ], [ 73.8682681, 18.5195083 ], [ 73.8682614, 18.5195178 ], [ 73.8682567, 18.5195282 ], [ 73.8682544, 18.5195393 ], [ 73.8682543, 18.5195507 ], [ 73.8682567, 18.5195619 ] ] ] } },
{ "type": "Feature", "properties": { "osm_id": 290492670, "name": "", "water": "river", "natural": "water", "landuse": "", "operator": "" }, "geometry": { "type": "Polygon", "coordinates": [ [ [ 73.9919505, 18.5230019 ], [ 73.9906939, 18.5221178 ], [ 73.9908821, 18.5217304 ], [ 73.9912447, 18.5208383 ], [ 73.9915451, 18.5188646 ], [ 73.9912469, 18.5158309 ], [ 73.9908606, 18.5133486 ], [ 73.9908799, 18.5110921 ], [ 73.9913091, 18.5098305 ], [ 73.9928755, 18.5077347 ], [ 73.9958173, 18.5056775 ], [ 73.9973837, 18.5053926 ], [ 73.9989287, 18.5056979 ], [ 74.001053, 18.5056165 ], [ 74.0037545, 18.5053336 ], [ 74.0057308, 18.5051281 ], [ 74.0079624, 18.505006 ], [ 74.0093571, 18.5050467 ], [ 74.0116531, 18.5049653 ], [ 74.0135821, 18.5046621 ], [ 74.0153224, 18.5035613 ], [ 74.016715, 18.5022814 ], [ 74.0176183, 18.5005701 ], [ 74.0199358, 18.4973753 ], [ 74.0219506, 18.4956883 ], [ 74.023944, 18.4948522 ], [ 74.0241822, 18.4947523 ], [ 74.0255916, 18.4945712 ], [ 74.0261605, 18.4946009 ], [ 74.0262199, 18.4946005 ], [ 74.026351, 18.4945996 ], [ 74.0265226, 18.4945844 ], [ 74.0266648, 18.4945933 ], [ 74.0268874, 18.494606 ], [ 74.0273327, 18.494695 ], [ 74.0273555, 18.4948095 ], [ 74.0275177, 18.4949125 ], [ 74.0290124, 18.495788 ], [ 74.0306646, 18.4977823 ], [ 74.0323361, 18.4999006 ], [ 74.0331537, 18.5019131 ], [ 74.0345055, 18.5039072 ], [ 74.0356743, 18.5059212 ], [ 74.0358219, 18.5061145 ], [ 74.0362322, 18.506585 ], [ 74.0366727, 18.5072036 ], [ 74.0370375, 18.5090553 ], [ 74.0369732, 18.5110697 ], [ 74.0375311, 18.5123312 ], [ 74.038001, 18.5136558 ], [ 74.0384537, 18.5149153 ], [ 74.03884, 18.5166652 ], [ 74.0398056, 18.5183336 ], [ 74.0403828, 18.5190478 ], [ 74.0412218, 18.5208566 ], [ 74.041799, 18.5222014 ], [ 74.0417797, 18.5232971 ], [ 74.0416509, 18.5244161 ], [ 74.041048, 18.5256603 ], [ 74.039739, 18.5270845 ], [ 74.0385589, 18.5282645 ], [ 74.0379581, 18.5292207 ], [ 74.0379261, 18.5292376 ], [ 74.0370354, 18.5290173 ], [ 74.0369495, 18.5278576 ], [ 74.0377006, 18.5272676 ], [ 74.0389451, 18.5261689 ], [ 74.0399107, 18.5252737 ], [ 74.0404064, 18.5242737 ], [ 74.0405995, 18.5235819 ], [ 74.0404278, 18.5227884 ], [ 74.039827, 18.5212228 ], [ 74.0388593, 18.5190478 ], [ 74.0378508, 18.5171962 ], [ 74.0370783, 18.5154464 ], [ 74.0365633, 18.5141238 ], [ 74.0360054, 18.5126385 ], [ 74.0355977, 18.51097 ], [ 74.0352115, 18.5086911 ], [ 74.0341171, 18.506697 ], [ 74.0332395, 18.5051485 ], [ 74.0315658, 18.5029102 ], [ 74.0302548, 18.5011215 ], [ 74.0287956, 18.4992698 ], [ 74.0279159, 18.4981506 ], [ 74.0272656, 18.4978148 ], [ 74.02711, 18.4975986 ], [ 74.0268579, 18.4973112 ], [ 74.0267533, 18.4972094 ], [ 74.0266165, 18.4970721 ], [ 74.0261431, 18.4968126 ], [ 74.0258588, 18.4966358 ], [ 74.0257692, 18.4966083 ], [ 74.0256228, 18.4965633 ], [ 74.0246779, 18.4962764 ], [ 74.0234527, 18.4965226 ], [ 74.0210494, 18.4981506 ], [ 74.0195066, 18.5001631 ], [ 74.0182814, 18.5028715 ], [ 74.0161141, 18.5049674 ], [ 74.0137345, 18.506349 ], [ 74.0107068, 18.5076533 ], [ 74.0090782, 18.5078955 ], [ 74.0074903, 18.507692 ], [ 74.0057093, 18.5071019 ], [ 74.0042931, 18.5072443 ], [ 74.0017804, 18.5077957 ], [ 73.9996797, 18.5077937 ], [ 73.9974245, 18.5081417 ], [ 73.9960298, 18.5081824 ], [ 73.9947874, 18.5082414 ], [ 73.9941222, 18.5086076 ], [ 73.9929635, 18.510093 ], [ 73.9928133, 18.5116598 ], [ 73.9925772, 18.5143863 ], [ 73.992942, 18.5168686 ], [ 73.9931566, 18.5192695 ], [ 73.9928326, 18.5211028 ], [ 73.9922983, 18.5226053 ], [ 73.9919505, 18.5230019 ] ] ] } },
{ "type": "Feature", "properties": { "osm_id": 332137455, "name": "", "water": "river", "natural": "water", "landuse": "", "operator": "" }, "geometry": { "type": "Polygon", "coordinates": [ [ [ 73.7964773, 18.6109652 ], [ 73.7967117, 18.6113089 ], [ 73.7968072, 18.611549 ], [ 73.7968875, 18.6118022 ], [ 73.7969125, 18.6119846 ], [ 73.7969261, 18.6124904 ], [ 73.7969026, 18.612817 ], [ 73.7967538, 18.6135926 ], [ 73.7965384, 18.6143126 ], [ 73.7964287, 18.6149361 ], [ 73.7963465, 18.6152108 ], [ 73.7961076, 18.6158194 ], [ 73.796041, 18.616094 ], [ 73.7960254, 18.6163575 ], [ 73.7960802, 18.6165951 ], [ 73.7962055, 18.6168363 ], [ 73.7962447, 18.6170404 ], [ 73.7963034, 18.6172742 ], [ 73.7964405, 18.6175414 ], [ 73.7967029, 18.6180128 ], [ 73.7970749, 18.6191076 ], [ 73.7979873, 18.6188032 ], [ 73.7977563, 18.6183282 ], [ 73.7975459, 18.6179766 ], [ 73.7974656, 18.6179005 ], [ 73.7973133, 18.6177955 ], [ 73.7971388, 18.6177273 ], [ 73.7969921, 18.6174885 ], [ 73.7967955, 18.617003 ], [ 73.7966791, 18.6165726 ], [ 73.7966653, 18.6163076 ], [ 73.7966985, 18.6160084 ], [ 73.7967539, 18.6156095 ], [ 73.7968315, 18.6152788 ], [ 73.7969976, 18.6148065 ], [ 73.7972607, 18.6141425 ], [ 73.7974794, 18.6133841 ], [ 73.797557, 18.6130036 ], [ 73.7976013, 18.612484 ], [ 73.7976096, 18.6120169 ], [ 73.7975459, 18.6116573 ], [ 73.7974296, 18.6111508 ], [ 73.7973412, 18.6107631 ], [ 73.7964773, 18.6109652 ] ] ] } },
{ "type": "Feature", "properties": { "osm_id": 332138443, "name": "", "water": "river", "natural": "water", "landuse": "", "operator": "" }, "geometry": { "type": "Polygon", "coordinates": [ [ [ 73.7869544, 18.6189066 ], [ 73.7871856, 18.619068 ], [ 73.78727, 18.61919 ], [ 73.7874043, 18.619379 ], [ 73.78754, 18.6196506 ], [ 73.7876937, 18.6199077 ], [ 73.787936, 18.6202515 ], [ 73.7881572, 18.6207344 ], [ 73.7882865, 18.621061 ], [ 73.7883922, 18.6213431 ], [ 73.7884975, 18.6218978 ], [ 73.7885612, 18.622323 ], [ 73.7885446, 18.6225618 ], [ 73.7884975, 18.622874 ], [ 73.788492, 18.6231942 ], [ 73.7884781, 18.6235327 ], [ 73.7884255, 18.6240103 ], [ 73.7883618, 18.6242307 ], [ 73.7883175, 18.6245561 ], [ 73.7882289, 18.624871 ], [ 73.7881375, 18.6251859 ], [ 73.7881015, 18.6254457 ], [ 73.7881099, 18.6256845 ], [ 73.7880822, 18.6259521 ], [ 73.7880683, 18.6262775 ], [ 73.7881015, 18.6265609 ], [ 73.7881708, 18.6267394 ], [ 73.7883203, 18.6270123 ], [ 73.7886941, 18.6275869 ], [ 73.7889766, 18.6278966 ], [ 73.7892286, 18.6281459 ], [ 73.7895, 18.6283007 ], [ 73.78968, 18.628382 ], [ 73.7899762, 18.6284529 ], [ 73.7903252, 18.6285106 ], [ 73.7906383, 18.6285297 ], [ 73.7905525, 18.6279341 ], [ 73.7902801, 18.6279463 ], [ 73.790098, 18.6279259 ], [ 73.7899022, 18.6278702 ], [ 73.7896888, 18.6277626 ], [ 73.7894264, 18.6275937 ], [ 73.7892737, 18.6274583 ], [ 73.7890779, 18.6271985 ], [ 73.7889153, 18.626935 ], [ 73.7888096, 18.6267922 ], [ 73.7887567, 18.6266511 ], [ 73.7886451, 18.6261798 ], [ 73.7886451, 18.6260091 ], [ 73.7886588, 18.625703 ], [ 73.788696, 18.6251908 ], [ 73.7887411, 18.6249069 ], [ 73.7888233, 18.6247511 ], [ 73.7889271, 18.6244523 ], [ 73.7889486, 18.6242612 ], [ 73.7889721, 18.6239309 ], [ 73.7890309, 18.623313 ], [ 73.7890367, 18.6230774 ], [ 73.7890132, 18.6227749 ], [ 73.7889995, 18.6226692 ], [ 73.7890289, 18.6225578 ], [ 73.7890876, 18.6223704 ], [ 73.7890818, 18.6219993 ], [ 73.7890381, 18.6217243 ], [ 73.7890237, 18.6214977 ], [ 73.7890289, 18.6213628 ], [ 73.7889467, 18.6211829 ], [ 73.7887724, 18.6209379 ], [ 73.7887019, 18.6207561 ], [ 73.7886588, 18.6205928 ], [ 73.7885805, 18.6204258 ], [ 73.788418, 18.620153 ], [ 73.7879506, 18.6193451 ], [ 73.7877729, 18.6190379 ], [ 73.7876794, 18.6189159 ], [ 73.7875262, 18.618715 ], [ 73.7873088, 18.6185313 ], [ 73.7869955, 18.6182425 ], [ 73.7865001, 18.6178565 ], [ 73.7862749, 18.6177229 ], [ 73.786087, 18.6175986 ], [ 73.7859949, 18.61758 ], [ 73.7857737, 18.6174408 ], [ 73.785666, 18.6173518 ], [ 73.7856229, 18.6172349 ], [ 73.7855309, 18.617118 ], [ 73.7853194, 18.6169435 ], [ 73.7852058, 18.6168433 ], [ 73.7850903, 18.6167951 ], [ 73.7849689, 18.616745 ], [ 73.7848025, 18.6172274 ], [ 73.7850081, 18.6172961 ], [ 73.7852058, 18.6173926 ], [ 73.7853448, 18.6175002 ], [ 73.785523, 18.6176487 ], [ 73.7857247, 18.6178899 ], [ 73.7859068, 18.6180365 ], [ 73.786177, 18.6182109 ], [ 73.7864159, 18.6184596 ], [ 73.7866705, 18.6186563 ], [ 73.7868271, 18.618775 ], [ 73.7869544, 18.6189066 ] ] ] } },
{ "type": "Feature", "properties": { "osm_id": 332138445, "name": "", "water": "river", "natural": "water", "landuse": "", "operator": "" }, "geometry": { "type": "Polygon", "coordinates": [ [ [ 73.7848025, 18.6172274 ], [ 73.7842657, 18.6169933 ], [ 73.7840111, 18.6169228 ], [ 73.7837213, 18.6169376 ], [ 73.7835099, 18.6169636 ], [ 73.7833101, 18.6170972 ], [ 73.7831261, 18.6173162 ], [ 73.7828637, 18.6176929 ], [ 73.7825857, 18.6182161 ], [ 73.7822724, 18.6187802 ], [ 73.7819865, 18.6191811 ], [ 73.7817241, 18.6195002 ], [ 73.7816544, 18.6194563 ], [ 73.7816011, 18.6194809 ], [ 73.7815992, 18.6195211 ], [ 73.7816089, 18.619559 ], [ 73.7815729, 18.6196299 ], [ 73.7814201, 18.6197538 ], [ 73.7813785, 18.6198922 ], [ 73.7811515, 18.6202543 ], [ 73.780725, 18.6207109 ], [ 73.7802875, 18.6212043 ], [ 73.7798527, 18.6217134 ], [ 73.7794207, 18.6222566 ], [ 73.7791706, 18.622552 ], [ 73.7790653, 18.6227565 ], [ 73.7789731, 18.6228373 ], [ 73.7788997, 18.6229661 ], [ 73.7787859, 18.6230856 ], [ 73.7785734, 18.6234532 ], [ 73.7784709, 18.6237208 ], [ 73.7783269, 18.6242063 ], [ 73.7782799, 18.6246682 ], [ 73.7777237, 18.6244846 ], [ 73.777963, 18.6237527 ], [ 73.7780815, 18.6234949 ], [ 73.7781636, 18.6233797 ], [ 73.7782577, 18.6231488 ], [ 73.7783214, 18.6229861 ], [ 73.7783774, 18.6228834 ], [ 73.7784515, 18.6227473 ], [ 73.7786869, 18.6223405 ], [ 73.7789168, 18.6220781 ], [ 73.7791964, 18.6217659 ], [ 73.7795841, 18.621262 ], [ 73.7798057, 18.6210101 ], [ 73.7801656, 18.6206453 ], [ 73.7804619, 18.6203435 ], [ 73.780833, 18.6199158 ], [ 73.7813038, 18.6193201 ], [ 73.7816887, 18.618769 ], [ 73.7819165, 18.6184155 ], [ 73.7820148, 18.6182629 ], [ 73.7820951, 18.6180736 ], [ 73.7821284, 18.6179679 ], [ 73.7821852, 18.6177749 ], [ 73.7822184, 18.6175615 ], [ 73.7822267, 18.6175223 ], [ 73.7822341, 18.6174873 ], [ 73.7824221, 18.6172776 ], [ 73.7824691, 18.6171997 ], [ 73.7827765, 18.6166875 ], [ 73.7830134, 18.6165966 ], [ 73.7832582, 18.616463 ], [ 73.7834677, 18.6163739 ], [ 73.7836048, 18.6163553 ], [ 73.7837888, 18.6163294 ], [ 73.7838946, 18.6163294 ], [ 73.7840297, 18.6163628 ], [ 73.7841765, 18.6164221 ], [ 73.7844722, 18.6165799 ], [ 73.7846288, 18.6166411 ], [ 73.7849689, 18.616745 ], [ 73.7848025, 18.6172274 ] ] ] } },
{ "type": "Feature", "properties": { "osm_id": 332139619, "name": "", "water": "river", "natural": "water", "landuse": "", "operator": "" }, "geometry": { "type": "Polygon", "coordinates": [ [ [ 73.7777237, 18.6244846 ], [ 73.7775384, 18.6245482 ], [ 73.7775017, 18.624762 ], [ 73.7774879, 18.6248696 ], [ 73.7775017, 18.6249667 ], [ 73.7775474, 18.6250953 ], [ 73.7775785, 18.6253475 ], [ 73.7775902, 18.6254357 ], [ 73.7776568, 18.6259376 ], [ 73.7777036, 18.6261379 ], [ 73.7777071, 18.6262145 ], [ 73.7777076, 18.6263423 ], [ 73.7777242, 18.6264407 ], [ 73.7777942, 18.6268956 ], [ 73.7777887, 18.6271029 ], [ 73.7777222, 18.6273391 ], [ 73.7776281, 18.6274965 ], [ 73.7774536, 18.6276697 ], [ 73.7772432, 18.6278167 ], [ 73.7770106, 18.6279059 ], [ 73.7767032, 18.6279505 ], [ 73.7763737, 18.6279767 ], [ 73.7759694, 18.6279348 ], [ 73.7755512, 18.6279138 ], [ 73.7752937, 18.6278114 ], [ 73.7750943, 18.6277616 ], [ 73.7747925, 18.6276907 ], [ 73.7744879, 18.627612 ], [ 73.7742193, 18.6275149 ], [ 73.7738316, 18.6273863 ], [ 73.7735298, 18.6272577 ], [ 73.7732501, 18.6270793 ], [ 73.7729372, 18.6269166 ], [ 73.7728856, 18.6268928 ], [ 73.7725218, 18.6267251 ], [ 73.77204, 18.6265046 ], [ 73.7715997, 18.6262658 ], [ 73.7712496, 18.6260788 ], [ 73.7711428, 18.6260218 ], [ 73.7710542, 18.6259195 ], [ 73.7707966, 18.6258014 ], [ 73.7699493, 18.6251506 ], [ 73.7689801, 18.6244368 ], [ 73.7686976, 18.6242059 ], [ 73.7684429, 18.6241351 ], [ 73.7682573, 18.6241246 ], [ 73.7678253, 18.6241351 ], [ 73.7674598, 18.6242112 ], [ 73.7668285, 18.6244053 ], [ 73.7665958, 18.6245208 ], [ 73.7663854, 18.6245707 ], [ 73.7661334, 18.6246468 ], [ 73.7658537, 18.6248777 ], [ 73.7655353, 18.6251244 ], [ 73.7658177, 18.6254629 ], [ 73.7660891, 18.6252713 ], [ 73.7663355, 18.6251296 ], [ 73.7665958, 18.625001 ], [ 73.7668866, 18.6249118 ], [ 73.767086, 18.6248541 ], [ 73.7673324, 18.6247727 ], [ 73.7676343, 18.6247439 ], [ 73.7677727, 18.6247701 ], [ 73.7678946, 18.6248147 ], [ 73.767997, 18.6249171 ], [ 73.7681189, 18.625106 ], [ 73.7682269, 18.6252083 ], [ 73.7683666, 18.6251867 ], [ 73.7685318, 18.6253366 ], [ 73.7687781, 18.6252006 ], [ 73.7687932, 18.6251109 ], [ 73.7689749, 18.6251822 ], [ 73.7691189, 18.6252532 ], [ 73.7692542, 18.6253185 ], [ 73.769818, 18.6257371 ], [ 73.7706756, 18.6263383 ], [ 73.7711377, 18.6265535 ], [ 73.7718113, 18.6268764 ], [ 73.772716, 18.6273217 ], [ 73.7728804, 18.627459 ], [ 73.7730684, 18.6276037 ], [ 73.7732407, 18.6277373 ], [ 73.7733974, 18.6277967 ], [ 73.7735814, 18.6277967 ], [ 73.7738399, 18.627819 ], [ 73.7740709, 18.6278561 ], [ 73.7743451, 18.6279488 ], [ 73.774511, 18.6280009 ], [ 73.7747083, 18.6280637 ], [ 73.7748552, 18.628128 ], [ 73.775031, 18.6281858 ], [ 73.7756579, 18.6284039 ], [ 73.776043, 18.6284659 ], [ 73.7763837, 18.6284659 ], [ 73.7766891, 18.6284474 ], [ 73.776932, 18.6283843 ], [ 73.7772005, 18.628324 ], [ 73.7773473, 18.6282768 ], [ 73.7775485, 18.6282158 ], [ 73.7777031, 18.6281689 ], [ 73.777798, 18.6280625 ], [ 73.7779685, 18.6278719 ], [ 73.7780164, 18.6278588 ], [ 73.7780234, 18.6278194 ], [ 73.778045, 18.6277137 ], [ 73.778139, 18.6276432 ], [ 73.7782153, 18.6275522 ], [ 73.7782995, 18.6273815 ], [ 73.7782956, 18.6271719 ], [ 73.7782604, 18.627131 ], [ 73.7782114, 18.6271356 ], [ 73.7781934, 18.6268351 ], [ 73.7782571, 18.6268338 ], [ 73.7782515, 18.6265281 ], [ 73.7781989, 18.6264809 ], [ 73.7781961, 18.626452 ], [ 73.7781671, 18.6264494 ], [ 73.7781601, 18.6262605 ], [ 73.7781536, 18.6261847 ], [ 73.7782031, 18.6250626 ], [ 73.7782266, 18.6250206 ], [ 73.7782799, 18.6246682 ], [ 73.7777237, 18.6244846 ] ] ] } },
{ "type": "Feature", "properties": { "osm_id": 332139623, "name": "", "water": "river", "natural": "water", "landuse": "", "operator": "" }, "geometry": { "type": "Polygon", "coordinates": [ [ [ 73.7655353, 18.6251244 ], [ 73.7648965, 18.6254122 ], [ 73.7643796, 18.6256033 ], [ 73.7641759, 18.625659 ], [ 73.7639586, 18.6257778 ], [ 73.7636237, 18.6259188 ], [ 73.7633653, 18.6260245 ], [ 73.7630461, 18.6261507 ], [ 73.7624548, 18.6263715 ], [ 73.7618928, 18.6266999 ], [ 73.7614327, 18.6269078 ], [ 73.7610743, 18.6270377 ], [ 73.7605496, 18.6272937 ], [ 73.760109, 18.6275294 ], [ 73.7599504, 18.6276648 ], [ 73.759827, 18.6277669 ], [ 73.7595882, 18.6278485 ], [ 73.7591123, 18.6280786 ], [ 73.7586519, 18.6283161 ], [ 73.75799, 18.6286482 ], [ 73.7577609, 18.6287354 ], [ 73.7572185, 18.6290546 ], [ 73.7567016, 18.6293255 ], [ 73.7562845, 18.6296038 ], [ 73.7558087, 18.6299322 ], [ 73.7554641, 18.6300899 ], [ 73.7549472, 18.6303701 ], [ 73.7542971, 18.6306967 ], [ 73.7540151, 18.6308562 ], [ 73.7537449, 18.6311717 ], [ 73.7536281, 18.6313612 ], [ 73.7535589, 18.631537 ], [ 73.7534924, 18.6317548 ], [ 73.7533983, 18.6321143 ], [ 73.7533706, 18.6323295 ], [ 73.753354, 18.632584 ], [ 73.7533567, 18.6327362 ], [ 73.7534093, 18.6333843 ], [ 73.7534177, 18.6336625 ], [ 73.753462, 18.6339642 ], [ 73.753545, 18.6346491 ], [ 73.7535838, 18.6350401 ], [ 73.753606, 18.6354441 ], [ 73.7536392, 18.6361211 ], [ 73.7536835, 18.636806 ], [ 73.7536613, 18.6374882 ], [ 73.7536918, 18.6384328 ], [ 73.7536918, 18.639771 ], [ 73.7542069, 18.6397631 ], [ 73.7542179, 18.6391675 ], [ 73.7541598, 18.6387739 ], [ 73.7541902, 18.6385378 ], [ 73.7542124, 18.638236 ], [ 73.7542539, 18.6380864 ], [ 73.7542345, 18.6378687 ], [ 73.7542733, 18.6376246 ], [ 73.7542124, 18.6373727 ], [ 73.7541681, 18.6371103 ], [ 73.754157, 18.6367797 ], [ 73.7541598, 18.6365147 ], [ 73.7541625, 18.6360372 ], [ 73.7541349, 18.6356436 ], [ 73.7541487, 18.6354441 ], [ 73.7541127, 18.6352132 ], [ 73.754049, 18.6348459 ], [ 73.7539826, 18.6344234 ], [ 73.7539106, 18.633652 ], [ 73.7538413, 18.633198 ], [ 73.7538275, 18.6328543 ], [ 73.7538219, 18.6326785 ], [ 73.7538635, 18.6324528 ], [ 73.7538939, 18.6322691 ], [ 73.7539964, 18.6319884 ], [ 73.7541099, 18.6317417 ], [ 73.7542345, 18.631579 ], [ 73.7556828, 18.6305819 ], [ 73.7559542, 18.6304008 ], [ 73.756544, 18.6300597 ], [ 73.7571144, 18.6297186 ], [ 73.7578953, 18.6292541 ], [ 73.758391, 18.6290232 ], [ 73.7590612, 18.6286007 ], [ 73.7594931, 18.6284066 ], [ 73.7601577, 18.6280812 ], [ 73.7606285, 18.6278056 ], [ 73.761786, 18.6272415 ], [ 73.7623813, 18.6269554 ], [ 73.7632536, 18.626575 ], [ 73.764029, 18.6262837 ], [ 73.7650563, 18.6258953 ], [ 73.7655575, 18.625667 ], [ 73.7658177, 18.6254629 ], [ 73.7655353, 18.6251244 ] ] ] } },
{ "type": "Feature", "properties": { "osm_id": 332140040, "name": "", "water": "river", "natural": "water", "landuse": "", "operator": "" }, "geometry": { "type": "Polygon", "coordinates": [ [ [ 73.7419135, 18.6412552 ], [ 73.7411912, 18.6419459 ], [ 73.74087, 18.6423552 ], [ 73.7401168, 18.6432368 ], [ 73.739574, 18.6438455 ], [ 73.7389593, 18.6444543 ], [ 73.7385402, 18.6448761 ], [ 73.7383879, 18.6449574 ], [ 73.738194, 18.6449941 ], [ 73.7379808, 18.6449994 ], [ 73.7377814, 18.6449443 ], [ 73.7375931, 18.6448419 ], [ 73.7373301, 18.6446347 ], [ 73.7366904, 18.6439472 ], [ 73.7366046, 18.6438187 ], [ 73.7364882, 18.6435405 ], [ 73.736059, 18.6425172 ], [ 73.7358624, 18.6422968 ], [ 73.7356824, 18.6420895 ], [ 73.7355301, 18.6419347 ], [ 73.7353889, 18.6418193 ], [ 73.7352311, 18.6417563 ], [ 73.7350123, 18.6416592 ], [ 73.7348101, 18.6416619 ], [ 73.734428, 18.6416907 ], [ 73.7341096, 18.6417563 ], [ 73.7337717, 18.6418429 ], [ 73.7335003, 18.6420239 ], [ 73.7332594, 18.6421735 ], [ 73.732941, 18.6423834 ], [ 73.7326502, 18.6426379 ], [ 73.7322349, 18.643063 ], [ 73.7317447, 18.6435169 ], [ 73.731393, 18.6439315 ], [ 73.7309361, 18.6444064 ], [ 73.7305429, 18.6447973 ], [ 73.7301026, 18.6451752 ], [ 73.7296291, 18.6454428 ], [ 73.7288814, 18.6458442 ], [ 73.7283276, 18.646062 ], [ 73.7278042, 18.6462142 ], [ 73.7272366, 18.64639 ], [ 73.7265166, 18.6465422 ], [ 73.7260126, 18.6466209 ], [ 73.7251265, 18.6468098 ], [ 73.724196, 18.6469935 ], [ 73.7234373, 18.6472191 ], [ 73.7230662, 18.647366 ], [ 73.7227561, 18.6477071 ], [ 73.7225179, 18.6480902 ], [ 73.7223324, 18.6483867 ], [ 73.7221137, 18.6488799 ], [ 73.7218255, 18.649606 ], [ 73.7215375, 18.6503774 ], [ 73.7212161, 18.6512311 ], [ 73.720848, 18.6519732 ], [ 73.7205935, 18.6524482 ], [ 73.7203803, 18.6527437 ], [ 73.7199871, 18.6530926 ], [ 73.7195709, 18.653409 ], [ 73.7199879, 18.6537873 ], [ 73.7202751, 18.6535938 ], [ 73.7204883, 18.6533393 ], [ 73.7207957, 18.6529772 ], [ 73.7211779, 18.6524839 ], [ 73.7215157, 18.6520064 ], [ 73.7214942, 18.6519658 ], [ 73.7216391, 18.6517357 ], [ 73.7217331, 18.651502 ], [ 73.7219406, 18.6509714 ], [ 73.7220738, 18.6504779 ], [ 73.7221756, 18.6500029 ], [ 73.7223832, 18.6493759 ], [ 73.7224654, 18.6490642 ], [ 73.7226925, 18.6486449 ], [ 73.722951, 18.6482145 ], [ 73.7231468, 18.6480067 ], [ 73.7234209, 18.6477878 ], [ 73.7236598, 18.6476505 ], [ 73.7240828, 18.6475429 ], [ 73.7248895, 18.6473759 ], [ 73.7257824, 18.6471737 ], [ 73.7263287, 18.6470419 ], [ 73.7268926, 18.6468879 ], [ 73.7271667, 18.6468453 ], [ 73.7275172, 18.6467525 ], [ 73.7279931, 18.6466163 ], [ 73.7286384, 18.6464221 ], [ 73.7292282, 18.6462306 ], [ 73.7296796, 18.6460522 ], [ 73.7300285, 18.6458764 ], [ 73.730322, 18.6456534 ], [ 73.7305463, 18.6454592 ], [ 73.7306072, 18.6453516 ], [ 73.7307789, 18.6452126 ], [ 73.731186, 18.6449318 ], [ 73.7314324, 18.6446983 ], [ 73.7317259, 18.6443441 ], [ 73.7318755, 18.6441394 ], [ 73.7320555, 18.6439348 ], [ 73.732385, 18.6436015 ], [ 73.7327976, 18.6431896 ], [ 73.733069, 18.6429246 ], [ 73.7334788, 18.6426202 ], [ 73.7338803, 18.6423815 ], [ 73.7341766, 18.6422765 ], [ 73.7344065, 18.6422476 ], [ 73.7347609, 18.6423027 ], [ 73.7351597, 18.6424418 ], [ 73.7354172, 18.6426701 ], [ 73.7355501, 18.6428721 ], [ 73.7356858, 18.6431319 ], [ 73.7360098, 18.6440712 ], [ 73.7361372, 18.6443388 ], [ 73.736259, 18.644533 ], [ 73.7364086, 18.6446983 ], [ 73.7370953, 18.6452572 ], [ 73.7372864, 18.6453621 ], [ 73.7375771, 18.6455012 ], [ 73.737782, 18.6455825 ], [ 73.7379842, 18.6456193 ], [ 73.7381753, 18.6456088 ], [ 73.7384439, 18.6455615 ], [ 73.7387596, 18.6454513 ], [ 73.739033, 18.6453533 ], [ 73.7390801, 18.6451932 ], [ 73.7392442, 18.6450683 ], [ 73.739546, 18.644798 ], [ 73.7398755, 18.6444202 ], [ 73.7400666, 18.6441867 ], [ 73.740338, 18.6437354 ], [ 73.7405484, 18.6435123 ], [ 73.7408558, 18.6431975 ], [ 73.7413515, 18.6427409 ], [ 73.7419385, 18.6421847 ], [ 73.7424009, 18.6418797 ], [ 73.7419135, 18.6412552 ] ] ] } },
{ "type": "Feature", "properties": { "osm_id": 332140046, "name": "", "water": "river", "natural": "water", "landuse": "", "operator": "" }, "geometry": { "type": "Polygon", "coordinates": [ [ [ 73.7536918, 18.639771 ], [ 73.7536983, 18.6403751 ], [ 73.7535986, 18.6407424 ], [ 73.7534929, 18.6409614 ], [ 73.7532873, 18.6412601 ], [ 73.7530641, 18.6414141 ], [ 73.7526881, 18.6415681 ], [ 73.7524355, 18.6416219 ], [ 73.7521085, 18.6416534 ], [ 73.7517721, 18.641638 ], [ 73.7513678, 18.6415908 ], [ 73.7506284, 18.6414543 ], [ 73.749914, 18.6412943 ], [ 73.7496149, 18.6411552 ], [ 73.7493811, 18.6408885 ], [ 73.7493592, 18.640766 ], [ 73.7493454, 18.6401546 ], [ 73.7493371, 18.6399447 ], [ 73.7490823, 18.6397821 ], [ 73.7487472, 18.6397086 ], [ 73.7478499, 18.6396447 ], [ 73.7474707, 18.6397978 ], [ 73.746939, 18.6398608 ], [ 73.7469113, 18.6397873 ], [ 73.7466842, 18.6397742 ], [ 73.7458701, 18.6399123 ], [ 73.7453219, 18.6400347 ], [ 73.7449694, 18.6400978 ], [ 73.7445504, 18.6401609 ], [ 73.7440402, 18.6402214 ], [ 73.743503, 18.6403894 ], [ 73.7428883, 18.6406255 ], [ 73.742412, 18.6409036 ], [ 73.7419135, 18.6412552 ], [ 73.7424009, 18.6418797 ], [ 73.742855, 18.6415439 ], [ 73.7432206, 18.6413339 ], [ 73.743503, 18.6412237 ], [ 73.7440679, 18.6410873 ], [ 73.7446882, 18.6409823 ], [ 73.7450648, 18.6408774 ], [ 73.7452586, 18.6408092 ], [ 73.7454082, 18.6408512 ], [ 73.7459862, 18.6410719 ], [ 73.7460959, 18.6410831 ], [ 73.7465384, 18.6409235 ], [ 73.7467629, 18.6410302 ], [ 73.7470519, 18.6411292 ], [ 73.7474659, 18.6412318 ], [ 73.7478601, 18.6412579 ], [ 73.7484475, 18.6414954 ], [ 73.7487922, 18.6416215 ], [ 73.7492856, 18.6416438 ], [ 73.7497555, 18.6416512 ], [ 73.7502098, 18.641859 ], [ 73.7507189, 18.6420149 ], [ 73.7512045, 18.6420742 ], [ 73.7518235, 18.6420742 ], [ 73.7523914, 18.6420742 ], [ 73.7527712, 18.6420705 ], [ 73.7530728, 18.6420186 ], [ 73.7533626, 18.6419035 ], [ 73.7537072, 18.6416401 ], [ 73.7539422, 18.6413098 ], [ 73.7540597, 18.6410612 ], [ 73.7541341, 18.6408831 ], [ 73.7541536, 18.6406642 ], [ 73.7541771, 18.6405232 ], [ 73.7542006, 18.6402449 ], [ 73.7542163, 18.6400408 ], [ 73.7542069, 18.6397631 ], [ 73.7536918, 18.639771 ] ] ] } },
{ "type": "Feature", "properties": { "osm_id": 359927980, "name": "", "water": "wastewater", "natural": "water", "landuse": "", "operator": "" }, "geometry": { "type": "Polygon", "coordinates": [ [ [ 73.8536012, 18.53855 ], [ 73.8535972, 18.5385352 ], [ 73.8535876, 18.538523 ], [ 73.8535738, 18.5385152 ], [ 73.8535578, 18.538513 ], [ 73.8535422, 18.5385167 ], [ 73.8535293, 18.5385259 ], [ 73.8535211, 18.538539 ], [ 73.8535188, 18.5385541 ], [ 73.8535227, 18.5385689 ], [ 73.8535324, 18.5385811 ], [ 73.8535462, 18.5385889 ], [ 73.8535621, 18.5385911 ], [ 73.8535777, 18.5385874 ], [ 73.8535906, 18.5385782 ], [ 73.8535989, 18.5385651 ], [ 73.8536012, 18.53855 ] ] ] } },
{ "type": "Feature", "properties": { "osm_id": 361306710, "name": "", "water": "", "natural": "water", "landuse": "", "operator": "" }, "geometry": { "type": "Polygon", "coordinates": [ [ [ 73.9015314, 18.5530647 ], [ 73.901522, 18.5530471 ], [ 73.9015232, 18.5530274 ], [ 73.9015345, 18.5530108 ], [ 73.9015531, 18.5530019 ], [ 73.9015739, 18.553003 ], [ 73.9015913, 18.5530138 ], [ 73.9016007, 18.5530314 ], [ 73.9015996, 18.5530511 ], [ 73.9015882, 18.5530676 ], [ 73.9015696, 18.5530765 ], [ 73.9015488, 18.5530755 ], [ 73.9015314, 18.5530647 ] ] ] } },
{ "type": "Feature", "properties": { "osm_id": 365487753, "name": "", "water": "wastewater", "natural": "water", "landuse": "", "operator": "" }, "geometry": { "type": "Polygon", "coordinates": [ [ [ 73.8342239, 18.503528 ], [ 73.8341874, 18.503558 ], [ 73.8341657, 18.5035991 ], [ 73.8341623, 18.5036448 ], [ 73.8341775, 18.5036883 ], [ 73.8342092, 18.503723 ], [ 73.8342525, 18.5037435 ], [ 73.8343007, 18.5037468 ], [ 73.8343466, 18.5037323 ], [ 73.8343832, 18.5037023 ], [ 73.8344048, 18.5036613 ], [ 73.8344083, 18.5036155 ], [ 73.834393, 18.503572 ], [ 73.8343613, 18.5035373 ], [ 73.8343181, 18.5035168 ], [ 73.8342698, 18.5035135 ], [ 73.8342239, 18.503528 ] ] ] } },
{ "type": "Feature", "properties": { "osm_id": 365487754, "name": "", "water": "wastewater", "natural": "water", "landuse": "", "operator": "" }, "geometry": { "type": "Polygon", "coordinates": [ [ [ 73.8345136, 18.5040227 ], [ 73.8344819, 18.5040318 ], [ 73.8344563, 18.5040517 ], [ 73.8344406, 18.5040794 ], [ 73.8344373, 18.5041107 ], [ 73.8344469, 18.5041408 ], [ 73.8344679, 18.5041651 ], [ 73.8344971, 18.5041799 ], [ 73.8345301, 18.5041831 ], [ 73.8345619, 18.504174 ], [ 73.8345875, 18.504154 ], [ 73.8346031, 18.5041263 ], [ 73.8346064, 18.5040951 ], [ 73.8345968, 18.504065 ], [ 73.8345758, 18.5040407 ], [ 73.8345466, 18.5040258 ], [ 73.8345136, 18.5040227 ] ] ] } },
{ "type": "Feature", "properties": { "osm_id": 365487755, "name": "", "water": "wastewater", "natural": "water", "landuse": "", "operator": "" }, "geometry": { "type": "Polygon", "coordinates": [ [ [ 73.8345291, 18.5035407 ], [ 73.8344848, 18.5035601 ], [ 73.8344517, 18.5035942 ], [ 73.8344348, 18.5036377 ], [ 73.8344368, 18.5036839 ], [ 73.8344573, 18.503726 ], [ 73.8344932, 18.5037574 ], [ 73.8345391, 18.5037733 ], [ 73.8345879, 18.5037714 ], [ 73.8346322, 18.503752 ], [ 73.8346653, 18.5037179 ], [ 73.8346821, 18.5036745 ], [ 73.8346801, 18.5036282 ], [ 73.8346596, 18.5035862 ], [ 73.8346237, 18.5035548 ], [ 73.8345779, 18.5035388 ], [ 73.8345291, 18.5035407 ] ] ] } },
{ "type": "Feature", "properties": { "osm_id": 365487756, "name": "", "water": "wastewater", "natural": "water", "landuse": "", "operator": "" }, "geometry": { "type": "Polygon", "coordinates": [ [ [ 73.8343219, 18.5039582 ], [ 73.8342853, 18.5039666 ], [ 73.8342549, 18.5039877 ], [ 73.8342354, 18.5040182 ], [ 73.8342296, 18.5040535 ], [ 73.8342385, 18.5040882 ], [ 73.8342607, 18.504117 ], [ 73.8342929, 18.5041355 ], [ 73.8343301, 18.504141 ], [ 73.8343667, 18.5041326 ], [ 73.8343971, 18.5041115 ], [ 73.8344166, 18.504081 ], [ 73.8344224, 18.5040457 ], [ 73.8344135, 18.504011 ], [ 73.8343912, 18.5039822 ], [ 73.8343591, 18.5039636 ], [ 73.8343219, 18.5039582 ] ] ] } },
{ "type": "Feature", "properties": { "osm_id": 365487757, "name": "", "water": "wastewater", "natural": "water", "landuse": "", "operator": "" }, "geometry": { "type": "Polygon", "coordinates": [ [ [ 73.8347095, 18.5038174 ], [ 73.8346622, 18.5038411 ], [ 73.834628, 18.5038802 ], [ 73.8346123, 18.5039287 ], [ 73.8346172, 18.5039792 ], [ 73.8346422, 18.5040241 ], [ 73.8346835, 18.5040565 ], [ 73.8347346, 18.5040714 ], [ 73.8347879, 18.5040667 ], [ 73.8348352, 18.504043 ], [ 73.8348694, 18.5040039 ], [ 73.8348851, 18.5039554 ], [ 73.8348802, 18.5039049 ], [ 73.8348552, 18.50386 ], [ 73.8348139, 18.5038276 ], [ 73.8347628, 18.5038127 ], [ 73.8347095, 18.5038174 ] ] ] } },
{ "type": "Feature", "properties": { "osm_id": 374439659, "name": "Planet Millennium Swimming Pool", "water": "", "natural": "water", "landuse": "", "operator": "" }, "geometry": { "type": "Polygon", "coordinates": [ [ [ 73.8005941, 18.5888491 ], [ 73.8007446, 18.5888426 ], [ 73.8007401, 18.5886902 ], [ 73.8005901, 18.5886991 ], [ 73.8005941, 18.5888491 ] ] ] } },
{ "type": "Feature", "properties": { "osm_id": 431817105, "name": "", "water": "pond", "natural": "water", "landuse": "", "operator": "" }, "geometry": { "type": "Polygon", "coordinates": [ [ [ 73.7365469, 18.5080958 ], [ 73.7365726, 18.5080691 ], [ 73.7366172, 18.5079291 ], [ 73.7366312, 18.5078913 ], [ 73.7366312, 18.5078536 ], [ 73.7366242, 18.5078158 ], [ 73.7366008, 18.5077936 ], [ 73.7363899, 18.5077625 ], [ 73.7363172, 18.5077603 ], [ 73.7362938, 18.5077714 ], [ 73.7362727, 18.507818 ], [ 73.7362657, 18.5079002 ], [ 73.7362727, 18.5079647 ], [ 73.7362727, 18.5080047 ], [ 73.7362915, 18.5080402 ], [ 73.7363266, 18.5080735 ], [ 73.736418, 18.5081024 ], [ 73.7364883, 18.5081113 ], [ 73.7365469, 18.5080958 ] ] ] } },
{ "type": "Feature", "properties": { "osm_id": 444459410, "name": "", "water": "pond", "natural": "water", "landuse": "", "operator": "" }, "geometry": { "type": "Polygon", "coordinates": [ [ [ 73.7429497, 18.5255992 ], [ 73.7430436, 18.5256679 ], [ 73.7430677, 18.5257671 ], [ 73.7431106, 18.5258154 ], [ 73.7431723, 18.5257849 ], [ 73.7432528, 18.5256908 ], [ 73.7433145, 18.525645 ], [ 73.7433842, 18.5255357 ], [ 73.7434191, 18.525495 ], [ 73.7434191, 18.5254441 ], [ 73.7433494, 18.5253831 ], [ 73.7433225, 18.5253678 ], [ 73.7432287, 18.5254059 ], [ 73.7431991, 18.5254339 ], [ 73.7431455, 18.5254492 ], [ 73.7430489, 18.525495 ], [ 73.7429551, 18.5255178 ], [ 73.7429229, 18.5255407 ], [ 73.7429497, 18.5255992 ] ] ] } },
{ "type": "Feature", "properties": { "osm_id": 462070468, "name": "", "water": "", "natural": "", "landuse": "reservoir", "operator": "" }, "geometry": { "type": "Polygon", "coordinates": [ [ [ 73.818215, 18.4830074 ], [ 73.8182891, 18.4827634 ], [ 73.8185892, 18.4828453 ], [ 73.8185152, 18.4830894 ], [ 73.818215, 18.4830074 ] ] ] } },
{ "type": "Feature", "properties": { "osm_id": 462070470, "name": "", "water": "", "natural": "", "landuse": "reservoir", "operator": "" }, "geometry": { "type": "Polygon", "coordinates": [ [ [ 73.8130779, 18.4798254 ], [ 73.8131746, 18.4798501 ], [ 73.8132819, 18.4798679 ], [ 73.8135178, 18.4799577 ], [ 73.8136601, 18.4800179 ], [ 73.8140435, 18.4801408 ], [ 73.814674, 18.4804326 ], [ 73.8148455, 18.4805148 ], [ 73.8150118, 18.4806064 ], [ 73.8151057, 18.4806852 ], [ 73.8150064, 18.4807412 ], [ 73.8148589, 18.4807157 ], [ 73.8147114, 18.4805606 ], [ 73.8146255, 18.4805478 ], [ 73.8145183, 18.480558 ], [ 73.8143198, 18.4805707 ], [ 73.8142125, 18.4804563 ], [ 73.8141749, 18.4804181 ], [ 73.8140516, 18.4803876 ], [ 73.8139577, 18.4802731 ], [ 73.8138423, 18.4802629 ], [ 73.8136734, 18.4801993 ], [ 73.8134937, 18.4801866 ], [ 73.8134615, 18.4801408 ], [ 73.81344, 18.4801027 ], [ 73.813373, 18.4800594 ], [ 73.813322, 18.4800569 ], [ 73.8132657, 18.4800085 ], [ 73.8132308, 18.4799831 ], [ 73.8131503, 18.4799653 ], [ 73.8131101, 18.4799475 ], [ 73.8130484, 18.4799042 ], [ 73.8130162, 18.4798584 ], [ 73.8130216, 18.4798305 ], [ 73.8130779, 18.4798254 ] ] ] } },
{ "type": "Feature", "properties": { "osm_id": 462070471, "name": "", "water": "", "natural": "", "landuse": "reservoir", "operator": "" }, "geometry": { "type": "Polygon", "coordinates": [ [ [ 73.8183887, 18.4824532 ], [ 73.8183833, 18.482382 ], [ 73.8184209, 18.4823515 ], [ 73.8185095, 18.4823329 ], [ 73.8185496, 18.4823642 ], [ 73.8185953, 18.4824092 ], [ 73.818665, 18.4823871 ], [ 73.8188312, 18.4823998 ], [ 73.8190138, 18.4824982 ], [ 73.8191317, 18.4825651 ], [ 73.8192577, 18.4826389 ], [ 73.819333, 18.4826687 ], [ 73.8194402, 18.4826941 ], [ 73.8195529, 18.482745 ], [ 73.8199149, 18.4828399 ], [ 73.8200974, 18.4828849 ], [ 73.8201376, 18.4829358 ], [ 73.8201911, 18.4829086 ], [ 73.8202528, 18.4828755 ], [ 73.8203789, 18.4828704 ], [ 73.8205963, 18.4828824 ], [ 73.8207356, 18.4828857 ], [ 73.8217738, 18.4829714 ], [ 73.821806, 18.4829256 ], [ 73.8218809, 18.4829238 ], [ 73.822007, 18.4829416 ], [ 73.822329, 18.4829256 ], [ 73.8223879, 18.4829111 ], [ 73.8225302, 18.4829078 ], [ 73.8227714, 18.4828984 ], [ 73.822844, 18.482946 ], [ 73.8230156, 18.4830324 ], [ 73.8229404, 18.4831553 ], [ 73.8227553, 18.4832393 ], [ 73.8220848, 18.4833079 ], [ 73.821897, 18.4833207 ], [ 73.8216476, 18.4833156 ], [ 73.821551, 18.4833537 ], [ 73.8213472, 18.4833486 ], [ 73.8210147, 18.4832512 ], [ 73.8209368, 18.4832469 ], [ 73.8207948, 18.4832665 ], [ 73.8203923, 18.4831604 ], [ 73.8202314, 18.4830485 ], [ 73.8201348, 18.4830154 ], [ 73.8201133, 18.4829823 ], [ 73.8200572, 18.4829917 ], [ 73.8199605, 18.4829747 ], [ 73.8198612, 18.4829442 ], [ 73.8197378, 18.4829213 ], [ 73.8195152, 18.4828857 ], [ 73.8194455, 18.4828424 ], [ 73.8193328, 18.4828093 ], [ 73.8192336, 18.4827534 ], [ 73.81907, 18.4827305 ], [ 73.8189333, 18.4826865 ], [ 73.8188207, 18.4826203 ], [ 73.8187776, 18.4825575 ], [ 73.8186918, 18.4825397 ], [ 73.8186542, 18.4825295 ], [ 73.8186247, 18.4824863 ], [ 73.8185711, 18.4824888 ], [ 73.8185658, 18.482511 ], [ 73.8184692, 18.4824888 ], [ 73.8183887, 18.4824532 ] ] ] } },
{ "type": "Feature", "properties": { "osm_id": 462489198, "name": "", "water": "", "natural": "water", "landuse": "", "operator": "" }, "geometry": { "type": "Polygon", "coordinates": [ [ [ 73.8989578, 18.5580223 ], [ 73.8989819, 18.557735 ], [ 73.8988129, 18.5577299 ], [ 73.8987942, 18.5581368 ], [ 73.898829, 18.5581368 ], [ 73.8988359, 18.5580147 ], [ 73.8988923, 18.5580182 ], [ 73.8989578, 18.5580223 ] ] ] } },
{ "type": "Feature", "properties": { "osm_id": 465517855, "name": "", "water": "lake", "natural": "water", "landuse": "", "operator": "" }, "geometry": { "type": "Polygon", "coordinates": [ [ [ 73.9167478, 18.5473267 ], [ 73.9160827, 18.547342 ], [ 73.9159941, 18.5474462 ], [ 73.9161283, 18.5474488 ], [ 73.9162919, 18.5475378 ], [ 73.916662, 18.5475022 ], [ 73.9167478, 18.5473267 ] ] ] } },
{ "type": "Feature", "properties": { "osm_id": 469647651, "name": "", "water": "pond", "natural": "water", "landuse": "", "operator": "" }, "geometry": { "type": "Polygon", "coordinates": [ [ [ 73.9268698, 18.5162684 ], [ 73.9268974, 18.5162312 ], [ 73.9268914, 18.5161815 ], [ 73.9268752, 18.5161528 ], [ 73.9268289, 18.5161413 ], [ 73.9267946, 18.5161088 ], [ 73.9267644, 18.5160725 ], [ 73.9267624, 18.5160324 ], [ 73.9267382, 18.5160209 ], [ 73.926708, 18.5160209 ], [ 73.9266886, 18.5160148 ], [ 73.9266817, 18.515998 ], [ 73.9267532, 18.5159409 ], [ 73.9267595, 18.5158998 ], [ 73.92672, 18.5158604 ], [ 73.9266938, 18.515803 ], [ 73.9266737, 18.5157457 ], [ 73.9266737, 18.5157228 ], [ 73.9266555, 18.5156998 ], [ 73.9266253, 18.5156865 ], [ 73.9265911, 18.5156712 ], [ 73.9265487, 18.5156731 ], [ 73.9265084, 18.5156846 ], [ 73.9264842, 18.5156979 ], [ 73.9264399, 18.5157113 ], [ 73.9264137, 18.5157113 ], [ 73.9263734, 18.5156731 ], [ 73.9263693, 18.5156903 ], [ 73.9263552, 18.5156998 ], [ 73.926327, 18.515696 ], [ 73.9263008, 18.5156922 ], [ 73.9262786, 18.5156712 ], [ 73.9262545, 18.5156654 ], [ 73.9262303, 18.5156616 ], [ 73.9262222, 18.5156941 ], [ 73.9262222, 18.5157113 ], [ 73.9262262, 18.5157381 ], [ 73.9262323, 18.5157801 ], [ 73.9262262, 18.5158183 ], [ 73.9262262, 18.5158374 ], [ 73.9262383, 18.5158527 ], [ 73.9262864, 18.5158427 ], [ 73.9263568, 18.5158147 ], [ 73.9264263, 18.5157863 ], [ 73.9264557, 18.5157954 ], [ 73.9264493, 18.5158546 ], [ 73.9264404, 18.5159176 ], [ 73.9264601, 18.5159558 ], [ 73.9263869, 18.5160139 ], [ 73.9263633, 18.5160544 ], [ 73.9263665, 18.5160913 ], [ 73.9264444, 18.5161049 ], [ 73.9265755, 18.5161191 ], [ 73.9266451, 18.5161411 ], [ 73.9266995, 18.5161583 ], [ 73.9267908, 18.5162513 ], [ 73.9268698, 18.5162684 ] ] ] } },
{ "type": "Feature", "properties": { "osm_id": 469810015, "name": "amanora lake", "water": "pond", "natural": "water", "landuse": "", "operator": "" }, "geometry": { "type": "Polygon", "coordinates": [ [ [ 73.942142, 18.5188557 ], [ 73.9421017, 18.5188303 ], [ 73.9421205, 18.518754 ], [ 73.9420749, 18.5187057 ], [ 73.9420964, 18.5186497 ], [ 73.9421178, 18.5185887 ], [ 73.942142, 18.5185073 ], [ 73.9421822, 18.518487 ], [ 73.9422385, 18.5184768 ], [ 73.9423163, 18.5184412 ], [ 73.9423244, 18.51837 ], [ 73.94237, 18.5183242 ], [ 73.9424021, 18.5183013 ], [ 73.9424158, 18.5182275 ], [ 73.9424156, 18.5181843 ], [ 73.9424182, 18.5180927 ], [ 73.9423834, 18.5180114 ], [ 73.9423505, 18.517946 ], [ 73.9423378, 18.5179274 ], [ 73.9422868, 18.5178867 ], [ 73.9422278, 18.5178562 ], [ 73.9421795, 18.5178384 ], [ 73.9421232, 18.517785 ], [ 73.9421232, 18.5177087 ], [ 73.9421232, 18.5176553 ], [ 73.9421071, 18.5175358 ], [ 73.9420937, 18.5175052 ], [ 73.9420615, 18.5175027 ], [ 73.942024, 18.5175078 ], [ 73.9420186, 18.5174595 ], [ 73.9420535, 18.5173984 ], [ 73.942083, 18.5173781 ], [ 73.9420856, 18.5173069 ], [ 73.9420856, 18.5172229 ], [ 73.9420561, 18.5171593 ], [ 73.9420266, 18.5170881 ], [ 73.9420374, 18.5170373 ], [ 73.9421822, 18.5170373 ], [ 73.9422117, 18.517083 ], [ 73.942209, 18.5171492 ], [ 73.9422305, 18.5172026 ], [ 73.9422734, 18.5172153 ], [ 73.9423351, 18.5172433 ], [ 73.9423861, 18.5172687 ], [ 73.9424424, 18.5173272 ], [ 73.9424826, 18.5173628 ], [ 73.9425041, 18.5174188 ], [ 73.9425175, 18.5174722 ], [ 73.9425068, 18.5175943 ], [ 73.9425175, 18.5176528 ], [ 73.9425443, 18.5176934 ], [ 73.9425845, 18.517724 ], [ 73.9426301, 18.5177367 ], [ 73.9426797, 18.5177268 ], [ 73.9427321, 18.5177163 ], [ 73.9427857, 18.5177316 ], [ 73.9428179, 18.5177672 ], [ 73.9428474, 18.5177952 ], [ 73.9428769, 18.5178104 ], [ 73.9429547, 18.5177825 ], [ 73.9430351, 18.5177647 ], [ 73.9430888, 18.5177799 ], [ 73.9431263, 18.5178054 ], [ 73.9431746, 18.5178359 ], [ 73.9432149, 18.5178867 ], [ 73.9432497, 18.5179452 ], [ 73.9432739, 18.5179859 ], [ 73.9432926, 18.5180419 ], [ 73.943239, 18.5180648 ], [ 73.9431666, 18.5180877 ], [ 73.9431076, 18.5181055 ], [ 73.9430512, 18.5181512 ], [ 73.9430351, 18.5181767 ], [ 73.9430056, 18.5181996 ], [ 73.9429359, 18.5181767 ], [ 73.942893, 18.5181767 ], [ 73.9428581, 18.5181919 ], [ 73.9428474, 18.5182275 ], [ 73.9428393, 18.5182733 ], [ 73.9428233, 18.5183013 ], [ 73.9428152, 18.5183318 ], [ 73.9428501, 18.5183522 ], [ 73.9428876, 18.5183649 ], [ 73.9429037, 18.5183954 ], [ 73.9429091, 18.5184183 ], [ 73.9428984, 18.5184514 ], [ 73.9428823, 18.5184819 ], [ 73.9428474, 18.5184997 ], [ 73.9427884, 18.5184971 ], [ 73.9427481, 18.5185149 ], [ 73.9427106, 18.518548 ], [ 73.942665, 18.5185709 ], [ 73.9422922, 18.5186904 ], [ 73.9423136, 18.518726 ], [ 73.9423378, 18.5187286 ], [ 73.9423405, 18.5187693 ], [ 73.9422841, 18.5188227 ], [ 73.9422063, 18.5188303 ], [ 73.942142, 18.5188557 ] ] ] } },
{ "type": "Feature", "properties": { "osm_id": 470714581, "name": "O2 zone", "water": "pond", "natural": "water", "landuse": "", "operator": "" }, "geometry": { "type": "Polygon", "coordinates": [ [ [ 73.9307532, 18.5147815 ], [ 73.9307351, 18.5147624 ], [ 73.9307217, 18.5147268 ], [ 73.9307217, 18.5146867 ], [ 73.9307378, 18.5146518 ], [ 73.930764, 18.5146308 ], [ 73.9307941, 18.5146142 ], [ 73.9308317, 18.5146079 ], [ 73.9308746, 18.5146174 ], [ 73.9309055, 18.514634 ], [ 73.9309249, 18.51466 ], [ 73.9309343, 18.5146931 ], [ 73.9309336, 18.5147236 ], [ 73.9309269, 18.5147541 ], [ 73.9309014, 18.5147834 ], [ 73.9308719, 18.5148018 ], [ 73.930829, 18.5148088 ], [ 73.9307841, 18.5147999 ], [ 73.9307532, 18.5147815 ] ] ] } },
{ "type": "Feature", "properties": { "osm_id": 470716723, "name": "", "water": "pond", "natural": "water", "landuse": "", "operator": "" }, "geometry": { "type": "Polygon", "coordinates": [ [ [ 73.9306082, 18.5131838 ], [ 73.930632, 18.5131895 ], [ 73.9306655, 18.5131771 ], [ 73.930683, 18.5131558 ], [ 73.9306819, 18.513131 ], [ 73.9306682, 18.513111 ], [ 73.9306461, 18.5130977 ], [ 73.9306112, 18.5130983 ], [ 73.9305874, 18.5131228 ], [ 73.930583, 18.5131454 ], [ 73.9305914, 18.5131708 ], [ 73.9306082, 18.5131838 ] ] ] } },
{ "type": "Feature", "properties": { "osm_id": 483307725, "name": "Poona Golf club Lake", "water": "", "natural": "water", "landuse": "", "operator": "" }, "geometry": { "type": "Polygon", "coordinates": [ [ [ 73.8814203, 18.5543692 ], [ 73.8814131, 18.554352 ], [ 73.8813704, 18.5543189 ], [ 73.8813172, 18.5542501 ], [ 73.8812662, 18.5541814 ], [ 73.8812722, 18.5541308 ], [ 73.8812864, 18.554088 ], [ 73.8813272, 18.5540207 ], [ 73.8814517, 18.5539827 ], [ 73.8815222, 18.5538685 ], [ 73.8816155, 18.5537778 ], [ 73.8816755, 18.5537983 ], [ 73.8817603, 18.5538719 ], [ 73.8818886, 18.5540012 ], [ 73.8819231, 18.5539845 ], [ 73.8819659, 18.5539854 ], [ 73.8820297, 18.5539794 ], [ 73.8820857, 18.554098 ], [ 73.8821434, 18.5540948 ], [ 73.8821521, 18.5540461 ], [ 73.882198, 18.5539993 ], [ 73.8822281, 18.5539682 ], [ 73.882251, 18.553935 ], [ 73.882307, 18.5539315 ], [ 73.8822675, 18.5538766 ], [ 73.8821608, 18.5538633 ], [ 73.8820697, 18.5538265 ], [ 73.8819828, 18.5537606 ], [ 73.8818896, 18.5537291 ], [ 73.8818414, 18.5536637 ], [ 73.8816738, 18.5535712 ], [ 73.8816085, 18.5535718 ], [ 73.8815081, 18.5536095 ], [ 73.8815354, 18.5536917 ], [ 73.8815655, 18.5537648 ], [ 73.8815018, 18.5538312 ], [ 73.8814602, 18.5538744 ], [ 73.8814152, 18.5539142 ], [ 73.8813608, 18.5539517 ], [ 73.8812873, 18.5539767 ], [ 73.8812119, 18.5540812 ], [ 73.8812156, 18.5541529 ], [ 73.8811252, 18.5541822 ], [ 73.8810677, 18.5542348 ], [ 73.8810385, 18.5542623 ], [ 73.8809725, 18.5542929 ], [ 73.8809435, 18.5543468 ], [ 73.8809775, 18.5544172 ], [ 73.8810282, 18.554464 ], [ 73.8811343, 18.5544195 ], [ 73.881177, 18.5544152 ], [ 73.8812398, 18.5544405 ], [ 73.8813429, 18.5544471 ], [ 73.881377, 18.5544195 ], [ 73.8814203, 18.5543692 ] ] ] } },
{ "type": "Feature", "properties": { "osm_id": 502438541, "name": "International Rowing Channel", "water": "basin", "natural": "water", "landuse": "", "operator": "" }, "geometry": { "type": "Polygon", "coordinates": [ [ [ 73.8249492, 18.6106615 ], [ 73.8246759, 18.6095373 ], [ 73.8448354, 18.6051345 ], [ 73.8449532, 18.6052318 ], [ 73.8451624, 18.6061546 ], [ 73.8450471, 18.6062969 ], [ 73.844811, 18.6063757 ], [ 73.8249492, 18.6106615 ] ] ] } },
{ "type": "Feature", "properties": { "osm_id": 540969352, "name": "", "water": "Deepmala", "natural": "water", "landuse": "", "operator": "" }, "geometry": { "type": "Polygon", "coordinates": [ [ [ 73.7920882, 18.59766 ], [ 73.7921406, 18.5975899 ], [ 73.7921113, 18.5975637 ], [ 73.7920404, 18.597625 ], [ 73.7920651, 18.597641 ], [ 73.7920882, 18.59766 ] ] ] } },
{ "type": "Feature", "properties": { "osm_id": 550688208, "name": "", "water": "", "natural": "water", "landuse": "", "operator": "" }, "geometry": { "type": "Polygon", "coordinates": [ [ [ 73.9244056, 18.410065 ], [ 73.9245343, 18.4100446 ], [ 73.9245987, 18.4100853 ], [ 73.9246631, 18.4100853 ], [ 73.9247167, 18.4100344 ], [ 73.9247382, 18.4098919 ], [ 73.9248025, 18.409729 ], [ 73.924824, 18.4095662 ], [ 73.9248669, 18.4095051 ], [ 73.9248884, 18.4093829 ], [ 73.9249527, 18.4092608 ], [ 73.9250064, 18.4092302 ], [ 73.9250493, 18.4092709 ], [ 73.9251137, 18.4092709 ], [ 73.9251673, 18.40922 ], [ 73.9251673, 18.4090979 ], [ 73.9252102, 18.4090164 ], [ 73.9252102, 18.4088943 ], [ 73.9252317, 18.4088739 ], [ 73.9252317, 18.4088332 ], [ 73.9252746, 18.4087925 ], [ 73.9252746, 18.4087518 ], [ 73.9253604, 18.4085889 ], [ 73.9253068, 18.4084973 ], [ 73.9252853, 18.4085176 ], [ 73.9251781, 18.4084566 ], [ 73.9251351, 18.4084566 ], [ 73.9251137, 18.4084769 ], [ 73.9250922, 18.4084566 ], [ 73.9250278, 18.4084566 ], [ 73.9250064, 18.4084769 ], [ 73.9249635, 18.4084769 ], [ 73.9248991, 18.4084362 ], [ 73.9248133, 18.4084158 ], [ 73.9248025, 18.4084057 ], [ 73.924824, 18.4083853 ], [ 73.9247704, 18.4083548 ], [ 73.9246631, 18.4083751 ], [ 73.9245772, 18.4083344 ], [ 73.9244485, 18.408314 ], [ 73.9243627, 18.4082326 ], [ 73.9242768, 18.4082733 ], [ 73.9242125, 18.4083548 ], [ 73.9241052, 18.4083751 ], [ 73.9240193, 18.4084566 ], [ 73.9239979, 18.4084362 ], [ 73.9239013, 18.4085482 ], [ 73.9239013, 18.4086703 ], [ 73.9238584, 18.4087314 ], [ 73.9238584, 18.4087925 ], [ 73.9238369, 18.4088128 ], [ 73.9238369, 18.4089146 ], [ 73.923794, 18.4089554 ], [ 73.9237511, 18.4090572 ], [ 73.9237511, 18.409159 ], [ 73.9237082, 18.40922 ], [ 73.9237082, 18.4093015 ], [ 73.9238584, 18.409444 ], [ 73.9239872, 18.4096069 ], [ 73.9240086, 18.409668 ], [ 73.9241266, 18.4098003 ], [ 73.9241803, 18.4098308 ], [ 73.9242446, 18.4099326 ], [ 73.924309, 18.4099733 ], [ 73.9243197, 18.4100039 ], [ 73.9244056, 18.410065 ] ] ] } },
{ "type": "Feature", "properties": { "osm_id": 552847770, "name": "", "water": "", "natural": "water", "landuse": "", "operator": "" }, "geometry": { "type": "Polygon", "coordinates": [ [ [ 73.7106166, 18.5984439 ], [ 73.7106633, 18.598455 ], [ 73.710696, 18.5984793 ], [ 73.7107497, 18.5984992 ], [ 73.7107918, 18.5985147 ], [ 73.7108712, 18.5985147 ], [ 73.7109272, 18.598528 ], [ 73.7109902, 18.5985413 ], [ 73.7110533, 18.5985501 ], [ 73.711086, 18.5985236 ], [ 73.7111163, 18.5984771 ], [ 73.711065, 18.5984196 ], [ 73.7110486, 18.5983731 ], [ 73.7110346, 18.5983156 ], [ 73.7110253, 18.5982713 ], [ 73.7110206, 18.598227 ], [ 73.7110183, 18.5981562 ], [ 73.7110159, 18.5980854 ], [ 73.7110136, 18.5980389 ], [ 73.7109692, 18.5979947 ], [ 73.7109225, 18.5980124 ], [ 73.7108898, 18.5980544 ], [ 73.7108221, 18.5981009 ], [ 73.7107778, 18.5981208 ], [ 73.7107404, 18.5981739 ], [ 73.7107182, 18.5982226 ], [ 73.7106768, 18.5982635 ], [ 73.710642, 18.5983095 ], [ 73.7106153, 18.5983523 ], [ 73.7106066, 18.5983981 ], [ 73.7106166, 18.5984439 ] ] ] } },
{ "type": "Feature", "properties": { "osm_id": 556021036, "name": "", "water": "pond", "natural": "water", "landuse": "", "operator": "" }, "geometry": { "type": "Polygon", "coordinates": [ [ [ 73.9123123, 18.5472699 ], [ 73.9112474, 18.5465731 ], [ 73.9113091, 18.5463265 ], [ 73.9114834, 18.5461281 ], [ 73.9125349, 18.5467562 ], [ 73.9123874, 18.5470372 ], [ 73.9124424, 18.5471052 ], [ 73.9124544, 18.5472318 ], [ 73.9123123, 18.5472699 ] ] ] } },
{ "type": "Feature", "properties": { "osm_id": 651676552, "name": "", "water": "river", "natural": "water", "landuse": "", "operator": "" }, "geometry": { "type": "Polygon", "coordinates": [ [ [ 73.9180273, 18.6538184 ], [ 73.9189473, 18.654098 ], [ 73.9189661, 18.6540649 ], [ 73.9189768, 18.6540446 ], [ 73.9190197, 18.6540014 ], [ 73.9190492, 18.6539455 ], [ 73.9190572, 18.653915 ], [ 73.9190814, 18.6538743 ], [ 73.919127, 18.6538362 ], [ 73.9191592, 18.6537879 ], [ 73.9191833, 18.6537371 ], [ 73.919245, 18.6536481 ], [ 73.9192611, 18.65361 ], [ 73.9192745, 18.653549 ], [ 73.9193228, 18.6534525 ], [ 73.9194193, 18.6533025 ], [ 73.9195481, 18.6531272 ], [ 73.9196098, 18.6530586 ], [ 73.9197493, 18.6529391 ], [ 73.9200067, 18.6527434 ], [ 73.9201328, 18.6526621 ], [ 73.920216, 18.6525833 ], [ 73.9202213, 18.652563 ], [ 73.9202428, 18.6525325 ], [ 73.920275, 18.6524893 ], [ 73.9203018, 18.6524639 ], [ 73.9203313, 18.6524436 ], [ 73.9205271, 18.6523597 ], [ 73.920562, 18.6523343 ], [ 73.9206451, 18.6522885 ], [ 73.920849, 18.6522352 ], [ 73.9212781, 18.6520954 ], [ 73.9214605, 18.6520547 ], [ 73.9215463, 18.6520446 ], [ 73.9218387, 18.6520293 ], [ 73.9220238, 18.6519429 ], [ 73.9221069, 18.6519124 ], [ 73.9221284, 18.6519099 ], [ 73.9222249, 18.6519073 ], [ 73.922402, 18.6519429 ], [ 73.9224985, 18.6519328 ], [ 73.9226031, 18.6519023 ], [ 73.9230484, 18.6518768 ], [ 73.9232549, 18.6518718 ], [ 73.9233702, 18.6518819 ], [ 73.9234641, 18.6518972 ], [ 73.9237431, 18.6519124 ], [ 73.9241561, 18.6519505 ], [ 73.9242688, 18.6519556 ], [ 73.9246416, 18.6519429 ], [ 73.9247677, 18.6519582 ], [ 73.9248133, 18.6519556 ], [ 73.9250869, 18.6519709 ], [ 73.9252961, 18.6520192 ], [ 73.9253685, 18.652042 ], [ 73.9254221, 18.6520471 ], [ 73.9254999, 18.6520674 ], [ 73.9256313, 18.6520878 ], [ 73.9256474, 18.6520979 ], [ 73.9257681, 18.6521157 ], [ 73.9260149, 18.6522174 ], [ 73.9260846, 18.652225 ], [ 73.9261061, 18.6522479 ], [ 73.926149, 18.6522758 ], [ 73.9261892, 18.652286 ], [ 73.9262617, 18.652347 ], [ 73.9263099, 18.6523724 ], [ 73.9263421, 18.6523826 ], [ 73.9264441, 18.6524512 ], [ 73.9264896, 18.6524588 ], [ 73.9265192, 18.6524969 ], [ 73.9265621, 18.652535 ], [ 73.9266184, 18.6526164 ], [ 73.9266372, 18.6526342 ], [ 73.926664, 18.6526774 ], [ 73.9266667, 18.6526952 ], [ 73.9266908, 18.6527231 ], [ 73.9266962, 18.6527434 ], [ 73.926715, 18.6527612 ], [ 73.9267096, 18.6528298 ], [ 73.926731, 18.6529264 ], [ 73.9267606, 18.6529976 ], [ 73.926774, 18.6530865 ], [ 73.9267874, 18.6531043 ], [ 73.9268357, 18.6532263 ], [ 73.9269805, 18.6535236 ], [ 73.9270127, 18.653544 ], [ 73.9270341, 18.6535795 ], [ 73.9270717, 18.6536049 ], [ 73.9271253, 18.6537168 ], [ 73.9271736, 18.6538489 ], [ 73.9272326, 18.6539252 ], [ 73.9272594, 18.6539811 ], [ 73.9273345, 18.6540624 ], [ 73.9274043, 18.654159 ], [ 73.9274526, 18.6542047 ], [ 73.9275116, 18.6542809 ], [ 73.9275384, 18.6543216 ], [ 73.9275867, 18.6544182 ], [ 73.9277315, 18.6546418 ], [ 73.9278924, 18.6548299 ], [ 73.9279568, 18.6549213 ], [ 73.9279997, 18.654962 ], [ 73.9280963, 18.6550332 ], [ 73.9281177, 18.6550535 ], [ 73.9281446, 18.6550941 ], [ 73.9281982, 18.655145 ], [ 73.9284235, 18.6553305 ], [ 73.9284933, 18.6554271 ], [ 73.9286113, 18.6555414 ], [ 73.9287025, 18.6556405 ], [ 73.9287615, 18.6556913 ], [ 73.9287776, 18.6557168 ], [ 73.9289466, 18.6558489 ], [ 73.9290619, 18.655976 ], [ 73.9291075, 18.6560166 ], [ 73.9291424, 18.656037 ], [ 73.9296278, 18.6564537 ], [ 73.9297459, 18.6565325 ], [ 73.9297861, 18.6565757 ], [ 73.9299738, 18.6567231 ], [ 73.9300436, 18.6567434 ], [ 73.9300704, 18.6567638 ], [ 73.9301079, 18.6567765 ], [ 73.9302126, 18.6568298 ], [ 73.9302394, 18.6568578 ], [ 73.9302903, 18.6568832 ], [ 73.9304593, 18.6570153 ], [ 73.9304996, 18.6570331 ], [ 73.9305854, 18.6570941 ], [ 73.9306122, 18.6571322 ], [ 73.9306471, 18.6571602 ], [ 73.9306739, 18.6572009 ], [ 73.9307034, 18.6572288 ], [ 73.9308161, 18.6572771 ], [ 73.9309341, 18.6573533 ], [ 73.9309448, 18.657366 ], [ 73.9310548, 18.6573991 ], [ 73.931146, 18.6574448 ], [ 73.9311916, 18.657488 ], [ 73.931433, 18.6577828 ], [ 73.9315322, 18.6579607 ], [ 73.931551, 18.6580141 ], [ 73.9316556, 18.6581259 ], [ 73.931677, 18.6581589 ], [ 73.93172, 18.6581919 ], [ 73.9317629, 18.6582428 ], [ 73.9318648, 18.6583444 ], [ 73.9320552, 18.6584893 ], [ 73.9321089, 18.6585503 ], [ 73.9321652, 18.658596 ], [ 73.9321947, 18.6586316 ], [ 73.9323959, 18.6588044 ], [ 73.9326802, 18.6591068 ], [ 73.9328706, 18.659399 ], [ 73.9329323, 18.6595286 ], [ 73.9330235, 18.6596811 ], [ 73.933112, 18.6597955 ], [ 73.9332032, 18.6598844 ], [ 73.9334661, 18.6601894 ], [ 73.9334956, 18.6602122 ], [ 73.9335814, 18.6603088 ], [ 73.9337075, 18.6604308 ], [ 73.933796, 18.6604943 ], [ 73.933855, 18.6605273 ], [ 73.9340427, 18.660662 ], [ 73.9340562, 18.6606646 ], [ 73.9342439, 18.6607815 ], [ 73.9342922, 18.660817 ], [ 73.9343539, 18.6608907 ], [ 73.9346892, 18.6612109 ], [ 73.9347857, 18.6612872 ], [ 73.9350218, 18.6614396 ], [ 73.9351746, 18.6615616 ], [ 73.9351961, 18.6615845 ], [ 73.935231, 18.6616073 ], [ 73.9353195, 18.6616937 ], [ 73.9354455, 18.6617929 ], [ 73.9356843, 18.6619326 ], [ 73.9357245, 18.6619504 ], [ 73.9359471, 18.6620089 ], [ 73.9360678, 18.6620495 ], [ 73.9361563, 18.6620673 ], [ 73.9362878, 18.6620775 ], [ 73.9363039, 18.6620851 ], [ 73.9367115, 18.6621435 ], [ 73.9367357, 18.6621486 ], [ 73.9368242, 18.6621867 ], [ 73.9368778, 18.6621969 ], [ 73.9370629, 18.6621969 ], [ 73.93713, 18.6621766 ], [ 73.9372292, 18.6621029 ], [ 73.9372802, 18.6620521 ], [ 73.9373419, 18.6620444 ], [ 73.9373767, 18.6620495 ], [ 73.9374438, 18.6621003 ], [ 73.9374948, 18.6621207 ], [ 73.9375323, 18.6621181 ], [ 73.9375833, 18.6620876 ], [ 73.9376235, 18.6619987 ], [ 73.937661, 18.6619758 ], [ 73.9376879, 18.6619707 ], [ 73.9377469, 18.6619707 ], [ 73.9377898, 18.6619809 ], [ 73.9381009, 18.662019 ], [ 73.9382055, 18.6620393 ], [ 73.9383745, 18.6620368 ], [ 73.9385167, 18.6620241 ], [ 73.9388224, 18.6619504 ], [ 73.9388815, 18.6619148 ], [ 73.9392865, 18.6617674 ], [ 73.9393938, 18.6617369 ], [ 73.9395225, 18.6616734 ], [ 73.9395976, 18.6616277 ], [ 73.9396995, 18.6615845 ], [ 73.9398953, 18.6614676 ], [ 73.9399999, 18.6614295 ], [ 73.940016, 18.6614295 ], [ 73.9400724, 18.661399 ], [ 73.9400911, 18.6613812 ], [ 73.9400992, 18.6613583 ], [ 73.9401314, 18.6613202 ], [ 73.9402306, 18.6612541 ], [ 73.9402977, 18.661188 ], [ 73.9403915, 18.6611118 ], [ 73.9406168, 18.6609441 ], [ 73.9407536, 18.6608119 ], [ 73.940818, 18.6607586 ], [ 73.940928, 18.6606163 ], [ 73.9410621, 18.6605095 ], [ 73.9411157, 18.6604435 ], [ 73.9411801, 18.6603342 ], [ 73.9412767, 18.6602351 ], [ 73.941384, 18.6600725 ], [ 73.9414054, 18.6600267 ], [ 73.9414993, 18.6599683 ], [ 73.941502, 18.6599556 ], [ 73.9414966, 18.6599429 ], [ 73.9414537, 18.65992 ], [ 73.9414322, 18.6598997 ], [ 73.9414242, 18.6598717 ], [ 73.9414242, 18.6598437 ], [ 73.941451, 18.6597955 ], [ 73.9415047, 18.6597548 ], [ 73.9415717, 18.6597446 ], [ 73.9415851, 18.6597548 ], [ 73.94162, 18.659765 ], [ 73.9416602, 18.659826 ], [ 73.9416844, 18.6599022 ], [ 73.9417005, 18.6599047 ], [ 73.9417514, 18.6599047 ], [ 73.9418587, 18.6598437 ], [ 73.9418855, 18.6598361 ], [ 73.9420143, 18.6598387 ], [ 73.9421377, 18.6598641 ], [ 73.9421859, 18.659859 ], [ 73.9421886, 18.659831 ], [ 73.9421806, 18.6597878 ], [ 73.9421672, 18.6597751 ], [ 73.9421001, 18.6597497 ], [ 73.9420223, 18.6597345 ], [ 73.9418909, 18.6597294 ], [ 73.9418238, 18.6596659 ], [ 73.9418051, 18.6596303 ], [ 73.9418051, 18.6596049 ], [ 73.9418399, 18.6595413 ], [ 73.9419445, 18.6594244 ], [ 73.9420545, 18.6592593 ], [ 73.9421055, 18.6591398 ], [ 73.9421296, 18.6591297 ], [ 73.9422128, 18.659117 ], [ 73.9422584, 18.6590712 ], [ 73.9422825, 18.6590229 ], [ 73.9423227, 18.6589721 ], [ 73.9423335, 18.6589467 ], [ 73.9423496, 18.65869 ], [ 73.9423522, 18.6584537 ], [ 73.9423978, 18.6580852 ], [ 73.9424032, 18.658009 ], [ 73.9424005, 18.657915 ], [ 73.9423844, 18.6578565 ], [ 73.9423496, 18.6577701 ], [ 73.9423281, 18.6577345 ], [ 73.9422396, 18.6576557 ], [ 73.9422128, 18.6576202 ], [ 73.9421913, 18.657577 ], [ 73.9421537, 18.657427 ], [ 73.9421457, 18.6571653 ], [ 73.9421323, 18.657056 ], [ 73.9421055, 18.6569925 ], [ 73.9420572, 18.6569544 ], [ 73.9420304, 18.6569239 ], [ 73.9420089, 18.6568552 ], [ 73.9419928, 18.6567688 ], [ 73.9419901, 18.6566647 ], [ 73.9419633, 18.6563699 ], [ 73.9419124, 18.6562809 ], [ 73.9418855, 18.6561488 ], [ 73.9418802, 18.6560776 ], [ 73.9418882, 18.6558718 ], [ 73.9418507, 18.6554093 ], [ 73.9418346, 18.6549823 ], [ 73.9417943, 18.6548197 ], [ 73.9417943, 18.6547663 ], [ 73.9418024, 18.6547104 ], [ 73.941789, 18.6546723 ], [ 73.9417809, 18.6546037 ], [ 73.9418131, 18.6544232 ], [ 73.9418212, 18.6542733 ], [ 73.9418372, 18.6541996 ], [ 73.941848, 18.6541793 ], [ 73.9418909, 18.654164 ], [ 73.9420062, 18.6541767 ], [ 73.9420143, 18.6541691 ], [ 73.9420223, 18.6541183 ], [ 73.9420116, 18.6540954 ], [ 73.9419955, 18.6540903 ], [ 73.941915, 18.6540166 ], [ 73.9418855, 18.6539683 ], [ 73.9418641, 18.6538438 ], [ 73.9418077, 18.6537422 ], [ 73.9417836, 18.6536583 ], [ 73.9417782, 18.6536126 ], [ 73.9417809, 18.6535084 ], [ 73.9417541, 18.6533356 ], [ 73.9417621, 18.6532263 ], [ 73.9417219, 18.6530179 ], [ 73.941738, 18.6527079 ], [ 73.94173, 18.652685 ], [ 73.9417112, 18.6519658 ], [ 73.9416817, 18.6517574 ], [ 73.9416656, 18.6515795 ], [ 73.9416602, 18.6514092 ], [ 73.9416334, 18.6512847 ], [ 73.9416227, 18.651178 ], [ 73.9415878, 18.651023 ], [ 73.941569, 18.650967 ], [ 73.941569, 18.6508883 ], [ 73.9415878, 18.6508044 ], [ 73.9416066, 18.6506595 ], [ 73.9416066, 18.6506036 ], [ 73.94162, 18.650535 ], [ 73.9416227, 18.6503571 ], [ 73.9416093, 18.6502072 ], [ 73.9415449, 18.6498336 ], [ 73.9415288, 18.6496659 ], [ 73.9415342, 18.6492872 ], [ 73.9414993, 18.6491449 ], [ 73.9414912, 18.6490788 ], [ 73.9414752, 18.6490356 ], [ 73.9414671, 18.6489644 ], [ 73.941451, 18.648906 ], [ 73.9414456, 18.6488196 ], [ 73.9414617, 18.6484638 ], [ 73.9414483, 18.6482452 ], [ 73.9414537, 18.6481207 ], [ 73.9414456, 18.6478564 ], [ 73.9415181, 18.6476048 ], [ 73.9415234, 18.6475362 ], [ 73.9415395, 18.6474803 ], [ 73.9415932, 18.6474193 ], [ 73.9417139, 18.6472414 ], [ 73.9417917, 18.6471448 ], [ 73.9418372, 18.6470762 ], [ 73.9419043, 18.6469567 ], [ 73.9419392, 18.6469059 ], [ 73.9419794, 18.6468068 ], [ 73.9420706, 18.6466696 ], [ 73.9421323, 18.6466009 ], [ 73.9422315, 18.6465095 ], [ 73.9423469, 18.6463748 ], [ 73.9424622, 18.6462629 ], [ 73.94254, 18.6461613 ], [ 73.9427894, 18.645897 ], [ 73.9429021, 18.6458106 ], [ 73.943055, 18.6456759 ], [ 73.9432964, 18.6454065 ], [ 73.9433017, 18.6453938 ], [ 73.9433473, 18.6453556 ], [ 73.9433849, 18.645315 ], [ 73.9434788, 18.6452337 ], [ 73.943527, 18.6452057 ], [ 73.9435887, 18.6451549 ], [ 73.9438033, 18.6450253 ], [ 73.9439321, 18.6449363 ], [ 73.9439884, 18.6449058 ], [ 73.9442673, 18.6447864 ], [ 73.9444497, 18.6447355 ], [ 73.9448225, 18.6446466 ], [ 73.94519, 18.6445271 ], [ 73.9453697, 18.6444941 ], [ 73.9454797, 18.6444661 ], [ 73.9464882, 18.6441078 ], [ 73.9465848, 18.6440595 ], [ 73.9466599, 18.6440519 ], [ 73.946912, 18.6440087 ], [ 73.9468288, 18.6433403 ], [ 73.9467028, 18.6433428 ], [ 73.9465713, 18.6433555 ], [ 73.9465016, 18.6433784 ], [ 73.946346, 18.6434165 ], [ 73.9462307, 18.6434572 ], [ 73.9461476, 18.6434978 ], [ 73.9459491, 18.6435563 ], [ 73.9458391, 18.643602 ], [ 73.9456969, 18.6436453 ], [ 73.9456111, 18.6436783 ], [ 73.9455199, 18.6436986 ], [ 73.9451712, 18.6438054 ], [ 73.9449432, 18.6438155 ], [ 73.9448842, 18.6438232 ], [ 73.944836, 18.6438333 ], [ 73.9447206, 18.6438714 ], [ 73.9444873, 18.6439883 ], [ 73.9442378, 18.6440875 ], [ 73.9440098, 18.6442069 ], [ 73.943747, 18.6442933 ], [ 73.9433876, 18.6444738 ], [ 73.9432856, 18.6445119 ], [ 73.9431059, 18.6446135 ], [ 73.9428055, 18.6448397 ], [ 73.94265, 18.644949 ], [ 73.9422879, 18.6451422 ], [ 73.9421752, 18.6452337 ], [ 73.9421028, 18.6452642 ], [ 73.9419794, 18.6453887 ], [ 73.9416468, 18.6456632 ], [ 73.9414322, 18.6459071 ], [ 73.9413625, 18.6460088 ], [ 73.9412498, 18.6461537 ], [ 73.9410943, 18.6463112 ], [ 73.9410514, 18.6463646 ], [ 73.9410353, 18.6463951 ], [ 73.9409789, 18.6465882 ], [ 73.9409038, 18.6467788 ], [ 73.9408904, 18.6468449 ], [ 73.9408609, 18.6469034 ], [ 73.940818, 18.6470787 ], [ 73.9408019, 18.6472465 ], [ 73.9407992, 18.6474447 ], [ 73.9407134, 18.6477852 ], [ 73.940708, 18.6478869 ], [ 73.9407188, 18.6479682 ], [ 73.9407188, 18.6480292 ], [ 73.940708, 18.6482478 ], [ 73.9406866, 18.6484511 ], [ 73.9406866, 18.6489289 ], [ 73.9406973, 18.6491118 ], [ 73.9407188, 18.6491983 ], [ 73.9407456, 18.6493863 ], [ 73.9407349, 18.6494626 ], [ 73.9407349, 18.6497472 ], [ 73.940751, 18.6498692 ], [ 73.9407885, 18.6500318 ], [ 73.94081, 18.6501945 ], [ 73.94081, 18.6502656 ], [ 73.9408261, 18.6504232 ], [ 73.9408207, 18.650535 ], [ 73.9408314, 18.6506163 ], [ 73.9408958, 18.6507231 ], [ 73.9409226, 18.6510382 ], [ 73.9409226, 18.6511907 ], [ 73.9409441, 18.6513838 ], [ 73.9409709, 18.6514702 ], [ 73.9409923, 18.651516 ], [ 73.9410192, 18.6516176 ], [ 73.9410192, 18.6516532 ], [ 73.9410299, 18.6516888 ], [ 73.9410353, 18.6517396 ], [ 73.9410299, 18.6523597 ], [ 73.9410138, 18.6525478 ], [ 73.9410084, 18.6527053 ], [ 73.9410835, 18.6530204 ], [ 73.9410943, 18.6530967 ], [ 73.9410835, 18.6532339 ], [ 73.9411211, 18.6533406 ], [ 73.9411211, 18.6533813 ], [ 73.9411318, 18.6534067 ], [ 73.9411426, 18.6538489 ], [ 73.9411265, 18.6539556 ], [ 73.9411318, 18.6540827 ], [ 73.941164, 18.6544588 ], [ 73.9411586, 18.654657 ], [ 73.9411747, 18.6548299 ], [ 73.9411855, 18.6550637 ], [ 73.9411908, 18.6551297 ], [ 73.9412069, 18.655206 ], [ 73.9412069, 18.6553534 ], [ 73.941223, 18.655455 ], [ 73.941223, 18.6558006 ], [ 73.9412123, 18.6559074 ], [ 73.9412498, 18.6559582 ], [ 73.9412981, 18.6566545 ], [ 73.9412928, 18.6567358 ], [ 73.9413142, 18.6567816 ], [ 73.9413893, 18.6569035 ], [ 73.9414054, 18.6569645 ], [ 73.9414269, 18.6570154 ], [ 73.9414537, 18.6571526 ], [ 73.9414644, 18.6572542 ], [ 73.9414751, 18.6572847 ], [ 73.9414966, 18.6575795 ], [ 73.9415288, 18.6577218 ], [ 73.9415234, 18.6583317 ], [ 73.9414966, 18.6584689 ], [ 73.9414698, 18.6585299 ], [ 73.9414, 18.6586214 ], [ 73.9412874, 18.6587129 ], [ 73.941282, 18.6587383 ], [ 73.9412928, 18.6587637 ], [ 73.9413142, 18.658779 ], [ 73.9413357, 18.658779 ], [ 73.9413625, 18.6588196 ], [ 73.9413625, 18.658845 ], [ 73.9413571, 18.6588705 ], [ 73.9412659, 18.659089 ], [ 73.9411694, 18.6592415 ], [ 73.9411426, 18.6592669 ], [ 73.9410514, 18.6593838 ], [ 73.9409602, 18.6595413 ], [ 73.9404559, 18.6601106 ], [ 73.9403862, 18.6601716 ], [ 73.9403164, 18.6602681 ], [ 73.9402628, 18.6603139 ], [ 73.9401072, 18.6604257 ], [ 73.9398551, 18.6606798 ], [ 73.9397961, 18.6607154 ], [ 73.9397693, 18.6607256 ], [ 73.9396512, 18.6607205 ], [ 73.9395869, 18.6607459 ], [ 73.9395761, 18.6607713 ], [ 73.9395815, 18.6607967 ], [ 73.939544, 18.6608628 ], [ 73.9395171, 18.6608933 ], [ 73.939442, 18.6609288 ], [ 73.9392382, 18.6609593 ], [ 73.9391041, 18.6609949 ], [ 73.9388519, 18.6610407 ], [ 73.9386266, 18.6610712 ], [ 73.9384979, 18.6610966 ], [ 73.938294, 18.6611423 ], [ 73.9382136, 18.6611677 ], [ 73.938058, 18.6611982 ], [ 73.9379722, 18.6612236 ], [ 73.9376771, 18.6612795 ], [ 73.9373821, 18.6612999 ], [ 73.937307, 18.6612999 ], [ 73.9371085, 18.6612795 ], [ 73.9367062, 18.6612744 ], [ 73.9365345, 18.6612389 ], [ 73.9363629, 18.6611779 ], [ 73.9363199, 18.6611677 ], [ 73.9362878, 18.6611474 ], [ 73.9361644, 18.6611067 ], [ 73.9359927, 18.6610813 ], [ 73.9359015, 18.6610508 ], [ 73.9358586, 18.6610203 ], [ 73.9358103, 18.661 ], [ 73.9353919, 18.6607484 ], [ 73.9352739, 18.6607205 ], [ 73.9352122, 18.6606951 ], [ 73.9351612, 18.6606468 ], [ 73.9351183, 18.6606188 ], [ 73.9350861, 18.6605832 ], [ 73.9346623, 18.6603952 ], [ 73.9346382, 18.6603723 ], [ 73.9345014, 18.6603367 ], [ 73.9343163, 18.6602783 ], [ 73.9342305, 18.6602376 ], [ 73.9340749, 18.6601385 ], [ 73.9339381, 18.6600166 ], [ 73.933906, 18.6599632 ], [ 73.9336887, 18.659737 ], [ 73.9336324, 18.6596582 ], [ 73.9335787, 18.6595413 ], [ 73.9335465, 18.659488 ], [ 73.9334848, 18.659427 ], [ 73.9333293, 18.6593025 ], [ 73.9332139, 18.659183 ], [ 73.9331979, 18.6591475 ], [ 73.9331791, 18.6590306 ], [ 73.9331764, 18.6589772 ], [ 73.9331603, 18.6589137 ], [ 73.9330476, 18.6586672 ], [ 73.9329833, 18.658629 ], [ 73.9328948, 18.6585553 ], [ 73.9328197, 18.6584054 ], [ 73.9327928, 18.6583241 ], [ 73.9327875, 18.6583038 ], [ 73.9327875, 18.6581818 ], [ 73.9327982, 18.6581208 ], [ 73.9328411, 18.6579734 ], [ 73.9328277, 18.657948 ], [ 73.9327955, 18.6579226 ], [ 73.9327043, 18.6578997 ], [ 73.9325863, 18.6578921 ], [ 73.9325058, 18.6578718 ], [ 73.9324871, 18.657859 ], [ 73.9324281, 18.6577955 ], [ 73.9323556, 18.6577625 ], [ 73.932353, 18.6577523 ], [ 73.9323315, 18.657732 ], [ 73.9321545, 18.657643 ], [ 73.9321169, 18.6576329 ], [ 73.9319479, 18.6576202 ], [ 73.9318997, 18.6575973 ], [ 73.9318031, 18.6575109 ], [ 73.9317843, 18.6574804 ], [ 73.9317146, 18.6573 ], [ 73.9317226, 18.6572542 ], [ 73.9317709, 18.6571551 ], [ 73.9317736, 18.6570204 ], [ 73.9317629, 18.6569747 ], [ 73.9316985, 18.6568552 ], [ 73.9316663, 18.6567739 ], [ 73.9315724, 18.6566494 ], [ 73.931492, 18.6565783 ], [ 73.9314732, 18.6565528 ], [ 73.9314303, 18.6565147 ], [ 73.9312881, 18.6563267 ], [ 73.9312801, 18.6563038 ], [ 73.931264, 18.6562885 ], [ 73.9311862, 18.6562428 ], [ 73.9310762, 18.6562148 ], [ 73.9309904, 18.6561793 ], [ 73.9308375, 18.6561005 ], [ 73.9306363, 18.6559201 ], [ 73.9305934, 18.6558997 ], [ 73.9305451, 18.6558667 ], [ 73.9304057, 18.6557955 ], [ 73.9303359, 18.6557523 ], [ 73.9303198, 18.655732 ], [ 73.9302367, 18.6556685 ], [ 73.9301965, 18.6556558 ], [ 73.9301401, 18.6556202 ], [ 73.9299846, 18.6555109 ], [ 73.9299577, 18.6554855 ], [ 73.9298183, 18.655394 ], [ 73.9297888, 18.6553864 ], [ 73.9296842, 18.6553356 ], [ 73.9296198, 18.655272 ], [ 73.9288151, 18.6546265 ], [ 73.9288044, 18.6546011 ], [ 73.928563, 18.654469 ], [ 73.9285093, 18.6544131 ], [ 73.9283967, 18.6543318 ], [ 73.9282572, 18.654159 ], [ 73.9281392, 18.6539709 ], [ 73.9280426, 18.6538489 ], [ 73.9279783, 18.6537523 ], [ 73.9278281, 18.6536253 ], [ 73.9277315, 18.6535135 ], [ 73.9275867, 18.6532797 ], [ 73.9274794, 18.6531475 ], [ 73.9274365, 18.6530662 ], [ 73.9274257, 18.6530154 ], [ 73.9273882, 18.6529086 ], [ 73.9272648, 18.6526189 ], [ 73.9272487, 18.6525681 ], [ 73.9272219, 18.6523292 ], [ 73.9272219, 18.652253 ], [ 73.9272112, 18.6522123 ], [ 73.9272058, 18.6521564 ], [ 73.927179, 18.6520802 ], [ 73.9271361, 18.6520039 ], [ 73.9271092, 18.6519328 ], [ 73.927061, 18.6518921 ], [ 73.9266962, 18.651643 ], [ 73.9263958, 18.651455 ], [ 73.9263529, 18.6514296 ], [ 73.9262509, 18.6513889 ], [ 73.9262187, 18.6513838 ], [ 73.9261705, 18.6513635 ], [ 73.9261436, 18.6513584 ], [ 73.9261115, 18.6513076 ], [ 73.9261007, 18.651272 ], [ 73.92609, 18.6511958 ], [ 73.9260632, 18.6511805 ], [ 73.9259344, 18.6511805 ], [ 73.9259022, 18.6511856 ], [ 73.9258915, 18.6512466 ], [ 73.9258701, 18.6513025 ], [ 73.9258057, 18.6513127 ], [ 73.9255428, 18.6513127 ], [ 73.9251137, 18.6513025 ], [ 73.925001, 18.6512923 ], [ 73.9249259, 18.6512923 ], [ 73.924824, 18.6513025 ], [ 73.9241052, 18.6513025 ], [ 73.9240354, 18.6512923 ], [ 73.923676, 18.6512618 ], [ 73.9236116, 18.6512618 ], [ 73.9234722, 18.6512466 ], [ 73.9234078, 18.6512466 ], [ 73.9233595, 18.6512771 ], [ 73.9232737, 18.6512771 ], [ 73.9230484, 18.6512618 ], [ 73.9229411, 18.6512466 ], [ 73.9228123, 18.651211 ], [ 73.9227426, 18.6511856 ], [ 73.9225548, 18.65115 ], [ 73.9222223, 18.65115 ], [ 73.9220881, 18.6511551 ], [ 73.9219165, 18.6511754 ], [ 73.9217609, 18.6511856 ], [ 73.9214981, 18.6512313 ], [ 73.9213103, 18.6512923 ], [ 73.921144, 18.6513686 ], [ 73.9210206, 18.6514143 ], [ 73.9207685, 18.6514804 ], [ 73.9205861, 18.651516 ], [ 73.9204842, 18.6515516 ], [ 73.9203447, 18.6516176 ], [ 73.9201891, 18.6516735 ], [ 73.9200765, 18.6517294 ], [ 73.9200228, 18.6517447 ], [ 73.9197493, 18.6518514 ], [ 73.9195722, 18.6519378 ], [ 73.9192718, 18.652192 ], [ 73.919245, 18.6521971 ], [ 73.9192182, 18.6522174 ], [ 73.9189982, 18.6523343 ], [ 73.9189768, 18.6523546 ], [ 73.9188695, 18.6525071 ], [ 73.918789, 18.6525935 ], [ 73.9187461, 18.6526494 ], [ 73.9186871, 18.6527561 ], [ 73.9186388, 18.6528222 ], [ 73.9185154, 18.6529442 ], [ 73.918494, 18.6529798 ], [ 73.9184403, 18.6530357 ], [ 73.9183706, 18.6531678 ], [ 73.9183438, 18.653239 ], [ 73.9182472, 18.6533813 ], [ 73.918215, 18.6534423 ], [ 73.9181936, 18.6535135 ], [ 73.9181024, 18.6536659 ], [ 73.9180809, 18.6537218 ], [ 73.9180434, 18.6537676 ], [ 73.9180273, 18.6538184 ] ] ] } },
{ "type": "Feature", "properties": { "osm_id": 651687147, "name": "", "water": "river", "natural": "water", "landuse": "", "operator": "" }, "geometry": { "type": "Polygon", "coordinates": [ [ [ 73.9468288, 18.6433403 ], [ 73.946912, 18.6440087 ], [ 73.9470997, 18.6439883 ], [ 73.9471534, 18.6439706 ], [ 73.9472982, 18.6439375 ], [ 73.9474136, 18.6439299 ], [ 73.9475048, 18.6439146 ], [ 73.9477998, 18.6438282 ], [ 73.9480278, 18.6437952 ], [ 73.9482316, 18.6437469 ], [ 73.9486769, 18.6436605 ], [ 73.9496183, 18.643386 ], [ 73.9499107, 18.6432945 ], [ 73.9500502, 18.6432589 ], [ 73.9501843, 18.6432081 ], [ 73.9505866, 18.6431166 ], [ 73.9509165, 18.6430251 ], [ 73.9509594, 18.6430175 ], [ 73.9512357, 18.6429159 ], [ 73.9513081, 18.6428955 ], [ 73.9514878, 18.6428676 ], [ 73.9516327, 18.6428269 ], [ 73.9518794, 18.6427481 ], [ 73.9522952, 18.6426032 ], [ 73.95244, 18.6425346 ], [ 73.9525849, 18.6424813 ], [ 73.9529657, 18.642311 ], [ 73.9530596, 18.6422627 ], [ 73.9532474, 18.6421992 ], [ 73.9534324, 18.6421153 ], [ 73.9539528, 18.6418256 ], [ 73.9544383, 18.641579 ], [ 73.9544946, 18.6415587 ], [ 73.954677, 18.641452 ], [ 73.9548594, 18.6413655 ], [ 73.9550042, 18.6412817 ], [ 73.9550954, 18.6411317 ], [ 73.9551142, 18.6410682 ], [ 73.9551705, 18.6409843 ], [ 73.95531, 18.6408623 ], [ 73.9554012, 18.6408191 ], [ 73.9554387, 18.6407886 ], [ 73.9557284, 18.6406565 ], [ 73.9557821, 18.640626 ], [ 73.9558357, 18.6405853 ], [ 73.9558706, 18.6405396 ], [ 73.9558867, 18.6404862 ], [ 73.9559081, 18.6404455 ], [ 73.9559457, 18.6403896 ], [ 73.9559939, 18.6403337 ], [ 73.95612, 18.6402549 ], [ 73.9561334, 18.6402397 ], [ 73.9561576, 18.6401914 ], [ 73.9561924, 18.6401558 ], [ 73.9562407, 18.6401253 ], [ 73.956348, 18.6400948 ], [ 73.9564097, 18.6400897 ], [ 73.9568657, 18.6396221 ], [ 73.9569408, 18.6395306 ], [ 73.956989, 18.6394848 ], [ 73.9571017, 18.6394035 ], [ 73.9572841, 18.6392866 ], [ 73.9573646, 18.6392154 ], [ 73.9573967, 18.6391748 ], [ 73.9575201, 18.6390477 ], [ 73.9576435, 18.6389359 ], [ 73.9577615, 18.6388393 ], [ 73.9578634, 18.6387885 ], [ 73.9582121, 18.6385902 ], [ 73.9583194, 18.6385445 ], [ 73.9583677, 18.6385343 ], [ 73.9584857, 18.6384936 ], [ 73.9585823, 18.6384479 ], [ 73.9586574, 18.6384326 ], [ 73.9587271, 18.6384326 ], [ 73.9587486, 18.6384276 ], [ 73.9588585, 18.6385089 ], [ 73.9589739, 18.6384758 ], [ 73.9590248, 18.6384504 ], [ 73.9590704, 18.6384174 ], [ 73.9591616, 18.638303 ], [ 73.9592367, 18.6381404 ], [ 73.9592957, 18.6380539 ], [ 73.9593494, 18.6379955 ], [ 73.9594325, 18.6379625 ], [ 73.959564, 18.637932 ], [ 73.9597169, 18.6378811 ], [ 73.9601433, 18.6377058 ], [ 73.9601862, 18.6376702 ], [ 73.9603257, 18.6375787 ], [ 73.960551, 18.6374516 ], [ 73.9606154, 18.6374059 ], [ 73.960728, 18.6373449 ], [ 73.9609533, 18.6372025 ], [ 73.9610285, 18.6371619 ], [ 73.9611947, 18.6370399 ], [ 73.9612591, 18.6370043 ], [ 73.9612859, 18.6369789 ], [ 73.9613932, 18.6369077 ], [ 73.9616185, 18.6367705 ], [ 73.9618599, 18.6366129 ], [ 73.9620799, 18.6365112 ], [ 73.9621764, 18.6364553 ], [ 73.9623052, 18.6363994 ], [ 73.9623856, 18.6363841 ], [ 73.9626646, 18.6362774 ], [ 73.9628094, 18.636252 ], [ 73.9628684, 18.6362317 ], [ 73.962965, 18.6362266 ], [ 73.9631903, 18.636191 ], [ 73.9632761, 18.6361707 ], [ 73.9633244, 18.6361656 ], [ 73.9639735, 18.6361503 ], [ 73.9640647, 18.6361554 ], [ 73.96429, 18.636191 ], [ 73.964408, 18.6361961 ], [ 73.9645904, 18.6362672 ], [ 73.9646709, 18.6363079 ], [ 73.9648694, 18.6363638 ], [ 73.9650303, 18.6364299 ], [ 73.9650464, 18.6364451 ], [ 73.9650947, 18.6364655 ], [ 73.9652717, 18.6365214 ], [ 73.9653683, 18.636557 ], [ 73.9654434, 18.6365926 ], [ 73.9657438, 18.636679 ], [ 73.965835, 18.6366891 ], [ 73.9659744, 18.6366891 ], [ 73.9661354, 18.6366637 ], [ 73.9662319, 18.6366383 ], [ 73.9663231, 18.6366231 ], [ 73.9664787, 18.6365519 ], [ 73.966527, 18.6365163 ], [ 73.9665914, 18.6364553 ], [ 73.9666772, 18.6363587 ], [ 73.9668381, 18.6362164 ], [ 73.9668488, 18.636191 ], [ 73.966881, 18.6361503 ], [ 73.9669025, 18.6361351 ], [ 73.9669561, 18.6360741 ], [ 73.967042, 18.6359927 ], [ 73.9672351, 18.6358453 ], [ 73.9673155, 18.6357691 ], [ 73.9673477, 18.6357284 ], [ 73.9674121, 18.6356776 ], [ 73.9674443, 18.6356674 ], [ 73.9674818, 18.6356369 ], [ 73.9674926, 18.6356166 ], [ 73.9675301, 18.6355759 ], [ 73.9675462, 18.6355403 ], [ 73.9676803, 18.6353828 ], [ 73.9677232, 18.6353167 ], [ 73.9678144, 18.635215 ], [ 73.9678788, 18.6351591 ], [ 73.9678949, 18.6351337 ], [ 73.9679271, 18.6351083 ], [ 73.9679754, 18.6350269 ], [ 73.9680505, 18.6349253 ], [ 73.9681148, 18.6347118 ], [ 73.9681202, 18.6346559 ], [ 73.968147, 18.6346 ], [ 73.9682329, 18.6344881 ], [ 73.9682543, 18.6344475 ], [ 73.9683348, 18.6343458 ], [ 73.9684421, 18.634173 ], [ 73.9684528, 18.6341475 ], [ 73.9685225, 18.634051 ], [ 73.9686406, 18.6339188 ], [ 73.9688069, 18.6338019 ], [ 73.9688498, 18.6337409 ], [ 73.9688712, 18.6337256 ], [ 73.9689034, 18.6336748 ], [ 73.9689463, 18.6335884 ], [ 73.9689571, 18.6335325 ], [ 73.9689732, 18.6334867 ], [ 73.969, 18.6333444 ], [ 73.9689946, 18.6332631 ], [ 73.9690053, 18.6331868 ], [ 73.9690429, 18.6330597 ], [ 73.9690536, 18.6330038 ], [ 73.9691126, 18.6328818 ], [ 73.9691287, 18.63277 ], [ 73.9691287, 18.6326632 ], [ 73.9690858, 18.632587 ], [ 73.969059, 18.6325768 ], [ 73.9690161, 18.6325412 ], [ 73.9688873, 18.6324803 ], [ 73.9688766, 18.6324548 ], [ 73.9688283, 18.6323837 ], [ 73.968823, 18.6323633 ], [ 73.968823, 18.6322363 ], [ 73.9688551, 18.6320888 ], [ 73.9688873, 18.6320177 ], [ 73.9689141, 18.6318957 ], [ 73.9689088, 18.6317025 ], [ 73.9688927, 18.6315958 ], [ 73.9688712, 18.6315754 ], [ 73.9688551, 18.6315348 ], [ 73.968823, 18.631489 ], [ 73.9687639, 18.631428 ], [ 73.9687049, 18.6313213 ], [ 73.9686996, 18.6312958 ], [ 73.968721, 18.6312196 ], [ 73.968721, 18.6311688 ], [ 73.9686781, 18.6311433 ], [ 73.9686674, 18.6311179 ], [ 73.9686674, 18.6310671 ], [ 73.9686567, 18.6310213 ], [ 73.9686513, 18.6309451 ], [ 73.9686298, 18.6308079 ], [ 73.9685976, 18.6307469 ], [ 73.968544, 18.6305842 ], [ 73.9684582, 18.6304215 ], [ 73.9682758, 18.6301928 ], [ 73.9682651, 18.630147 ], [ 73.9682382, 18.6300962 ], [ 73.968206, 18.6300606 ], [ 73.9681739, 18.6300504 ], [ 73.9681524, 18.6300301 ], [ 73.9681256, 18.630025 ], [ 73.9680666, 18.630025 ], [ 73.9680344, 18.6300352 ], [ 73.9680129, 18.6300504 ], [ 73.9678305, 18.6300708 ], [ 73.9677769, 18.6300708 ], [ 73.967675, 18.6300352 ], [ 73.9676535, 18.6300199 ], [ 73.9675462, 18.6299691 ], [ 73.9674658, 18.6299183 ], [ 73.967337, 18.6298573 ], [ 73.9673048, 18.6298471 ], [ 73.9672029, 18.6297302 ], [ 73.9671278, 18.6296234 ], [ 73.9671063, 18.6296031 ], [ 73.9669937, 18.6295421 ], [ 73.9668971, 18.6294557 ], [ 73.9668488, 18.6294252 ], [ 73.966527, 18.6290897 ], [ 73.9664841, 18.6290185 ], [ 73.9663929, 18.628927 ], [ 73.9663285, 18.6288711 ], [ 73.9662802, 18.6288152 ], [ 73.9662427, 18.6287491 ], [ 73.9661622, 18.6286525 ], [ 73.9660871, 18.6285813 ], [ 73.965894, 18.6283323 ], [ 73.9656901, 18.6281137 ], [ 73.9655614, 18.6279408 ], [ 73.9655131, 18.6278849 ], [ 73.9654434, 18.6277782 ], [ 73.9653897, 18.6277172 ], [ 73.9652985, 18.627585 ], [ 73.965202, 18.6274223 ], [ 73.9651698, 18.6273817 ], [ 73.965084, 18.6272393 ], [ 73.9649606, 18.6270665 ], [ 73.964923, 18.6270004 ], [ 73.9648855, 18.6269547 ], [ 73.9647782, 18.6267412 ], [ 73.9647138, 18.6266293 ], [ 73.9646655, 18.6265683 ], [ 73.9646226, 18.6265327 ], [ 73.9645261, 18.6264972 ], [ 73.9644992, 18.6264819 ], [ 73.9644456, 18.6264158 ], [ 73.9644027, 18.6263396 ], [ 73.964349, 18.6262226 ], [ 73.9641505, 18.6259278 ], [ 73.9641023, 18.6258516 ], [ 73.9640862, 18.625816 ], [ 73.9640433, 18.6257601 ], [ 73.9638716, 18.6253635 ], [ 73.9638019, 18.6251653 ], [ 73.9636731, 18.6249213 ], [ 73.9636463, 18.6247789 ], [ 73.9636409, 18.6247179 ], [ 73.9636248, 18.624662 ], [ 73.9636195, 18.6246061 ], [ 73.9636034, 18.6245807 ], [ 73.9635873, 18.6245299 ], [ 73.9635551, 18.6244892 ], [ 73.9635444, 18.6244536 ], [ 73.96348, 18.6243367 ], [ 73.9633942, 18.6240571 ], [ 73.9633727, 18.6240113 ], [ 73.9633566, 18.6239453 ], [ 73.9632922, 18.6237775 ], [ 73.9632708, 18.6236758 ], [ 73.9632654, 18.6236352 ], [ 73.9632761, 18.6235437 ], [ 73.9633137, 18.6234725 ], [ 73.9633244, 18.6234267 ], [ 73.9633244, 18.6233759 ], [ 73.9632761, 18.6230912 ], [ 73.9632708, 18.6229845 ], [ 73.9632279, 18.6228574 ], [ 73.9631903, 18.6227659 ], [ 73.9631742, 18.6227455 ], [ 73.9631635, 18.6226693 ], [ 73.9632064, 18.6225219 ], [ 73.9632064, 18.6223897 ], [ 73.9632386, 18.6222982 ], [ 73.963244, 18.6221965 ], [ 73.9632815, 18.6221152 ], [ 73.9632815, 18.6218915 ], [ 73.9632869, 18.6218254 ], [ 73.9632922, 18.6217898 ], [ 73.9633244, 18.6216983 ], [ 73.9633352, 18.6216475 ], [ 73.9633781, 18.6215356 ], [ 73.9633995, 18.6215001 ], [ 73.9634371, 18.6214136 ], [ 73.96348, 18.6213425 ], [ 73.9636034, 18.6212306 ], [ 73.9636999, 18.6211645 ], [ 73.9637268, 18.6211595 ], [ 73.9637482, 18.6211442 ], [ 73.9637911, 18.621134 ], [ 73.9639091, 18.6210578 ], [ 73.9639413, 18.621007 ], [ 73.9639521, 18.6209866 ], [ 73.9639467, 18.6209409 ], [ 73.9639145, 18.620829 ], [ 73.9638931, 18.6207223 ], [ 73.9638931, 18.6206613 ], [ 73.9639038, 18.6206104 ], [ 73.9639628, 18.6205189 ], [ 73.9640433, 18.6203664 ], [ 73.9641881, 18.6201885 ], [ 73.9642096, 18.6201478 ], [ 73.9642686, 18.6200817 ], [ 73.9643758, 18.6199801 ], [ 73.9645636, 18.6197361 ], [ 73.9647084, 18.6195937 ], [ 73.9647567, 18.6195683 ], [ 73.9647889, 18.6195429 ], [ 73.9651, 18.6194005 ], [ 73.9652127, 18.6193649 ], [ 73.9653897, 18.6193294 ], [ 73.965497, 18.6193141 ], [ 73.9656311, 18.6193141 ], [ 73.965674, 18.6193192 ], [ 73.9657277, 18.6193395 ], [ 73.9659798, 18.6193904 ], [ 73.96613, 18.6194056 ], [ 73.9661729, 18.6194158 ], [ 73.9662641, 18.6194209 ], [ 73.966468, 18.6194565 ], [ 73.9665538, 18.6194615 ], [ 73.966645, 18.6194819 ], [ 73.9666986, 18.6195022 ], [ 73.966763, 18.6195124 ], [ 73.9668864, 18.6195124 ], [ 73.9672673, 18.6194615 ], [ 73.9673424, 18.6194412 ], [ 73.9676911, 18.6194056 ], [ 73.9681578, 18.6193802 ], [ 73.9686888, 18.6193141 ], [ 73.968882, 18.6192989 ], [ 73.969177, 18.6192531 ], [ 73.9693057, 18.6192531 ], [ 73.9693809, 18.6192429 ], [ 73.9694774, 18.6192531 ], [ 73.9695096, 18.6192684 ], [ 73.9696222, 18.6192887 ], [ 73.9697671, 18.6193344 ], [ 73.96981, 18.6193395 ], [ 73.9698583, 18.6193599 ], [ 73.9699924, 18.6194514 ], [ 73.9699924, 18.619553 ], [ 73.969987, 18.6195886 ], [ 73.9700085, 18.6195988 ], [ 73.9700353, 18.6195988 ], [ 73.9700836, 18.619609 ], [ 73.970207, 18.6196852 ], [ 73.9702338, 18.6197259 ], [ 73.9703089, 18.6198072 ], [ 73.9704108, 18.6199546 ], [ 73.9704269, 18.6200004 ], [ 73.9704859, 18.6201122 ], [ 73.9705664, 18.6203512 ], [ 73.9705986, 18.6203817 ], [ 73.9706093, 18.6204173 ], [ 73.9706629, 18.6205189 ], [ 73.9706844, 18.6205393 ], [ 73.9707166, 18.620585 ], [ 73.9707595, 18.6206867 ], [ 73.9708078, 18.6207477 ], [ 73.9709151, 18.6209053 ], [ 73.9709526, 18.620946 ], [ 73.9709794, 18.6209663 ], [ 73.9710331, 18.6210324 ], [ 73.9710706, 18.6210934 ], [ 73.9710921, 18.6211137 ], [ 73.9711136, 18.6211239 ], [ 73.9711243, 18.6211442 ], [ 73.9711457, 18.6211595 ], [ 73.9711618, 18.6211849 ], [ 73.9711833, 18.6212001 ], [ 73.9712048, 18.6212357 ], [ 73.9712799, 18.6212916 ], [ 73.9713389, 18.6213272 ], [ 73.971371, 18.6213679 ], [ 73.9714515, 18.621434 ], [ 73.9714944, 18.6214594 ], [ 73.9716071, 18.6215967 ], [ 73.9716554, 18.6216272 ], [ 73.9718328, 18.6216887 ], [ 73.9723478, 18.6213227 ], [ 73.9721757, 18.6212001 ], [ 73.9721596, 18.6211747 ], [ 73.972106, 18.6211391 ], [ 73.9720255, 18.6210527 ], [ 73.9717197, 18.6207934 ], [ 73.971532, 18.6206664 ], [ 73.9713603, 18.6204681 ], [ 73.9712208, 18.620219 ], [ 73.9711136, 18.620097 ], [ 73.971076, 18.6200716 ], [ 73.9710116, 18.6200004 ], [ 73.970958, 18.6198784 ], [ 73.9709204, 18.6197564 ], [ 73.9709097, 18.6196852 ], [ 73.9708883, 18.6196496 ], [ 73.9708829, 18.619609 ], [ 73.9708614, 18.6195632 ], [ 73.9708346, 18.6194463 ], [ 73.9708131, 18.6194005 ], [ 73.9707971, 18.6193344 ], [ 73.9707756, 18.6192836 ], [ 73.9707112, 18.6192023 ], [ 73.9706039, 18.619126 ], [ 73.9704537, 18.6190447 ], [ 73.9703357, 18.6189989 ], [ 73.9701962, 18.6189583 ], [ 73.9701211, 18.6189176 ], [ 73.9699602, 18.6188515 ], [ 73.9698958, 18.6188312 ], [ 73.9698583, 18.6188108 ], [ 73.9697671, 18.6187905 ], [ 73.9695901, 18.6187803 ], [ 73.9693111, 18.6187447 ], [ 73.9689356, 18.6187142 ], [ 73.9686727, 18.6187041 ], [ 73.9678305, 18.6187803 ], [ 73.9676052, 18.6188108 ], [ 73.9673531, 18.6188362 ], [ 73.9669025, 18.6189074 ], [ 73.9666718, 18.6189125 ], [ 73.9666182, 18.6189278 ], [ 73.9665323, 18.6189786 ], [ 73.9664358, 18.6189989 ], [ 73.9662909, 18.619004 ], [ 73.9661944, 18.6190345 ], [ 73.9660764, 18.6190396 ], [ 73.9660388, 18.6190294 ], [ 73.9659584, 18.6189837 ], [ 73.9659369, 18.6189633 ], [ 73.9658564, 18.6189125 ], [ 73.9657599, 18.6188769 ], [ 73.9657116, 18.6188667 ], [ 73.9656311, 18.6188362 ], [ 73.9655882, 18.6188261 ], [ 73.9655238, 18.6187905 ], [ 73.9654916, 18.61876 ], [ 73.9654648, 18.6187447 ], [ 73.9654005, 18.6187295 ], [ 73.9653736, 18.6187346 ], [ 73.9652824, 18.6187702 ], [ 73.965202, 18.6188108 ], [ 73.9650518, 18.6188566 ], [ 73.9649016, 18.618882 ], [ 73.9648426, 18.6188972 ], [ 73.9646119, 18.6189735 ], [ 73.9645153, 18.6190091 ], [ 73.9643115, 18.6191006 ], [ 73.9642364, 18.6191565 ], [ 73.9641184, 18.6192633 ], [ 73.9640111, 18.6193802 ], [ 73.9638877, 18.6194971 ], [ 73.9637643, 18.6195937 ], [ 73.9636946, 18.6196598 ], [ 73.9636034, 18.6197818 ], [ 73.9634585, 18.6200157 ], [ 73.9633995, 18.6201224 ], [ 73.9633512, 18.6201834 ], [ 73.9633352, 18.6202393 ], [ 73.9632708, 18.6203359 ], [ 73.9631957, 18.6204833 ], [ 73.9631903, 18.6205138 ], [ 73.9631635, 18.6205748 ], [ 73.9631206, 18.6207274 ], [ 73.9629167, 18.621129 ], [ 73.9627773, 18.6212561 ], [ 73.962729, 18.6213221 ], [ 73.9626807, 18.6214086 ], [ 73.9626163, 18.6215865 ], [ 73.9625734, 18.6216729 ], [ 73.9625519, 18.6218 ], [ 73.9625466, 18.6219118 ], [ 73.9624983, 18.622166 ], [ 73.9624929, 18.6222372 ], [ 73.9624608, 18.6223592 ], [ 73.9624339, 18.6225422 ], [ 73.9624339, 18.6226134 ], [ 73.9624071, 18.6227913 ], [ 73.9624071, 18.6229438 ], [ 73.9624232, 18.6231929 ], [ 73.9624983, 18.6236402 ], [ 73.9625037, 18.6237267 ], [ 73.9625144, 18.6237826 ], [ 73.9625412, 18.6238487 ], [ 73.962568, 18.6238842 ], [ 73.9626163, 18.623991 ], [ 73.9626539, 18.6241435 ], [ 73.9626753, 18.6242045 ], [ 73.9627612, 18.6243621 ], [ 73.9627933, 18.6243926 ], [ 73.9628416, 18.6244994 ], [ 73.9628684, 18.62454 ], [ 73.962906, 18.6246315 ], [ 73.9629167, 18.6246925 ], [ 73.9629811, 18.6248806 ], [ 73.9630187, 18.6250179 ], [ 73.9630562, 18.6251094 ], [ 73.963083, 18.62515 ], [ 73.9633191, 18.6256584 ], [ 73.9637107, 18.6263192 ], [ 73.9637858, 18.6264362 ], [ 73.9638287, 18.6264819 ], [ 73.9638448, 18.6265073 ], [ 73.9639038, 18.62667 ], [ 73.9639789, 18.6267615 ], [ 73.9640862, 18.6269292 ], [ 73.9641184, 18.6269648 ], [ 73.9642096, 18.6271122 ], [ 73.964231, 18.6271682 ], [ 73.964231, 18.6271987 ], [ 73.9642578, 18.6272444 ], [ 73.9643168, 18.6273054 ], [ 73.9644402, 18.6274783 ], [ 73.9645153, 18.6276104 ], [ 73.9645421, 18.6276409 ], [ 73.9646065, 18.6276968 ], [ 73.9647245, 18.6278341 ], [ 73.9647943, 18.6279358 ], [ 73.9648533, 18.628073 ], [ 73.9648747, 18.6280984 ], [ 73.9649177, 18.6281747 ], [ 73.9649391, 18.628195 ], [ 73.9650088, 18.6282204 ], [ 73.9650464, 18.6282611 ], [ 73.9651537, 18.6284339 ], [ 73.9651912, 18.6284797 ], [ 73.9652288, 18.6285102 ], [ 73.9652449, 18.6285305 ], [ 73.9652932, 18.628683 ], [ 73.9653093, 18.6286983 ], [ 73.9656472, 18.629171 ], [ 73.9656687, 18.6292269 ], [ 73.9657921, 18.6293439 ], [ 73.9658886, 18.629476 ], [ 73.9659691, 18.6295472 ], [ 73.9660174, 18.6295726 ], [ 73.96613, 18.6296997 ], [ 73.9661837, 18.6297454 ], [ 73.9662909, 18.6298573 ], [ 73.9663982, 18.6299335 ], [ 73.9664572, 18.6299945 ], [ 73.9665806, 18.6301064 ], [ 73.9666235, 18.6301724 ], [ 73.9666557, 18.6302843 ], [ 73.9666879, 18.6303605 ], [ 73.9667255, 18.6304978 ], [ 73.9667576, 18.6306655 ], [ 73.9667684, 18.6307926 ], [ 73.9667845, 18.6308638 ], [ 73.9667952, 18.6311332 ], [ 73.9668488, 18.6313263 ], [ 73.9668649, 18.631367 ], [ 73.966999, 18.6315602 ], [ 73.9670527, 18.6316517 ], [ 73.9670634, 18.6316822 ], [ 73.9672726, 18.632038 ], [ 73.9672673, 18.6320685 ], [ 73.9672726, 18.6321244 ], [ 73.9673316, 18.6322566 ], [ 73.967337, 18.6323176 ], [ 73.9673638, 18.6323989 ], [ 73.9673907, 18.6324548 ], [ 73.9674282, 18.6325006 ], [ 73.9674765, 18.6325412 ], [ 73.9674979, 18.6325667 ], [ 73.9676106, 18.6327242 ], [ 73.9676535, 18.63277 ], [ 73.9676696, 18.6327954 ], [ 73.9676911, 18.6328005 ], [ 73.967734, 18.632831 ], [ 73.9678252, 18.6329276 ], [ 73.967852, 18.6329733 ], [ 73.9679056, 18.6331106 ], [ 73.9679968, 18.6332224 ], [ 73.9680451, 18.6333292 ], [ 73.9680558, 18.63338 ], [ 73.9680558, 18.6334308 ], [ 73.968029, 18.6335426 ], [ 73.968029, 18.6335935 ], [ 73.9680183, 18.6336392 ], [ 73.9679968, 18.6336799 ], [ 73.9679432, 18.6338273 ], [ 73.9678895, 18.6339188 ], [ 73.967852, 18.6339696 ], [ 73.9678413, 18.6339951 ], [ 73.9678198, 18.6340205 ], [ 73.9678144, 18.6340459 ], [ 73.9675087, 18.634605 ], [ 73.9674872, 18.6346355 ], [ 73.9673585, 18.6349202 ], [ 73.9672512, 18.6350168 ], [ 73.9671761, 18.635093 ], [ 73.9671063, 18.6351489 ], [ 73.9669079, 18.6352709 ], [ 73.966881, 18.6353065 ], [ 73.9667684, 18.6354031 ], [ 73.9667362, 18.6354387 ], [ 73.9666879, 18.6354743 ], [ 73.9665002, 18.6355556 ], [ 73.9664036, 18.6355861 ], [ 73.9662373, 18.6356318 ], [ 73.9660281, 18.6356776 ], [ 73.9659262, 18.6357081 ], [ 73.9658028, 18.6357284 ], [ 73.9656955, 18.6357437 ], [ 73.9654756, 18.6357386 ], [ 73.9652288, 18.6357132 ], [ 73.9650571, 18.6356827 ], [ 73.9649069, 18.6356674 ], [ 73.9647299, 18.6356369 ], [ 73.9646602, 18.6356318 ], [ 73.9643598, 18.6355759 ], [ 73.9643168, 18.6355607 ], [ 73.9642042, 18.6355454 ], [ 73.9639145, 18.6355403 ], [ 73.963716, 18.6355556 ], [ 73.9633137, 18.6356013 ], [ 73.9630508, 18.6356471 ], [ 73.9629006, 18.6356623 ], [ 73.96267, 18.6357132 ], [ 73.9625627, 18.6357538 ], [ 73.9624983, 18.6357691 ], [ 73.9622891, 18.6358148 ], [ 73.9621764, 18.635825 ], [ 73.9621496, 18.6358352 ], [ 73.962096, 18.6358911 ], [ 73.9620745, 18.6359063 ], [ 73.9618921, 18.6359927 ], [ 73.9617956, 18.6360537 ], [ 73.9617634, 18.6360588 ], [ 73.9617044, 18.6360436 ], [ 73.9616507, 18.6360232 ], [ 73.9616293, 18.636008 ], [ 73.9616132, 18.6359877 ], [ 73.9614201, 18.6359927 ], [ 73.9612645, 18.6360334 ], [ 73.9611196, 18.6360842 ], [ 73.9609373, 18.6361808 ], [ 73.96083, 18.636252 ], [ 73.9607227, 18.636313 ], [ 73.9605188, 18.6364045 ], [ 73.9603418, 18.636496 ], [ 73.9602077, 18.6365824 ], [ 73.9600897, 18.6366383 ], [ 73.9599019, 18.6367501 ], [ 73.9596659, 18.6368721 ], [ 73.9593387, 18.636989 ], [ 73.9591187, 18.637111 ], [ 73.9590275, 18.637172 ], [ 73.9589578, 18.637233 ], [ 73.9588398, 18.6372889 ], [ 73.958711, 18.6373194 ], [ 73.9585823, 18.6373652 ], [ 73.9585555, 18.6373652 ], [ 73.9584804, 18.6373957 ], [ 73.9584535, 18.6374211 ], [ 73.958357, 18.6375431 ], [ 73.9583462, 18.6375939 ], [ 73.9583194, 18.6376448 ], [ 73.9581048, 18.6378684 ], [ 73.9580673, 18.6378938 ], [ 73.9579868, 18.6379345 ], [ 73.9578152, 18.6380514 ], [ 73.9576811, 18.6381531 ], [ 73.9575577, 18.6382039 ], [ 73.957504, 18.6382395 ], [ 73.9574397, 18.63827 ], [ 73.9573538, 18.6383361 ], [ 73.9570963, 18.6385648 ], [ 73.9570802, 18.6385953 ], [ 73.9570481, 18.6386105 ], [ 73.956989, 18.6386258 ], [ 73.9568764, 18.6386461 ], [ 73.9568496, 18.6386614 ], [ 73.9567745, 18.6387376 ], [ 73.9567101, 18.638819 ], [ 73.9566779, 18.6388444 ], [ 73.9566457, 18.6388596 ], [ 73.9565545, 18.6389308 ], [ 73.9564741, 18.6390223 ], [ 73.9563399, 18.639129 ], [ 73.9559698, 18.6395153 ], [ 73.9558142, 18.6396577 ], [ 73.9557391, 18.6397187 ], [ 73.9556855, 18.6397593 ], [ 73.9555997, 18.6398 ], [ 73.9552456, 18.6400745 ], [ 73.9551437, 18.6401405 ], [ 73.9550579, 18.6401812 ], [ 73.954854, 18.6403083 ], [ 73.9548057, 18.6403439 ], [ 73.9546984, 18.6404049 ], [ 73.9545429, 18.6404709 ], [ 73.9544731, 18.6405065 ], [ 73.9544249, 18.6405421 ], [ 73.9543229, 18.6406031 ], [ 73.9542693, 18.6406692 ], [ 73.9542156, 18.64072 ], [ 73.9539152, 18.6409132 ], [ 73.9536577, 18.6410961 ], [ 73.9534861, 18.6412283 ], [ 73.9532876, 18.6413147 ], [ 73.9531749, 18.6413808 ], [ 73.9530301, 18.641452 ], [ 73.952778, 18.6415384 ], [ 73.952617, 18.6416044 ], [ 73.9524454, 18.6417112 ], [ 73.9523542, 18.6417824 ], [ 73.9522254, 18.6418433 ], [ 73.9518285, 18.6419603 ], [ 73.9517802, 18.6419857 ], [ 73.9515871, 18.642067 ], [ 73.9515334, 18.6420975 ], [ 73.9511901, 18.6421737 ], [ 73.9508522, 18.6422957 ], [ 73.9507288, 18.6423313 ], [ 73.9506054, 18.6423516 ], [ 73.9503854, 18.6424025 ], [ 73.9502567, 18.6424025 ], [ 73.9501977, 18.6424126 ], [ 73.9501494, 18.6424381 ], [ 73.9500475, 18.6425448 ], [ 73.9500207, 18.64256 ], [ 73.949967, 18.6425702 ], [ 73.949849, 18.6425702 ], [ 73.9496452, 18.6426058 ], [ 73.9494199, 18.642677 ], [ 73.9493555, 18.6427024 ], [ 73.949275, 18.6427227 ], [ 73.9492428, 18.6427227 ], [ 73.9492053, 18.6427379 ], [ 73.9491785, 18.6427379 ], [ 73.9490926, 18.6427634 ], [ 73.9487225, 18.6428193 ], [ 73.9486527, 18.6428345 ], [ 73.9485025, 18.6428498 ], [ 73.9483845, 18.6428701 ], [ 73.9482719, 18.6429057 ], [ 73.9475745, 18.6430887 ], [ 73.9475477, 18.6431039 ], [ 73.9474565, 18.6431293 ], [ 73.9472687, 18.6431751 ], [ 73.9471239, 18.6432208 ], [ 73.9468288, 18.6433403 ] ] ] } },
{ "type": "Feature", "properties": { "osm_id": 653244340, "name": "", "water": "lake", "natural": "water", "landuse": "", "operator": "" }, "geometry": { "type": "Polygon", "coordinates": [ [ [ 73.9071126, 18.6086731 ], [ 73.907407, 18.6087289 ], [ 73.9074404, 18.6084349 ], [ 73.9074156, 18.6084305 ], [ 73.9071793, 18.6083884 ], [ 73.9071263, 18.6085224 ], [ 73.9071126, 18.6086731 ] ] ] } },
{ "type": "Feature", "properties": { "osm_id": 692961734, "name": "", "water": "lake", "natural": "water", "landuse": "", "operator": "" }, "geometry": { "type": "Polygon", "coordinates": [ [ [ 73.7163661, 18.4895679 ], [ 73.7179093, 18.4883736 ], [ 73.7176947, 18.4881548 ], [ 73.7173246, 18.4880022 ], [ 73.7170402, 18.4878546 ], [ 73.7165628, 18.4877224 ], [ 73.7162678, 18.4876664 ], [ 73.7159834, 18.4877631 ], [ 73.7155758, 18.4877682 ], [ 73.7152917, 18.4876893 ], [ 73.7152537, 18.4877029 ], [ 73.7152258, 18.4878217 ], [ 73.7151819, 18.4880897 ], [ 73.7155022, 18.4884374 ], [ 73.71592, 18.4887796 ], [ 73.7162071, 18.489261 ], [ 73.7162334, 18.4894494 ], [ 73.7163661, 18.4895679 ] ] ] } },
{ "type": "Feature", "properties": { "osm_id": 736834159, "name": "", "water": "reservoir", "natural": "water", "landuse": "", "operator": "" }, "geometry": { "type": "Polygon", "coordinates": [ [ [ 73.9155156, 18.4198747 ], [ 73.9158576, 18.4194548 ], [ 73.9155357, 18.4193123 ], [ 73.9150744, 18.4190476 ], [ 73.9145809, 18.4187219 ], [ 73.9142161, 18.4185489 ], [ 73.9140015, 18.4187423 ], [ 73.914112, 18.4191687 ], [ 73.914399, 18.4194239 ], [ 73.9149801, 18.4197747 ], [ 73.9153332, 18.4199358 ], [ 73.9155156, 18.4198747 ] ] ] } },
{ "type": "Feature", "properties": { "osm_id": 736834161, "name": "", "water": "reservoir", "natural": "water", "landuse": "", "operator": "" }, "geometry": { "type": "Polygon", "coordinates": [ [ [ 73.898776, 18.4257133 ], [ 73.8995592, 18.4256675 ], [ 73.899511, 18.4253062 ], [ 73.8994841, 18.4250161 ], [ 73.8996022, 18.4248278 ], [ 73.899924, 18.4246446 ], [ 73.8999133, 18.4244512 ], [ 73.8997899, 18.4242323 ], [ 73.8996826, 18.4240745 ], [ 73.8996129, 18.4238913 ], [ 73.8994949, 18.4237743 ], [ 73.8995592, 18.4236674 ], [ 73.8997685, 18.4236216 ], [ 73.8998006, 18.4234943 ], [ 73.899468, 18.4234689 ], [ 73.8992427, 18.4233111 ], [ 73.8989799, 18.4231126 ], [ 73.8987385, 18.4226698 ], [ 73.8985776, 18.4224917 ], [ 73.8983469, 18.4224255 ], [ 73.898599, 18.4228276 ], [ 73.8986634, 18.4232348 ], [ 73.8987492, 18.4239117 ], [ 73.8986795, 18.4244308 ], [ 73.8986634, 18.4247158 ], [ 73.8986097, 18.4248634 ], [ 73.898481, 18.4248787 ], [ 73.8984381, 18.424899 ], [ 73.8984273, 18.4251637 ], [ 73.8985883, 18.4251993 ], [ 73.8987117, 18.4254029 ], [ 73.8987117, 18.4255708 ], [ 73.898776, 18.4257133 ] ] ] } },
{ "type": "Feature", "properties": { "osm_id": 736834162, "name": "", "water": "reservoir", "natural": "water", "landuse": "", "operator": "" }, "geometry": { "type": "Polygon", "coordinates": [ [ [ 73.9002137, 18.4246395 ], [ 73.9005409, 18.424558 ], [ 73.9007072, 18.4243697 ], [ 73.9007555, 18.4241814 ], [ 73.9008896, 18.4240796 ], [ 73.900675, 18.4238455 ], [ 73.9005302, 18.423591 ], [ 73.900498, 18.4233569 ], [ 73.9004712, 18.4232348 ], [ 73.9003424, 18.4232297 ], [ 73.899924, 18.4234587 ], [ 73.8999187, 18.4236216 ], [ 73.8998489, 18.4237285 ], [ 73.8998382, 18.423871 ], [ 73.8998972, 18.4240287 ], [ 73.8999294, 18.4241763 ], [ 73.8999455, 18.4243392 ], [ 73.900042, 18.4244817 ], [ 73.9002137, 18.4246395 ] ] ] } },
{ "type": "Feature", "properties": { "osm_id": 736834163, "name": "", "water": "reservoir", "natural": "water", "landuse": "", "operator": "" }, "geometry": { "type": "Polygon", "coordinates": [ [ [ 73.8996343, 18.4234027 ], [ 73.899924, 18.4232806 ], [ 73.900203, 18.4231992 ], [ 73.9002727, 18.4230058 ], [ 73.9002137, 18.4228022 ], [ 73.9001976, 18.42268 ], [ 73.900101, 18.4226698 ], [ 73.9000528, 18.4224764 ], [ 73.8998596, 18.4222474 ], [ 73.8996826, 18.4220795 ], [ 73.8994198, 18.4221304 ], [ 73.8992749, 18.4225121 ], [ 73.8992052, 18.4229803 ], [ 73.8992749, 18.4232551 ], [ 73.8994412, 18.423362 ], [ 73.8996343, 18.4234027 ] ] ] } },
{ "type": "Feature", "properties": { "osm_id": 736836830, "name": "", "water": "reservoir", "natural": "water", "landuse": "", "operator": "" }, "geometry": { "type": "Polygon", "coordinates": [ [ [ 73.9982929, 18.4205919 ], [ 73.9980139, 18.420429 ], [ 73.9978369, 18.4200473 ], [ 73.9977135, 18.4197775 ], [ 73.9976438, 18.4192788 ], [ 73.9976652, 18.4189785 ], [ 73.9978208, 18.4187647 ], [ 73.9982231, 18.4187138 ], [ 73.9985235, 18.4187138 ], [ 73.9986308, 18.4186273 ], [ 73.9988025, 18.4185815 ], [ 73.9990278, 18.4187036 ], [ 73.9992316, 18.4189734 ], [ 73.9994408, 18.4192889 ], [ 73.9993711, 18.419691 ], [ 73.9993228, 18.4199862 ], [ 73.9989688, 18.4202661 ], [ 73.9987435, 18.4205002 ], [ 73.9982929, 18.4205919 ] ] ] } },
{ "type": "Feature", "properties": { "osm_id": 739037405, "name": "", "water": "", "natural": "water", "landuse": "", "operator": "" }, "geometry": { "type": "Polygon", "coordinates": [ [ [ 73.9909148, 18.4263165 ], [ 73.9909421, 18.4263801 ], [ 73.9909975, 18.4264243 ], [ 73.9910682, 18.426439 ], [ 73.991138, 18.4264209 ], [ 73.991191, 18.4263741 ], [ 73.9912149, 18.4263093 ], [ 73.9912044, 18.4262414 ], [ 73.9911618, 18.4261859 ], [ 73.9910969, 18.4261555 ], [ 73.9910245, 18.4261572 ], [ 73.9909613, 18.4261907 ], [ 73.9909217, 18.4262481 ], [ 73.9909148, 18.4263165 ] ] ] } },
{ "type": "Feature", "properties": { "osm_id": 739037406, "name": "", "water": "", "natural": "", "landuse": "reservoir", "operator": "" }, "geometry": { "type": "Polygon", "coordinates": [ [ [ 73.9963736, 18.4174481 ], [ 73.9967555, 18.4174687 ], [ 73.9968545, 18.4169139 ], [ 73.9964389, 18.4169207 ], [ 73.9964147, 18.4169437 ], [ 73.9963398, 18.4174045 ], [ 73.9963422, 18.4174389 ], [ 73.9963736, 18.4174481 ] ] ] } },
{ "type": "Feature", "properties": { "osm_id": 740703696, "name": "", "water": "reservoir", "natural": "water", "landuse": "", "operator": "" }, "geometry": { "type": "Polygon", "coordinates": [ [ [ 73.9363667, 18.422551 ], [ 73.9382711, 18.4228768 ], [ 73.9382896, 18.4227854 ], [ 73.9383247, 18.4226121 ], [ 73.9384481, 18.4224136 ], [ 73.9385232, 18.4221133 ], [ 73.9387807, 18.4219657 ], [ 73.9388236, 18.421869 ], [ 73.9388183, 18.4216807 ], [ 73.9388451, 18.4215738 ], [ 73.9388022, 18.421467 ], [ 73.9386681, 18.4213652 ], [ 73.9385501, 18.4214924 ], [ 73.9384696, 18.4215535 ], [ 73.9383516, 18.4216196 ], [ 73.9381477, 18.4216807 ], [ 73.9379922, 18.4219454 ], [ 73.9378259, 18.4220573 ], [ 73.9377239, 18.4221184 ], [ 73.9376006, 18.4221082 ], [ 73.9374021, 18.4219963 ], [ 73.9373913, 18.4218843 ], [ 73.937386, 18.4217418 ], [ 73.9373484, 18.4214975 ], [ 73.9373484, 18.4212227 ], [ 73.9372841, 18.4210547 ], [ 73.9370963, 18.421014 ], [ 73.93693, 18.4211718 ], [ 73.936812, 18.4212939 ], [ 73.9367154, 18.4213703 ], [ 73.936635, 18.4214873 ], [ 73.936651, 18.4216451 ], [ 73.9366403, 18.4217825 ], [ 73.9364955, 18.4220014 ], [ 73.9364848, 18.4221388 ], [ 73.9363185, 18.4223016 ], [ 73.9363667, 18.422551 ] ] ] } },
{ "type": "Feature", "properties": { "osm_id": 740703697, "name": "", "water": "reservoir", "natural": "water", "landuse": "", "operator": "" }, "geometry": { "type": "Polygon", "coordinates": [ [ [ 73.9323488, 18.4228513 ], [ 73.934001, 18.4226375 ], [ 73.9336899, 18.4223118 ], [ 73.9332929, 18.421925 ], [ 73.9330944, 18.4215077 ], [ 73.9329335, 18.4211565 ], [ 73.9328477, 18.4209631 ], [ 73.9326385, 18.4209173 ], [ 73.9323702, 18.4210852 ], [ 73.9322737, 18.4216095 ], [ 73.9322039, 18.4218996 ], [ 73.9321986, 18.4221948 ], [ 73.9321932, 18.4224747 ], [ 73.9321825, 18.4226019 ], [ 73.9323488, 18.4228513 ] ] ] } },
{ "type": "Feature", "properties": { "osm_id": 742761088, "name": "", "water": "", "natural": "water", "landuse": "", "operator": "" }, "geometry": { "type": "Polygon", "coordinates": [ [ [ 73.7386373, 18.5771742 ], [ 73.7387414, 18.5771268 ], [ 73.7388157, 18.5770871 ], [ 73.7388752, 18.577091 ], [ 73.738936, 18.5771255 ], [ 73.7390063, 18.5771678 ], [ 73.7390509, 18.577155 ], [ 73.7390522, 18.577123 ], [ 73.7389928, 18.5770948 ], [ 73.7389428, 18.5770794 ], [ 73.738886, 18.57705 ], [ 73.7388468, 18.5769808 ], [ 73.7388211, 18.5769013 ], [ 73.7388306, 18.5768386 ], [ 73.7388508, 18.5767437 ], [ 73.7388589, 18.5767053 ], [ 73.7388468, 18.5766733 ], [ 73.7387522, 18.5766336 ], [ 73.7387184, 18.5766195 ], [ 73.7386589, 18.5766336 ], [ 73.7386075, 18.576663 ], [ 73.7385562, 18.5766861 ], [ 73.7385535, 18.5767104 ], [ 73.7386089, 18.5767604 ], [ 73.7386305, 18.5768027 ], [ 73.7386278, 18.576836 ], [ 73.7385913, 18.5768552 ], [ 73.7385481, 18.576886 ], [ 73.7385386, 18.5769154 ], [ 73.7385575, 18.5769462 ], [ 73.738594, 18.5769692 ], [ 73.7386129, 18.5769974 ], [ 73.7386116, 18.5770423 ], [ 73.7385967, 18.577091 ], [ 73.7385819, 18.5771281 ], [ 73.7385751, 18.5771601 ], [ 73.7385724, 18.5771806 ], [ 73.7386075, 18.5771909 ], [ 73.7386373, 18.5771742 ] ] ] } },
{ "type": "Feature", "properties": { "osm_id": 742761089, "name": "", "water": "", "natural": "water", "landuse": "", "operator": "" }, "geometry": { "type": "Polygon", "coordinates": [ [ [ 73.7415485, 18.5758462 ], [ 73.7414367, 18.5758462 ], [ 73.7414097, 18.5758194 ], [ 73.7414097, 18.5757804 ], [ 73.741432, 18.5757413 ], [ 73.7414626, 18.5757224 ], [ 73.7415156, 18.5757335 ], [ 73.7415568, 18.575767 ], [ 73.7415968, 18.5757714 ], [ 73.7416427, 18.5757625 ], [ 73.7416838, 18.5757703 ], [ 73.741698, 18.5758016 ], [ 73.741698, 18.5758763 ], [ 73.741745, 18.5759265 ], [ 73.7418003, 18.5759421 ], [ 73.7419027, 18.5759231 ], [ 73.7419592, 18.5759254 ], [ 73.741978, 18.5759577 ], [ 73.7419709, 18.5759945 ], [ 73.7419274, 18.5760224 ], [ 73.7418756, 18.5760403 ], [ 73.7418086, 18.5760626 ], [ 73.7417297, 18.5760949 ], [ 73.7416874, 18.5761295 ], [ 73.7416356, 18.5761496 ], [ 73.7415885, 18.5761774 ], [ 73.7415297, 18.5762299 ], [ 73.7414638, 18.5762578 ], [ 73.7414356, 18.5762377 ], [ 73.7414356, 18.5762042 ], [ 73.7414897, 18.5761808 ], [ 73.7415779, 18.5761261 ], [ 73.7416603, 18.5760904 ], [ 73.741725, 18.5760291 ], [ 73.7417262, 18.5759711 ], [ 73.7416968, 18.5759254 ], [ 73.7416321, 18.5758506 ], [ 73.7415921, 18.5758384 ], [ 73.7415485, 18.5758462 ] ] ] } },
{ "type": "Feature", "properties": { "osm_id": 742761090, "name": "", "water": "", "natural": "water", "landuse": "", "operator": "" }, "geometry": { "type": "Polygon", "coordinates": [ [ [ 73.7384275, 18.576595 ], [ 73.738457, 18.5764861 ], [ 73.7385145, 18.5764287 ], [ 73.7385859, 18.5764125 ], [ 73.7386185, 18.5763787 ], [ 73.7385486, 18.5762668 ], [ 73.7384896, 18.5761976 ], [ 73.7385114, 18.576099 ], [ 73.7385393, 18.5759989 ], [ 73.7385548, 18.5759106 ], [ 73.7385424, 18.5758724 ], [ 73.7385222, 18.5758724 ], [ 73.7385176, 18.5759445 ], [ 73.7384943, 18.5760078 ], [ 73.7384772, 18.5760725 ], [ 73.7384337, 18.57618 ], [ 73.7384462, 18.5762815 ], [ 73.7384446, 18.5763757 ], [ 73.7383918, 18.576489 ], [ 73.7384027, 18.5765538 ], [ 73.7384275, 18.576595 ] ] ] } },
{ "type": "Feature", "properties": { "osm_id": 765880777, "name": "", "water": "", "natural": "water", "landuse": "", "operator": "" }, "geometry": { "type": "Polygon", "coordinates": [ [ [ 73.9258169, 18.5205005 ], [ 73.9258752, 18.5205088 ], [ 73.9259335, 18.5205392 ], [ 73.9259743, 18.5204591 ], [ 73.9258723, 18.5204397 ], [ 73.925881, 18.5203431 ], [ 73.925983, 18.5203431 ], [ 73.9259772, 18.5202768 ], [ 73.9259597, 18.5202326 ], [ 73.9259306, 18.5201884 ], [ 73.9259043, 18.5201663 ], [ 73.9258403, 18.5202188 ], [ 73.9258169, 18.5205005 ] ] ] } },
{ "type": "Feature", "properties": { "osm_id": 765880778, "name": "", "water": "", "natural": "water", "landuse": "", "operator": "" }, "geometry": { "type": "Polygon", "coordinates": [ [ [ 73.924809, 18.520274 ], [ 73.9248381, 18.5202906 ], [ 73.9248818, 18.5203044 ], [ 73.9249313, 18.5203044 ], [ 73.9249692, 18.5202961 ], [ 73.92501, 18.5202823 ], [ 73.9250362, 18.5202491 ], [ 73.9250508, 18.5202049 ], [ 73.9250508, 18.520169 ], [ 73.9250478, 18.5201304 ], [ 73.9250245, 18.5200917 ], [ 73.9249925, 18.5200668 ], [ 73.9249459, 18.5200502 ], [ 73.9248905, 18.5200447 ], [ 73.9248527, 18.5200558 ], [ 73.9248119, 18.5200779 ], [ 73.9247798, 18.5201 ], [ 73.9247653, 18.5201414 ], [ 73.9247653, 18.5201828 ], [ 73.9247769, 18.5202326 ], [ 73.924809, 18.520274 ] ] ] } },
{ "type": "Feature", "properties": { "osm_id": 772155076, "name": "Harantale", "water": "lake", "natural": "water", "landuse": "", "operator": "" }, "geometry": { "type": "Polygon", "coordinates": [ [ [ 73.9398844, 18.6075419 ], [ 73.9403293, 18.6073388 ], [ 73.9407743, 18.6072608 ], [ 73.9414828, 18.6068235 ], [ 73.9417135, 18.6064018 ], [ 73.9420431, 18.6063081 ], [ 73.9424221, 18.6064487 ], [ 73.9426693, 18.6058396 ], [ 73.9424551, 18.6051524 ], [ 73.9425704, 18.6044809 ], [ 73.942488, 18.6040748 ], [ 73.9421749, 18.6043716 ], [ 73.9419113, 18.6042154 ], [ 73.9418124, 18.6045902 ], [ 73.9419278, 18.6047152 ], [ 73.9421584, 18.6056522 ], [ 73.9418618, 18.6056366 ], [ 73.9412357, 18.6059802 ], [ 73.9409885, 18.6064487 ], [ 73.9399668, 18.6065736 ], [ 73.9392747, 18.6066517 ], [ 73.9390111, 18.606761 ], [ 73.9398185, 18.6071046 ], [ 73.9398844, 18.6075419 ] ] ] } },
{ "type": "Feature", "properties": { "osm_id": 772156908, "name": "", "water": "", "natural": "water", "landuse": "", "operator": "" }, "geometry": { "type": "Polygon", "coordinates": [ [ [ 73.8812981, 18.6017442 ], [ 73.8810101, 18.601269 ], [ 73.8806816, 18.6011612 ], [ 73.880362, 18.6012747 ], [ 73.88027, 18.6012076 ], [ 73.8803497, 18.6010267 ], [ 73.8806219, 18.6008188 ], [ 73.881043, 18.5998584 ], [ 73.8821677, 18.5996655 ], [ 73.8833257, 18.5996835 ], [ 73.8833083, 18.6002367 ], [ 73.8834419, 18.6005582 ], [ 73.8834595, 18.6009896 ], [ 73.8828801, 18.6011465 ], [ 73.8830171, 18.6018028 ], [ 73.883623, 18.6031447 ], [ 73.8833306, 18.6032563 ], [ 73.8827431, 18.6028287 ], [ 73.8823447, 18.6023039 ], [ 73.8819926, 18.6023362 ], [ 73.8817797, 18.6027917 ], [ 73.8812992, 18.602605 ], [ 73.8814725, 18.6020098 ], [ 73.8812981, 18.6017442 ] ] ] } },
{ "type": "Feature", "properties": { "osm_id": 772156909, "name": "", "water": "", "natural": "water", "landuse": "", "operator": "" }, "geometry": { "type": "Polygon", "coordinates": [ [ [ 73.8815143, 18.5993305 ], [ 73.8818999, 18.5992595 ], [ 73.8819749, 18.5986707 ], [ 73.881343, 18.5986199 ], [ 73.8815143, 18.5993305 ] ] ] } },
{ "type": "Feature", "properties": { "osm_id": 785862568, "name": "", "water": "lake", "natural": "water", "landuse": "", "operator": "" }, "geometry": { "type": "Polygon", "coordinates": [ [ [ 73.8304411, 18.6484943 ], [ 73.8307992, 18.6483494 ], [ 73.8311143, 18.6485782 ], [ 73.8312484, 18.6487675 ], [ 73.8313463, 18.6489924 ], [ 73.8313571, 18.6491678 ], [ 73.8313249, 18.6493024 ], [ 73.8312578, 18.649366 ], [ 73.8312379, 18.6493706 ], [ 73.8312209, 18.6493634 ], [ 73.8312176, 18.6493317 ], [ 73.8311747, 18.6493164 ], [ 73.8311157, 18.6493012 ], [ 73.8311613, 18.649277 ], [ 73.8311546, 18.6491627 ], [ 73.831172, 18.6491322 ], [ 73.8312082, 18.6491144 ], [ 73.8312551, 18.6491068 ], [ 73.8312793, 18.6490686 ], [ 73.8312887, 18.6490165 ], [ 73.8312806, 18.6489695 ], [ 73.8312431, 18.6489365 ], [ 73.8311827, 18.6489212 ], [ 73.8311411, 18.6489416 ], [ 73.8311143, 18.6489835 ], [ 73.831113, 18.6490381 ], [ 73.8310419, 18.6490623 ], [ 73.830995, 18.6490597 ], [ 73.83094, 18.6490305 ], [ 73.830775, 18.6489073 ], [ 73.8306355, 18.6487726 ], [ 73.8305028, 18.6485972 ], [ 73.8304411, 18.6484943 ] ] ] } },
{ "type": "Feature", "properties": { "osm_id": 835312062, "name": "", "water": "", "natural": "water", "landuse": "", "operator": "" }, "geometry": { "type": "Polygon", "coordinates": [ [ [ 73.8203333, 18.5416556 ], [ 73.8205207, 18.5416937 ], [ 73.8205796, 18.5414091 ], [ 73.8203886, 18.5413726 ], [ 73.8203333, 18.5416556 ] ] ] } },
{ "type": "Feature", "properties": { "osm_id": 859372077, "name": "", "water": "", "natural": "", "landuse": "reservoir", "operator": "" }, "geometry": { "type": "Polygon", "coordinates": [ [ [ 73.9839895, 18.4073298 ], [ 73.9839292, 18.4072859 ], [ 73.9839258, 18.4072464 ], [ 73.9839426, 18.4070549 ], [ 73.9839499, 18.4069945 ], [ 73.9839634, 18.4069697 ], [ 73.9839868, 18.4069601 ], [ 73.984023, 18.4069614 ], [ 73.9842946, 18.4070651 ], [ 73.9842698, 18.4070969 ], [ 73.9841578, 18.4071713 ], [ 73.9841075, 18.4072248 ], [ 73.9840519, 18.4073164 ], [ 73.9840224, 18.4073393 ], [ 73.9839969, 18.4073412 ], [ 73.9839895, 18.4073298 ] ] ] } },
{ "type": "Feature", "properties": { "osm_id": 859372078, "name": "", "water": "reservoir", "natural": "water", "landuse": "", "operator": "" }, "geometry": { "type": "Polygon", "coordinates": [ [ [ 73.9828724, 18.4059561 ], [ 73.9829636, 18.4059453 ], [ 73.9830434, 18.4059396 ], [ 73.9831037, 18.4059338 ], [ 73.9831339, 18.4059205 ], [ 73.9831413, 18.405888 ], [ 73.9831325, 18.4058193 ], [ 73.9831292, 18.4057487 ], [ 73.9831238, 18.4056978 ], [ 73.9831084, 18.4056832 ], [ 73.9830554, 18.405673 ], [ 73.9828757, 18.4056978 ], [ 73.9828348, 18.4057137 ], [ 73.9828194, 18.4057824 ], [ 73.9828281, 18.4058734 ], [ 73.9828301, 18.4059128 ], [ 73.9828442, 18.4059498 ], [ 73.9828543, 18.4059555 ], [ 73.9828724, 18.4059561 ] ] ] } },
{ "type": "Feature", "properties": { "osm_id": 859372079, "name": "", "water": "reservoir", "natural": "water", "landuse": "", "operator": "" }, "geometry": { "type": "Polygon", "coordinates": [ [ [ 73.9833015, 18.4058798 ], [ 73.9836878, 18.4058257 ], [ 73.9836951, 18.405818 ], [ 73.9836958, 18.4058053 ], [ 73.9836683, 18.4055356 ], [ 73.9836589, 18.4055216 ], [ 73.9836308, 18.4055101 ], [ 73.9832995, 18.4055661 ], [ 73.9832754, 18.405575 ], [ 73.9832579, 18.405596 ], [ 73.9832787, 18.405834 ], [ 73.9832861, 18.4058607 ], [ 73.9832928, 18.4058696 ], [ 73.9833015, 18.4058798 ] ] ] } },
{ "type": "Feature", "properties": { "osm_id": 892480367, "name": "", "water": "", "natural": "water", "landuse": "", "operator": "" }, "geometry": { "type": "Polygon", "coordinates": [ [ [ 73.8890358, 18.5541733 ], [ 73.8890666, 18.5541841 ], [ 73.889096, 18.5541916 ], [ 73.8891283, 18.5541842 ], [ 73.8891709, 18.5541703 ], [ 73.8892252, 18.5541675 ], [ 73.8892839, 18.5541925 ], [ 73.8893279, 18.5542301 ], [ 73.8893544, 18.5542524 ], [ 73.8893793, 18.5542802 ], [ 73.8894211, 18.5542916 ], [ 73.8894645, 18.5543067 ], [ 73.8894997, 18.5543094 ], [ 73.8895188, 18.554283 ], [ 73.8895188, 18.554244 ], [ 73.8895129, 18.5542023 ], [ 73.8894924, 18.5541494 ], [ 73.8894704, 18.5541048 ], [ 73.889441, 18.5540436 ], [ 73.889419, 18.5539935 ], [ 73.8893749, 18.5539517 ], [ 73.8893426, 18.5539225 ], [ 73.8893103, 18.5538975 ], [ 73.889281, 18.5538752 ], [ 73.8892457, 18.5538627 ], [ 73.8891885, 18.5538362 ], [ 73.8891224, 18.5538139 ], [ 73.8890945, 18.5538265 ], [ 73.889096, 18.5538557 ], [ 73.8890966, 18.5538766 ], [ 73.8891056, 18.5539005 ], [ 73.8891097, 18.5539378 ], [ 73.8890888, 18.5539741 ], [ 73.889055, 18.5539936 ], [ 73.8890356, 18.5540197 ], [ 73.8890335, 18.5540687 ], [ 73.8890284, 18.5540881 ], [ 73.8890284, 18.5541188 ], [ 73.889028, 18.5541508 ], [ 73.8890358, 18.5541733 ] ] ] } },
{ "type": "Feature", "properties": { "osm_id": 892813013, "name": "", "water": "", "natural": "water", "landuse": "", "operator": "" }, "geometry": { "type": "Polygon", "coordinates": [ [ [ 73.8858564, 18.5563711 ], [ 73.8858522, 18.556347 ], [ 73.8858596, 18.5563239 ], [ 73.8858607, 18.5562998 ], [ 73.8858639, 18.5562758 ], [ 73.8858882, 18.5562697 ], [ 73.8859295, 18.5562517 ], [ 73.8859739, 18.5562336 ], [ 73.8859993, 18.5562276 ], [ 73.8860374, 18.5562266 ], [ 73.8860808, 18.5562226 ], [ 73.8861253, 18.5562236 ], [ 73.8861613, 18.5562266 ], [ 73.8861856, 18.5562366 ], [ 73.8861952, 18.5562446 ], [ 73.8862195, 18.5562366 ], [ 73.8862587, 18.5562155 ], [ 73.8863095, 18.5562065 ], [ 73.8863709, 18.5562025 ], [ 73.8864217, 18.5562045 ], [ 73.8864492, 18.5562236 ], [ 73.8864778, 18.5562477 ], [ 73.8865, 18.5562808 ], [ 73.8865159, 18.556345 ], [ 73.8865243, 18.5563871 ], [ 73.8865201, 18.5564313 ], [ 73.8865106, 18.5564524 ], [ 73.8864873, 18.5564604 ], [ 73.8864471, 18.5564594 ], [ 73.8864206, 18.5564534 ], [ 73.8863836, 18.5564504 ], [ 73.8863635, 18.5564463 ], [ 73.8863582, 18.5564353 ], [ 73.8863508, 18.5564223 ], [ 73.8863476, 18.5564052 ], [ 73.8863476, 18.5563942 ], [ 73.8863423, 18.5563851 ], [ 73.8863222, 18.5563841 ], [ 73.8862894, 18.5563841 ], [ 73.8862491, 18.5563801 ], [ 73.8862142, 18.5563801 ], [ 73.8861952, 18.5563831 ], [ 73.8861856, 18.5563922 ], [ 73.8861877, 18.5564182 ], [ 73.8861856, 18.5564343 ], [ 73.8861814, 18.5564514 ], [ 73.8861687, 18.5564514 ], [ 73.8861528, 18.5564463 ], [ 73.8861338, 18.5564353 ], [ 73.8861105, 18.5564463 ], [ 73.8860819, 18.5564463 ], [ 73.8860618, 18.5564584 ], [ 73.8860332, 18.5564483 ], [ 73.886012, 18.5564363 ], [ 73.8859909, 18.5564283 ], [ 73.8859665, 18.5564182 ], [ 73.885939, 18.5564062 ], [ 73.885921, 18.5564042 ], [ 73.8859041, 18.5564072 ], [ 73.885884, 18.5564022 ], [ 73.8858617, 18.5563912 ], [ 73.8858564, 18.5563711 ] ] ] } },
{ "type": "Feature", "properties": { "osm_id": 892813014, "name": "", "water": "", "natural": "water", "landuse": "", "operator": "" }, "geometry": { "type": "Polygon", "coordinates": [ [ [ 73.8860946, 18.5565005 ], [ 73.8861052, 18.5565186 ], [ 73.8861348, 18.5565367 ], [ 73.8861486, 18.5565688 ], [ 73.8861539, 18.5565898 ], [ 73.8861549, 18.5566159 ], [ 73.8861571, 18.556642 ], [ 73.886156, 18.5566671 ], [ 73.886156, 18.5567012 ], [ 73.8861687, 18.5567243 ], [ 73.8861772, 18.5567554 ], [ 73.8861941, 18.5567735 ], [ 73.8862163, 18.5567895 ], [ 73.8862407, 18.5567955 ], [ 73.886264, 18.5567925 ], [ 73.8862862, 18.5567925 ], [ 73.8863105, 18.5567915 ], [ 73.8863285, 18.5567965 ], [ 73.8863529, 18.5568126 ], [ 73.8863719, 18.5568297 ], [ 73.8863825, 18.5568427 ], [ 73.8863878, 18.5568788 ], [ 73.8863984, 18.5569099 ], [ 73.8864132, 18.556931 ], [ 73.8864354, 18.5569501 ], [ 73.8864587, 18.5569701 ], [ 73.8864936, 18.5569882 ], [ 73.8865265, 18.5569972 ], [ 73.8865487, 18.5570012 ], [ 73.886572, 18.5570103 ], [ 73.8866058, 18.5570153 ], [ 73.8866334, 18.5570163 ], [ 73.8866577, 18.5570163 ], [ 73.8866895, 18.5569922 ], [ 73.8867159, 18.5569531 ], [ 73.8867106, 18.5568949 ], [ 73.8866926, 18.5568497 ], [ 73.8866778, 18.5568086 ], [ 73.886663, 18.5567624 ], [ 73.886627, 18.5567253 ], [ 73.8865963, 18.5566972 ], [ 73.8865688, 18.5566641 ], [ 73.8865508, 18.556631 ], [ 73.8865413, 18.5565949 ], [ 73.8865529, 18.5565487 ], [ 73.8865699, 18.5565106 ], [ 73.8865635, 18.5564885 ], [ 73.8865455, 18.5564774 ], [ 73.8865116, 18.5564764 ], [ 73.8864809, 18.5564764 ], [ 73.886427, 18.5564754 ], [ 73.8863857, 18.5564754 ], [ 73.8863592, 18.5564754 ], [ 73.886355, 18.5564875 ], [ 73.8863486, 18.5565065 ], [ 73.8863285, 18.5565106 ], [ 73.8862989, 18.5565106 ], [ 73.8862714, 18.5565116 ], [ 73.8862491, 18.5565126 ], [ 73.8862227, 18.5565126 ], [ 73.8862026, 18.5565126 ], [ 73.8861877, 18.5565116 ], [ 73.886174, 18.5565055 ], [ 73.886156, 18.5564915 ], [ 73.8861369, 18.5564785 ], [ 73.8861137, 18.5564684 ], [ 73.8860999, 18.5564734 ], [ 73.8860925, 18.5564875 ], [ 73.8860946, 18.5565005 ] ] ] } },
{ "type": "Feature", "properties": { "osm_id": 892827540, "name": "", "water": "", "natural": "water", "landuse": "", "operator": "" }, "geometry": { "type": "Polygon", "coordinates": [ [ [ 73.8884769, 18.5579675 ], [ 73.8884793, 18.5579484 ], [ 73.8884904, 18.5579376 ], [ 73.8885038, 18.5579348 ], [ 73.8885195, 18.5579419 ], [ 73.8885315, 18.5579447 ], [ 73.8885471, 18.5579298 ], [ 73.8885449, 18.5579114 ], [ 73.8885434, 18.5578909 ], [ 73.8885374, 18.5578796 ], [ 73.8885337, 18.5578697 ], [ 73.8885382, 18.5578562 ], [ 73.8885426, 18.5578357 ], [ 73.8885486, 18.5578173 ], [ 73.8885531, 18.5577968 ], [ 73.8885614, 18.557777 ], [ 73.8885718, 18.5577607 ], [ 73.8885822, 18.5577473 ], [ 73.8885975, 18.5577293 ], [ 73.8886049, 18.5577168 ], [ 73.888611, 18.5577066 ], [ 73.888644, 18.5577058 ], [ 73.8886623, 18.5577109 ], [ 73.8886647, 18.5577272 ], [ 73.8886524, 18.5577476 ], [ 73.8886588, 18.5577657 ], [ 73.8886796, 18.5577734 ], [ 73.8886982, 18.5577791 ], [ 73.8887175, 18.5577813 ], [ 73.8887432, 18.5577739 ], [ 73.8887612, 18.55776 ], [ 73.8887691, 18.5577479 ], [ 73.8887774, 18.5577438 ], [ 73.8887875, 18.5577483 ], [ 73.888797, 18.5577581 ], [ 73.8888007, 18.5577654 ], [ 73.8887991, 18.5577746 ], [ 73.8887901, 18.5577749 ], [ 73.8887835, 18.5577986 ], [ 73.8887829, 18.5578228 ], [ 73.8887825, 18.5578367 ], [ 73.8887842, 18.5578508 ], [ 73.8887848, 18.5578629 ], [ 73.8887865, 18.5578905 ], [ 73.8887761, 18.557905 ], [ 73.8887648, 18.5579199 ], [ 73.8887529, 18.5579306 ], [ 73.8887385, 18.5579306 ], [ 73.888721, 18.5579264 ], [ 73.8887053, 18.5579193 ], [ 73.8886859, 18.5579163 ], [ 73.888674, 18.5579163 ], [ 73.8886708, 18.557933 ], [ 73.888679, 18.5579484 ], [ 73.8886827, 18.5579651 ], [ 73.8886765, 18.5579763 ], [ 73.8886476, 18.557974 ], [ 73.8886357, 18.5579657 ], [ 73.8886192, 18.5579538 ], [ 73.8886175, 18.5579392 ], [ 73.8886081, 18.5579299 ], [ 73.8885961, 18.5579303 ], [ 73.8885907, 18.557947 ], [ 73.8885893, 18.5579604 ], [ 73.8885853, 18.5579704 ], [ 73.8885793, 18.5579811 ], [ 73.8885781, 18.5579954 ], [ 73.8885806, 18.5580019 ], [ 73.8885708, 18.5580043 ], [ 73.8885527, 18.5579916 ], [ 73.8885326, 18.5579913 ], [ 73.8885094, 18.5579927 ], [ 73.8884972, 18.5579888 ], [ 73.8884841, 18.5579787 ], [ 73.8884769, 18.5579675 ] ] ] } },
{ "type": "Feature", "properties": { "osm_id": 934156127, "name": "", "water": "river", "natural": "water", "landuse": "", "operator": "" }, "geometry": { "type": "Polygon", "coordinates": [ [ [ 73.9216554, 18.5038016 ], [ 73.9218123, 18.5037405 ], [ 73.9218378, 18.5037685 ], [ 73.9218634, 18.5037648 ], [ 73.9218821, 18.5037075 ], [ 73.9218995, 18.5037011 ], [ 73.9218566, 18.5034112 ], [ 73.921874, 18.5032217 ], [ 73.9219183, 18.5029724 ], [ 73.9219451, 18.5028134 ], [ 73.9220591, 18.5025921 ], [ 73.9222227, 18.5023429 ], [ 73.9222938, 18.5022259 ], [ 73.9224668, 18.5020936 ], [ 73.92257, 18.5020364 ], [ 73.9227712, 18.5019054 ], [ 73.922853, 18.5018341 ], [ 73.9228959, 18.5018036 ], [ 73.9230072, 18.5017502 ], [ 73.9230354, 18.5017222 ], [ 73.9230971, 18.5016904 ], [ 73.923199, 18.5016116 ], [ 73.9232607, 18.5015594 ], [ 73.9234713, 18.501459 ], [ 73.9235893, 18.5013763 ], [ 73.9238401, 18.5012237 ], [ 73.9243725, 18.5008727 ], [ 73.9247185, 18.5006298 ], [ 73.9247373, 18.5005814 ], [ 73.9248459, 18.500514 ], [ 73.9249143, 18.5004644 ], [ 73.9250001, 18.5004148 ], [ 73.9251758, 18.5002991 ], [ 73.925381, 18.5001401 ], [ 73.9254776, 18.5000638 ], [ 73.9257243, 18.4999341 ], [ 73.9260046, 18.4998412 ], [ 73.9259349, 18.4997192 ], [ 73.925499, 18.4999265 ], [ 73.9251544, 18.5001516 ], [ 73.924913, 18.5003131 ], [ 73.9245857, 18.5005344 ], [ 73.9242411, 18.5008015 ], [ 73.923604, 18.5012173 ], [ 73.9232688, 18.5014463 ], [ 73.9228933, 18.5017108 ], [ 73.9226063, 18.5019105 ], [ 73.922385, 18.5020453 ], [ 73.9222495, 18.5021724 ], [ 73.9220859, 18.5023708 ], [ 73.9219719, 18.5025222 ], [ 73.9218485, 18.5027333 ], [ 73.9217868, 18.502877 ], [ 73.9217104, 18.5032255 ], [ 73.9216997, 18.5034061 ], [ 73.9217211, 18.503429 ], [ 73.9217238, 18.5034582 ], [ 73.9217064, 18.5034926 ], [ 73.9217211, 18.5035638 ], [ 73.9217479, 18.5036007 ], [ 73.9217332, 18.5036719 ], [ 73.9217359, 18.5036846 ], [ 73.9217158, 18.5037253 ], [ 73.9216809, 18.5037393 ], [ 73.9216635, 18.5037482 ], [ 73.9216554, 18.5038016 ] ] ] } },
{ "type": "Feature", "properties": { "osm_id": 951671086, "name": "", "water": "", "natural": "", "landuse": "reservoir", "operator": "" }, "geometry": { "type": "Polygon", "coordinates": [ [ [ 73.9010181, 18.403782 ], [ 73.9009758, 18.4037356 ], [ 73.9009805, 18.4036974 ], [ 73.9009852, 18.4036662 ], [ 73.9009825, 18.4036408 ], [ 73.9009664, 18.4036223 ], [ 73.9009463, 18.4036109 ], [ 73.9009342, 18.4036032 ], [ 73.9009302, 18.4035867 ], [ 73.9009564, 18.4035708 ], [ 73.9010067, 18.4035454 ], [ 73.9010523, 18.4035409 ], [ 73.9010972, 18.4035593 ], [ 73.9011072, 18.4035924 ], [ 73.9010985, 18.4036484 ], [ 73.9010771, 18.4036993 ], [ 73.9010523, 18.403747 ], [ 73.9010321, 18.4037731 ], [ 73.9010181, 18.403782 ] ] ] } },
{ "type": "Feature", "properties": { "osm_id": 951671101, "name": "", "water": "", "natural": "", "landuse": "reservoir", "operator": "" }, "geometry": { "type": "Polygon", "coordinates": [ [ [ 73.9159942, 18.4010887 ], [ 73.9158627, 18.4001954 ], [ 73.9171234, 18.4000631 ], [ 73.9173621, 18.401272 ], [ 73.917346, 18.4012758 ], [ 73.9173111, 18.4012376 ], [ 73.916894, 18.4011587 ], [ 73.9164072, 18.4010149 ], [ 73.9162101, 18.4009946 ], [ 73.9160706, 18.4010862 ], [ 73.9159942, 18.4010887 ] ] ] } },
{ "type": "Feature", "properties": { "osm_id": 971353603, "name": "", "water": "", "natural": "water", "landuse": "", "operator": "" }, "geometry": { "type": "Polygon", "coordinates": [ [ [ 73.8657027, 18.5857155 ], [ 73.8656947, 18.5856087 ], [ 73.8657618, 18.5854689 ], [ 73.8660327, 18.585296 ], [ 73.8663626, 18.5851892 ], [ 73.866545, 18.585268 ], [ 73.8666683, 18.5853774 ], [ 73.8667837, 18.5856723 ], [ 73.8668776, 18.5862977 ], [ 73.8665423, 18.5863638 ], [ 73.8665771, 18.5864502 ], [ 73.8668051, 18.5864426 ], [ 73.866671, 18.5867401 ], [ 73.8667461, 18.586857 ], [ 73.8665852, 18.5869917 ], [ 73.8663787, 18.5869358 ], [ 73.866384, 18.5866536 ], [ 73.866199, 18.5863079 ], [ 73.8659468, 18.5861172 ], [ 73.8658047, 18.5859443 ], [ 73.8657027, 18.5857155 ] ] ] } },
{ "type": "Feature", "properties": { "osm_id": 981035036, "name": "", "water": "river", "natural": "water", "landuse": "", "operator": "" }, "geometry": { "type": "Polygon", "coordinates": [ [ [ 73.9456843, 18.5443774 ], [ 73.9442859, 18.5433131 ], [ 73.9429607, 18.5406099 ], [ 73.9420445, 18.5387522 ], [ 73.9407744, 18.5365159 ], [ 73.9400124, 18.5356902 ], [ 73.9385882, 18.535071 ], [ 73.9373454, 18.5348043 ], [ 73.9360482, 18.5347011 ], [ 73.9343881, 18.5349248 ], [ 73.9325375, 18.5352344 ], [ 73.9303875, 18.5358021 ], [ 73.9283827, 18.5365589 ], [ 73.9269494, 18.5370836 ], [ 73.9245092, 18.5378577 ], [ 73.9225134, 18.5381501 ], [ 73.9204905, 18.5382619 ], [ 73.9189393, 18.5383135 ], [ 73.9165262, 18.5384511 ], [ 73.9153565, 18.5387299 ], [ 73.9158055, 18.5406456 ], [ 73.9176968, 18.540516 ], [ 73.9205962, 18.539993 ], [ 73.922931, 18.5394578 ], [ 73.9256636, 18.5391172 ], [ 73.9293199, 18.5381563 ], [ 73.9316035, 18.5373171 ], [ 73.9331687, 18.5371954 ], [ 73.9347595, 18.5371468 ], [ 73.9367736, 18.5367089 ], [ 73.938775, 18.5368427 ], [ 73.9397243, 18.5377793 ], [ 73.9404812, 18.5391294 ], [ 73.9419053, 18.5419999 ], [ 73.9430727, 18.5440433 ], [ 73.943927, 18.5448959 ], [ 73.9445568, 18.545344 ], [ 73.9451925, 18.5455504 ], [ 73.9454158, 18.5457051 ], [ 73.9464889, 18.5460129 ], [ 73.9486512, 18.5459943 ], [ 73.9495382, 18.5460885 ], [ 73.9500993, 18.5461841 ], [ 73.9515301, 18.5460927 ], [ 73.9516178, 18.544463 ], [ 73.9490672, 18.5446538 ], [ 73.9468105, 18.5447298 ], [ 73.9459455, 18.5446491 ], [ 73.9456843, 18.5443774 ] ] ] } },
{ "type": "Feature", "properties": { "osm_id": 994857494, "name": "", "water": "pond", "natural": "water", "landuse": "", "operator": "" }, "geometry": { "type": "Polygon", "coordinates": [ [ [ 73.8114188, 18.487652 ], [ 73.811706, 18.4880506 ], [ 73.8118368, 18.4881946 ], [ 73.8119745, 18.4882278 ], [ 73.8121543, 18.4882278 ], [ 73.8122757, 18.4882123 ], [ 73.8129225, 18.4877583 ], [ 73.8124018, 18.4870984 ], [ 73.8119675, 18.4865381 ], [ 73.8118344, 18.4865868 ], [ 73.8117364, 18.4866023 ], [ 73.8114725, 18.4867751 ], [ 73.8114888, 18.4868769 ], [ 73.8113254, 18.4870762 ], [ 73.8115309, 18.4873841 ], [ 73.8113931, 18.4874904 ], [ 73.8114188, 18.487652 ] ] ] } },
{ "type": "Feature", "properties": { "osm_id": 1020251926, "name": "Rainwater Harvesting", "water": "reservoir", "natural": "water", "landuse": "", "operator": "" }, "geometry": { "type": "Polygon", "coordinates": [ [ [ 73.875714, 18.6065538 ], [ 73.8756768, 18.6063373 ], [ 73.8760283, 18.6063137 ], [ 73.8760556, 18.6065856 ], [ 73.8759127, 18.6066162 ], [ 73.8758842, 18.6065762 ], [ 73.8757587, 18.6065915 ], [ 73.875714, 18.6065538 ] ] ] } },
{ "type": "Feature", "properties": { "osm_id": 1027364184, "name": "CP Chondhe Lake", "water": "lake", "natural": "water", "landuse": "", "operator": "" }, "geometry": { "type": "Polygon", "coordinates": [ [ [ 73.7581688, 18.4940339 ], [ 73.760454, 18.4940034 ], [ 73.7591988, 18.4917344 ], [ 73.7581903, 18.4917344 ], [ 73.7581688, 18.4940339 ] ] ] } },
{ "type": "Feature", "properties": { "osm_id": 1033227567, "name": "", "water": "", "natural": "water", "landuse": "", "operator": "" }, "geometry": { "type": "Polygon", "coordinates": [ [ [ 73.9576244, 18.6058077 ], [ 73.9576899, 18.6058673 ], [ 73.9577163, 18.6058999 ], [ 73.9577209, 18.6059399 ], [ 73.9576956, 18.605946 ], [ 73.9576645, 18.6059619 ], [ 73.9576339, 18.605998 ], [ 73.9576396, 18.6060417 ], [ 73.9576765, 18.6060795 ], [ 73.9577241, 18.6060915 ], [ 73.9577723, 18.6060873 ], [ 73.9577831, 18.6060699 ], [ 73.9577715, 18.6060502 ], [ 73.9577775, 18.6060239 ], [ 73.9577957, 18.6059894 ], [ 73.9578256, 18.6059706 ], [ 73.9578607, 18.6059652 ], [ 73.9578935, 18.6059727 ], [ 73.9579035, 18.6059783 ], [ 73.9579226, 18.6059555 ], [ 73.9579454, 18.6059115 ], [ 73.9579713, 18.6058733 ], [ 73.9579714, 18.6058479 ], [ 73.9579465, 18.6058286 ], [ 73.9579257, 18.6058167 ], [ 73.9579363, 18.6057928 ], [ 73.957938, 18.6057699 ], [ 73.9579277, 18.6057475 ], [ 73.9578957, 18.605738 ], [ 73.9578775, 18.6057234 ], [ 73.9578689, 18.6057034 ], [ 73.9578594, 18.6056962 ], [ 73.957655, 18.6057695 ], [ 73.9576244, 18.6058077 ] ] ] } },
{ "type": "Feature", "properties": { "osm_id": 1033227571, "name": "", "water": "", "natural": "water", "landuse": "", "operator": "" }, "geometry": { "type": "Polygon", "coordinates": [ [ [ 73.9588006, 18.6065473 ], [ 73.9589093, 18.6063715 ], [ 73.9588567, 18.606333 ], [ 73.9587018, 18.6064825 ], [ 73.9587462, 18.6065236 ], [ 73.9588006, 18.6065473 ] ] ] } },
{ "type": "Feature", "properties": { "osm_id": 1033227576, "name": "", "water": "", "natural": "water", "landuse": "", "operator": "" }, "geometry": { "type": "Polygon", "coordinates": [ [ [ 73.957782, 18.6063817 ], [ 73.9578332, 18.6064143 ], [ 73.9578848, 18.6064207 ], [ 73.9579115, 18.6064087 ], [ 73.9579402, 18.6063669 ], [ 73.9579373, 18.6063282 ], [ 73.9579328, 18.6063103 ], [ 73.9579805, 18.6062216 ], [ 73.9579353, 18.6062013 ], [ 73.9578844, 18.6061509 ], [ 73.9578547, 18.6061118 ], [ 73.9578334, 18.6061123 ], [ 73.957818, 18.6061396 ], [ 73.9578208, 18.6061937 ], [ 73.9578031, 18.6062273 ], [ 73.9577532, 18.6062447 ], [ 73.9577049, 18.6062529 ], [ 73.9576718, 18.6062776 ], [ 73.9576655, 18.6063249 ], [ 73.9576839, 18.6063561 ], [ 73.9577183, 18.6063707 ], [ 73.9577682, 18.606368 ], [ 73.957782, 18.6063817 ] ] ] } },
{ "type": "Feature", "properties": { "osm_id": 1033227578, "name": "", "water": "", "natural": "water", "landuse": "", "operator": "" }, "geometry": { "type": "Polygon", "coordinates": [ [ [ 73.9583603, 18.6060247 ], [ 73.958296, 18.6058863 ], [ 73.9583166, 18.6058584 ], [ 73.958371, 18.6058452 ], [ 73.9584279, 18.6058623 ], [ 73.95847, 18.6059687 ], [ 73.9584237, 18.6060119 ], [ 73.9583603, 18.6060247 ] ] ] } },
{ "type": "Feature", "properties": { "osm_id": 1033227579, "name": "", "water": "", "natural": "water", "landuse": "", "operator": "" }, "geometry": { "type": "Polygon", "coordinates": [ [ [ 73.9576096, 18.6071651 ], [ 73.9576335, 18.6071663 ], [ 73.9576559, 18.6071464 ], [ 73.9576872, 18.6071456 ], [ 73.957786, 18.6071024 ], [ 73.9578853, 18.6071492 ], [ 73.9579348, 18.6071714 ], [ 73.957958, 18.6071686 ], [ 73.9580584, 18.6071315 ], [ 73.9580553, 18.6070631 ], [ 73.958036, 18.6069697 ], [ 73.9580024, 18.6068832 ], [ 73.9579449, 18.6067972 ], [ 73.9579028, 18.6067534 ], [ 73.9578579, 18.606723 ], [ 73.9577769, 18.6068547 ], [ 73.9577143, 18.6069347 ], [ 73.9576925, 18.6069521 ], [ 73.9576605, 18.6069734 ], [ 73.9575511, 18.6070214 ], [ 73.9575475, 18.6070376 ], [ 73.9576096, 18.6071651 ] ] ] } },
{ "type": "Feature", "properties": { "osm_id": 1061593397, "name": "", "water": "wastewater", "natural": "water", "landuse": "", "operator": "" }, "geometry": { "type": "Polygon", "coordinates": [ [ [ 73.8312954, 18.4707059 ], [ 73.8312446, 18.4707283 ], [ 73.8312037, 18.4707648 ], [ 73.831177, 18.4708116 ], [ 73.8311673, 18.470864 ], [ 73.8311754, 18.4709166 ], [ 73.8312029, 18.4709671 ], [ 73.8312466, 18.4710059 ], [ 73.8313016, 18.4710286 ], [ 73.8313613, 18.4710324 ], [ 73.831419, 18.471017 ], [ 73.8314678, 18.4709841 ], [ 73.8315022, 18.4709376 ], [ 73.8315182, 18.4708829 ], [ 73.8315138, 18.4708262 ], [ 73.8314918, 18.4707773 ], [ 73.8314546, 18.4707374 ], [ 73.8314061, 18.4707107 ], [ 73.8313512, 18.4706998 ], [ 73.8312954, 18.4707059 ] ] ] } },
{ "type": "Feature", "properties": { "osm_id": 1066700434, "name": "swimming pool", "water": "pool", "natural": "water", "landuse": "", "operator": "" }, "geometry": { "type": "Polygon", "coordinates": [ [ [ 73.9416048, 18.5130357 ], [ 73.9416303, 18.5129861 ], [ 73.9416195, 18.5129594 ], [ 73.9415458, 18.5129352 ], [ 73.9414774, 18.5129098 ], [ 73.9414546, 18.5129314 ], [ 73.9414237, 18.5129874 ], [ 73.9414814, 18.5130065 ], [ 73.9416048, 18.5130357 ] ] ] } },
{ "type": "Feature", "properties": { "osm_id": 1092249220, "name": "", "water": "lake", "natural": "water", "landuse": "", "operator": "" }, "geometry": { "type": "Polygon", "coordinates": [ [ [ 73.9942762, 18.4038821 ], [ 73.994284, 18.4036566 ], [ 73.9942763, 18.4034179 ], [ 73.9943295, 18.4030521 ], [ 73.9943825, 18.4028389 ], [ 73.9944577, 18.4023272 ], [ 73.9944368, 18.4018239 ], [ 73.9944583, 18.401502 ], [ 73.9939511, 18.401047 ], [ 73.9934691, 18.4022715 ], [ 73.9933834, 18.4023178 ], [ 73.9929219, 18.4019345 ], [ 73.9925828, 18.401498 ], [ 73.9927227, 18.4023027 ], [ 73.99236, 18.4024284 ], [ 73.9923539, 18.4027164 ], [ 73.9928731, 18.4027317 ], [ 73.9928482, 18.4030772 ], [ 73.9929146, 18.4034019 ], [ 73.9927685, 18.403649 ], [ 73.9924649, 18.403862 ], [ 73.9929726, 18.4039959 ], [ 73.9931682, 18.4040537 ], [ 73.9933458, 18.40419 ], [ 73.9935778, 18.4042734 ], [ 73.9936671, 18.4042916 ], [ 73.9937487, 18.4043241 ], [ 73.9940504, 18.4042321 ], [ 73.9941776, 18.4041477 ], [ 73.9942762, 18.4038821 ] ] ] } },
{ "type": "Feature", "properties": { "osm_id": 1092249469, "name": "", "water": "reservoir", "natural": "water", "landuse": "", "operator": "" }, "geometry": { "type": "Polygon", "coordinates": [ [ [ 73.9769996, 18.4074478 ], [ 73.9773946, 18.4075741 ], [ 73.9773697, 18.4075303 ], [ 73.9773562, 18.4074808 ], [ 73.9773757, 18.4074498 ], [ 73.9774535, 18.4074331 ], [ 73.977058, 18.4072852 ], [ 73.9769996, 18.4074478 ] ] ] } },
{ "type": "Feature", "properties": { "osm_id": 1092595547, "name": "", "water": "reservoir", "natural": "water", "landuse": "", "operator": "" }, "geometry": { "type": "Polygon", "coordinates": [ [ [ 73.9820423, 18.4061657 ], [ 73.9821882, 18.4050958 ], [ 73.9816838, 18.4050121 ], [ 73.9809268, 18.4051529 ], [ 73.9808162, 18.4054913 ], [ 73.9820423, 18.4061657 ] ] ] } },
{ "type": "Feature", "properties": { "osm_id": 1096231402, "name": "", "water": "pond", "natural": "water", "landuse": "", "operator": "" }, "geometry": { "type": "Polygon", "coordinates": [ [ [ 73.7426091, 18.6080107 ], [ 73.742502, 18.6077254 ], [ 73.7425141, 18.607611 ], [ 73.742609, 18.6075089 ], [ 73.7427935, 18.6075381 ], [ 73.7428744, 18.6074782 ], [ 73.742932, 18.6073369 ], [ 73.7429523, 18.6072351 ], [ 73.7429385, 18.6070965 ], [ 73.7430106, 18.606846 ], [ 73.7429946, 18.6066941 ], [ 73.7430527, 18.606654 ], [ 73.7434663, 18.6066254 ], [ 73.7434679, 18.6068682 ], [ 73.7434636, 18.6070651 ], [ 73.7434343, 18.6072121 ], [ 73.7433749, 18.6073829 ], [ 73.743273, 18.607558 ], [ 73.7431464, 18.6076451 ], [ 73.7430631, 18.6077254 ], [ 73.742993, 18.6078153 ], [ 73.7429247, 18.6078969 ], [ 73.7429042, 18.6079604 ], [ 73.7428171, 18.6080087 ], [ 73.7427245, 18.6080528 ], [ 73.7426091, 18.6080107 ] ] ] } },
{ "type": "Feature", "properties": { "osm_id": 1097488401, "name": "", "water": "pond", "natural": "water", "landuse": "", "operator": "" }, "geometry": { "type": "Polygon", "coordinates": [ [ [ 73.8163744, 18.5283645 ], [ 73.81639, 18.5283825 ], [ 73.8164042, 18.5284172 ], [ 73.8163941, 18.5284461 ], [ 73.8163798, 18.5284602 ], [ 73.8163765, 18.5284898 ], [ 73.8163914, 18.5285142 ], [ 73.8163832, 18.5285405 ], [ 73.8163534, 18.5285656 ], [ 73.816329, 18.5285836 ], [ 73.8163189, 18.5286003 ], [ 73.8163277, 18.5286279 ], [ 73.8163419, 18.5286703 ], [ 73.8163493, 18.5286999 ], [ 73.8163704, 18.5287217 ], [ 73.8163886, 18.5287294 ], [ 73.8164042, 18.5287268 ], [ 73.8164246, 18.528723 ], [ 73.8164476, 18.5287262 ], [ 73.8164517, 18.5287416 ], [ 73.8164517, 18.5287609 ], [ 73.8164618, 18.5287872 ], [ 73.8164828, 18.5288123 ], [ 73.8165194, 18.5288495 ], [ 73.8165635, 18.5288817 ], [ 73.8166028, 18.5288926 ], [ 73.8166353, 18.5289074 ], [ 73.81664, 18.5289279 ], [ 73.8166453, 18.528947 ], [ 73.816659, 18.5289678 ], [ 73.8166765, 18.5289856 ], [ 73.8166875, 18.5290065 ], [ 73.8166952, 18.5290321 ], [ 73.8167026, 18.5290505 ], [ 73.8167047, 18.5290719 ], [ 73.8167186, 18.5290894 ], [ 73.8167474, 18.5290744 ], [ 73.8167527, 18.5290562 ], [ 73.8167595, 18.5290472 ], [ 73.8167707, 18.5290518 ], [ 73.8167822, 18.5290701 ], [ 73.8167789, 18.5291118 ], [ 73.8167954, 18.5291546 ], [ 73.8168202, 18.5291692 ], [ 73.8168527, 18.5291781 ], [ 73.8168703, 18.5291917 ], [ 73.8168901, 18.5292141 ], [ 73.8168929, 18.529259 ], [ 73.8168819, 18.5292872 ], [ 73.8168775, 18.5293268 ], [ 73.8168918, 18.5293597 ], [ 73.8169033, 18.5293863 ], [ 73.8169308, 18.5294202 ], [ 73.8169549, 18.5294305 ], [ 73.8169892, 18.529379 ], [ 73.81701, 18.5293627 ], [ 73.8170363, 18.5293534 ], [ 73.8170601, 18.5293616 ], [ 73.817052, 18.5293972 ], [ 73.8170513, 18.5294263 ], [ 73.8170632, 18.5294627 ], [ 73.8170844, 18.5294782 ], [ 73.817106, 18.5295193 ], [ 73.8171393, 18.5295348 ], [ 73.8171639, 18.5295643 ], [ 73.8171756, 18.5295895 ], [ 73.8171595, 18.5296124 ], [ 73.81713, 18.5296149 ], [ 73.8171019, 18.5296175 ], [ 73.8170985, 18.5296384 ], [ 73.8171125, 18.5297046 ], [ 73.8170993, 18.5297192 ], [ 73.8170589, 18.5297178 ], [ 73.8170414, 18.5297298 ], [ 73.817026, 18.5297491 ], [ 73.8170408, 18.5297662 ], [ 73.8170595, 18.5297767 ], [ 73.817073, 18.5297958 ], [ 73.817085, 18.5298266 ], [ 73.8170836, 18.5298845 ], [ 73.8171229, 18.5299081 ], [ 73.8171521, 18.5299076 ], [ 73.8171642, 18.5298857 ], [ 73.8171449, 18.5298382 ], [ 73.8171432, 18.5298101 ], [ 73.8171574, 18.529779 ], [ 73.8171902, 18.5297682 ], [ 73.817231, 18.5297613 ], [ 73.8172674, 18.5297787 ], [ 73.8172941, 18.5298189 ], [ 73.8173078, 18.5298455 ], [ 73.8173409, 18.5298753 ], [ 73.8173821, 18.5298565 ], [ 73.8174358, 18.529778 ], [ 73.8174628, 18.5297733 ], [ 73.8174829, 18.529785 ], [ 73.8174906, 18.5298079 ], [ 73.8174796, 18.5298403 ], [ 73.8174592, 18.5298586 ], [ 73.8174438, 18.5298847 ], [ 73.8174581, 18.5299092 ], [ 73.8174939, 18.5299295 ], [ 73.8175153, 18.5299405 ], [ 73.8175494, 18.529952 ], [ 73.8175885, 18.5299421 ], [ 73.8176116, 18.5299285 ], [ 73.8176689, 18.529916 ], [ 73.8177239, 18.5299139 ], [ 73.8177762, 18.5299165 ], [ 73.8177778, 18.5298763 ], [ 73.8177734, 18.5298309 ], [ 73.8177454, 18.5297975 ], [ 73.817752, 18.5297782 ], [ 73.8177591, 18.5297584 ], [ 73.8177674, 18.5297406 ], [ 73.8177795, 18.5297192 ], [ 73.8178043, 18.5296989 ], [ 73.8178428, 18.5296702 ], [ 73.817856, 18.529653 ], [ 73.8178566, 18.5296347 ], [ 73.8178577, 18.5296081 ], [ 73.8178131, 18.5295914 ], [ 73.8177685, 18.5296013 ], [ 73.8177421, 18.5296138 ], [ 73.8177212, 18.5296003 ], [ 73.817714, 18.5295836 ], [ 73.8177124, 18.5295669 ], [ 73.8177146, 18.5295434 ], [ 73.8177371, 18.5295204 ], [ 73.8177569, 18.52951 ], [ 73.8177817, 18.5295126 ], [ 73.8178136, 18.5295225 ], [ 73.8178362, 18.5295209 ], [ 73.8178532, 18.52951 ], [ 73.8178571, 18.5295001 ], [ 73.8178637, 18.5294839 ], [ 73.8178632, 18.5294646 ], [ 73.8178615, 18.5294489 ], [ 73.8178285, 18.5294176 ], [ 73.8178158, 18.5293665 ], [ 73.8177867, 18.5293378 ], [ 73.817736, 18.5293237 ], [ 73.8177024, 18.5293326 ], [ 73.817681, 18.5293357 ], [ 73.8176496, 18.5293331 ], [ 73.8176199, 18.5293211 ], [ 73.8175874, 18.5293028 ], [ 73.817566, 18.5292783 ], [ 73.8175432, 18.5292471 ], [ 73.8175475, 18.5292321 ], [ 73.8175577, 18.5292209 ], [ 73.8175792, 18.5292214 ], [ 73.8176012, 18.5292251 ], [ 73.8176293, 18.5292277 ], [ 73.8176513, 18.5292178 ], [ 73.8176617, 18.5292078 ], [ 73.817659, 18.5291896 ], [ 73.8176386, 18.5291572 ], [ 73.817632, 18.529139 ], [ 73.8176116, 18.529105 ], [ 73.8175863, 18.5290842 ], [ 73.8175712, 18.5290626 ], [ 73.8175587, 18.5290429 ], [ 73.8175638, 18.5290277 ], [ 73.8175769, 18.5290141 ], [ 73.8175819, 18.5289949 ], [ 73.8175737, 18.528971 ], [ 73.8175541, 18.5289527 ], [ 73.8175426, 18.5289387 ], [ 73.8175363, 18.5289206 ], [ 73.817542, 18.5289019 ], [ 73.8175833, 18.5288892 ], [ 73.8175888, 18.5288666 ], [ 73.8176199, 18.5288264 ], [ 73.8176389, 18.5288182 ], [ 73.8176516, 18.5288097 ], [ 73.8176583, 18.5287986 ], [ 73.8176799, 18.5287841 ], [ 73.8176793, 18.5287627 ], [ 73.8176711, 18.5287474 ], [ 73.8176547, 18.5287386 ], [ 73.8176298, 18.5287183 ], [ 73.8176317, 18.5287006 ], [ 73.817636, 18.5286779 ], [ 73.8176201, 18.5286681 ], [ 73.817591, 18.5286679 ], [ 73.8175582, 18.5286775 ], [ 73.8173229, 18.5287919 ], [ 73.8172259, 18.5288334 ], [ 73.8171432, 18.5288359 ], [ 73.817085, 18.5288405 ], [ 73.8170542, 18.5288381 ], [ 73.8170401, 18.5288271 ], [ 73.8170444, 18.5288061 ], [ 73.8170321, 18.5287808 ], [ 73.8170299, 18.5287472 ], [ 73.8170128, 18.5287156 ], [ 73.8170008, 18.5286698 ], [ 73.816969, 18.5286043 ], [ 73.8169482, 18.5285614 ], [ 73.8169291, 18.5285231 ], [ 73.8168859, 18.5284889 ], [ 73.816826, 18.5284611 ], [ 73.8168032, 18.5284369 ], [ 73.8167808, 18.5284093 ], [ 73.8167607, 18.5283754 ], [ 73.8167299, 18.5283424 ], [ 73.8167147, 18.5283191 ], [ 73.8166567, 18.5282692 ], [ 73.8166172, 18.5282546 ], [ 73.8165041, 18.5282368 ], [ 73.8164286, 18.528247 ], [ 73.8163968, 18.5282674 ], [ 73.816379, 18.5282885 ], [ 73.8163758, 18.5283212 ], [ 73.8163744, 18.5283645 ] ] ] } },
{ "type": "Feature", "properties": { "osm_id": 1097488402, "name": "", "water": "pond", "natural": "water", "landuse": "", "operator": "" }, "geometry": { "type": "Polygon", "coordinates": [ [ [ 73.8181343, 18.529666 ], [ 73.8181179, 18.5296755 ], [ 73.8181058, 18.5296904 ], [ 73.8181066, 18.5297084 ], [ 73.818092, 18.5297191 ], [ 73.818074, 18.5297325 ], [ 73.8180586, 18.5297558 ], [ 73.8180509, 18.5297705 ], [ 73.8180478, 18.5297831 ], [ 73.818056, 18.5297967 ], [ 73.8180684, 18.5298099 ], [ 73.818075, 18.5298257 ], [ 73.8180745, 18.5298384 ], [ 73.8180655, 18.5298503 ], [ 73.8180576, 18.5298647 ], [ 73.8180568, 18.5298749 ], [ 73.8180563, 18.5298883 ], [ 73.8180681, 18.5299002 ], [ 73.8180814, 18.5299046 ], [ 73.8181038, 18.5299068 ], [ 73.8181133, 18.5298742 ], [ 73.8181274, 18.529854 ], [ 73.8181338, 18.5298481 ], [ 73.8181539, 18.5298503 ], [ 73.8181695, 18.5298415 ], [ 73.8181767, 18.5298342 ], [ 73.8181913, 18.5298121 ], [ 73.8181993, 18.5297955 ], [ 73.8181996, 18.5297829 ], [ 73.8181975, 18.5297639 ], [ 73.8181901, 18.5297461 ], [ 73.8181867, 18.5297296 ], [ 73.8181865, 18.5297103 ], [ 73.8181831, 18.5296838 ], [ 73.8181757, 18.5296709 ], [ 73.8181595, 18.5296614 ], [ 73.8181343, 18.529666 ] ] ] } },
{ "type": "Feature", "properties": { "osm_id": 1097488403, "name": "", "water": "pond", "natural": "water", "landuse": "", "operator": "" }, "geometry": { "type": "Polygon", "coordinates": [ [ [ 73.8178292, 18.5291781 ], [ 73.8178144, 18.5291636 ], [ 73.8177899, 18.5291586 ], [ 73.8177722, 18.529184 ], [ 73.8177612, 18.5292094 ], [ 73.8177545, 18.5292349 ], [ 73.8177444, 18.5292521 ], [ 73.8177483, 18.5292644 ], [ 73.8177837, 18.5292835 ], [ 73.8178326, 18.5293008 ], [ 73.8178508, 18.5293221 ], [ 73.8178714, 18.5293162 ], [ 73.8178791, 18.5293012 ], [ 73.8178939, 18.529313 ], [ 73.8179064, 18.5293403 ], [ 73.8179413, 18.5293594 ], [ 73.8179619, 18.5293589 ], [ 73.8179758, 18.5293407 ], [ 73.8179955, 18.5293303 ], [ 73.8180204, 18.5293221 ], [ 73.818042, 18.5293216 ], [ 73.8180717, 18.5293162 ], [ 73.8180918, 18.5293117 ], [ 73.8181129, 18.5293312 ], [ 73.8181114, 18.5293562 ], [ 73.8181234, 18.5293775 ], [ 73.8181339, 18.5293862 ], [ 73.8181459, 18.529398 ], [ 73.8181512, 18.5294089 ], [ 73.8181603, 18.5294184 ], [ 73.8181761, 18.5294275 ], [ 73.8181905, 18.5294407 ], [ 73.8181996, 18.529457 ], [ 73.8182034, 18.5294843 ], [ 73.8182015, 18.5294988 ], [ 73.8182001, 18.5295102 ], [ 73.8181866, 18.5295161 ], [ 73.8181742, 18.5295174 ], [ 73.8181531, 18.5295215 ], [ 73.8181498, 18.5295274 ], [ 73.8181493, 18.5295429 ], [ 73.8181541, 18.5295615 ], [ 73.8181627, 18.5295711 ], [ 73.8181728, 18.5295797 ], [ 73.8182015, 18.5295856 ], [ 73.8182226, 18.5295865 ], [ 73.8182518, 18.5295797 ], [ 73.8182873, 18.529576 ], [ 73.8183064, 18.529587 ], [ 73.8183246, 18.5295965 ], [ 73.8183419, 18.5295956 ], [ 73.8183721, 18.5295924 ], [ 73.8183845, 18.5295824 ], [ 73.8183908, 18.5295533 ], [ 73.8183922, 18.529542 ], [ 73.818384, 18.5295215 ], [ 73.8183749, 18.529507 ], [ 73.8183778, 18.5294793 ], [ 73.8183831, 18.5294575 ], [ 73.8183917, 18.5294425 ], [ 73.8184046, 18.5294298 ], [ 73.8184023, 18.5294116 ], [ 73.8183994, 18.5294002 ], [ 73.8183845, 18.529388 ], [ 73.8183697, 18.5293771 ], [ 73.8183433, 18.5293784 ], [ 73.8182954, 18.5293921 ], [ 73.8182738, 18.5293966 ], [ 73.8182365, 18.5294084 ], [ 73.8182197, 18.5294007 ], [ 73.8182211, 18.529383 ], [ 73.8182302, 18.5293621 ], [ 73.8182825, 18.529338 ], [ 73.818305, 18.5293403 ], [ 73.8183337, 18.5293344 ], [ 73.818361, 18.5293294 ], [ 73.8183685, 18.5293107 ], [ 73.8183666, 18.5292917 ], [ 73.8183582, 18.5292596 ], [ 73.818357, 18.5292469 ], [ 73.8183519, 18.5292317 ], [ 73.8183412, 18.5292192 ], [ 73.8183299, 18.5292115 ], [ 73.8183091, 18.5292081 ], [ 73.8182892, 18.529211 ], [ 73.8182746, 18.5292276 ], [ 73.818265, 18.5292365 ], [ 73.8182542, 18.5292519 ], [ 73.8182427, 18.5292678 ], [ 73.8182362, 18.5292837 ], [ 73.8182257, 18.5293064 ], [ 73.8182188, 18.5293289 ], [ 73.8182082, 18.5293446 ], [ 73.8181955, 18.5293505 ], [ 73.8181744, 18.5293253 ], [ 73.8181843, 18.529306 ], [ 73.818202, 18.5292858 ], [ 73.8182197, 18.5292755 ], [ 73.8182183, 18.5292471 ], [ 73.8182039, 18.529229 ], [ 73.8181902, 18.5292178 ], [ 73.8181855, 18.5291874 ], [ 73.818185, 18.5291699 ], [ 73.8181926, 18.5291495 ], [ 73.818212, 18.5291343 ], [ 73.8182432, 18.5290954 ], [ 73.8182544, 18.5290768 ], [ 73.8182731, 18.5290598 ], [ 73.8182798, 18.5290182 ], [ 73.8182518, 18.5289791 ], [ 73.8182417, 18.5289696 ], [ 73.8181783, 18.5289242 ], [ 73.8181349, 18.5289239 ], [ 73.8180889, 18.5289298 ], [ 73.8180726, 18.5289126 ], [ 73.8180554, 18.528901 ], [ 73.8180132, 18.5289005 ], [ 73.8179931, 18.5289055 ], [ 73.8179859, 18.5289112 ], [ 73.8179749, 18.5289246 ], [ 73.8179615, 18.52897 ], [ 73.8179624, 18.5289934 ], [ 73.8179586, 18.5290136 ], [ 73.8179603, 18.5290264 ], [ 73.8179576, 18.52905 ], [ 73.8179519, 18.5290643 ], [ 73.8179433, 18.5290718 ], [ 73.8179272, 18.5290811 ], [ 73.8179052, 18.5290856 ], [ 73.8178934, 18.5290872 ], [ 73.8178791, 18.529092 ], [ 73.8178623, 18.5291165 ], [ 73.8178597, 18.5291224 ], [ 73.8178573, 18.5291424 ], [ 73.8178561, 18.5291492 ], [ 73.8178573, 18.5291624 ], [ 73.8178508, 18.5291692 ], [ 73.8178443, 18.5291804 ], [ 73.8178292, 18.5291781 ] ] ] } },
{ "type": "Feature", "properties": { "osm_id": 1108469740, "name": "", "water": "reservoir", "natural": "water", "landuse": "", "operator": "" }, "geometry": { "type": "Polygon", "coordinates": [ [ [ 73.7283642, 18.5355381 ], [ 73.7281576, 18.5350739 ], [ 73.7277906, 18.5342212 ], [ 73.7275589, 18.5336 ], [ 73.7276141, 18.5335461 ], [ 73.7277996, 18.5335464 ], [ 73.7279794, 18.5336308 ], [ 73.7283146, 18.5336658 ], [ 73.7285487, 18.5336673 ], [ 73.7287961, 18.5336601 ], [ 73.7290975, 18.5336818 ], [ 73.7296453, 18.5338181 ], [ 73.7297332, 18.533924 ], [ 73.729744, 18.5340717 ], [ 73.7297442, 18.534152 ], [ 73.7298203, 18.5341784 ], [ 73.7298293, 18.5343748 ], [ 73.7297816, 18.5344326 ], [ 73.729669, 18.5344003 ], [ 73.7295752, 18.5345005 ], [ 73.7295285, 18.5346 ], [ 73.7293925, 18.5347827 ], [ 73.729221, 18.5349318 ], [ 73.7288473, 18.5350721 ], [ 73.7285512, 18.5354246 ], [ 73.7284573, 18.5355341 ], [ 73.7283642, 18.5355381 ] ] ] } },
{ "type": "Feature", "properties": { "osm_id": 1108469741, "name": "", "water": "reservoir", "natural": "water", "landuse": "", "operator": "" }, "geometry": { "type": "Polygon", "coordinates": [ [ [ 73.7303334, 18.5351175 ], [ 73.7303464, 18.535012 ], [ 73.7304071, 18.53459 ], [ 73.7305604, 18.5340946 ], [ 73.7309282, 18.5342924 ], [ 73.7311812, 18.5344009 ], [ 73.7313004, 18.5344749 ], [ 73.7314309, 18.5345894 ], [ 73.7315514, 18.534791 ], [ 73.7315211, 18.5348654 ], [ 73.7314156, 18.5349237 ], [ 73.7312866, 18.5349686 ], [ 73.7311857, 18.5349952 ], [ 73.7311309, 18.5350544 ], [ 73.7310085, 18.5351255 ], [ 73.7309032, 18.5351162 ], [ 73.7308619, 18.5350876 ], [ 73.7307452, 18.5351079 ], [ 73.7306997, 18.5351414 ], [ 73.7306688, 18.5351557 ], [ 73.7306332, 18.5351281 ], [ 73.7306012, 18.5351057 ], [ 73.7304715, 18.535122 ], [ 73.7303911, 18.5351446 ], [ 73.7303334, 18.5351175 ] ] ] } },
{ "type": "Feature", "properties": { "osm_id": 1111841588, "name": "Hathi Jheel", "water": "pond", "natural": "water", "landuse": "", "operator": "" }, "geometry": { "type": "Polygon", "coordinates": [ [ [ 73.8297176, 18.5494958 ], [ 73.8296933, 18.5499236 ], [ 73.8299793, 18.5499383 ], [ 73.8300037, 18.5495104 ], [ 73.8297176, 18.5494958 ] ] ] } },
{ "type": "Feature", "properties": { "osm_id": 1117304435, "name": "AGRI POND", "water": "pond", "natural": "water", "landuse": "", "operator": "" }, "geometry": { "type": "Polygon", "coordinates": [ [ [ 73.9708515, 18.5657459 ], [ 73.9710243, 18.5657503 ], [ 73.9710663, 18.5657725 ], [ 73.9709776, 18.5658743 ], [ 73.9711784, 18.5661886 ], [ 73.9711457, 18.5662727 ], [ 73.9711877, 18.566317 ], [ 73.9711597, 18.5664808 ], [ 73.9711644, 18.5665914 ], [ 73.9710617, 18.5666313 ], [ 73.9710056, 18.5665206 ], [ 73.9709216, 18.5665383 ], [ 73.9708842, 18.5665427 ], [ 73.9708095, 18.5664719 ], [ 73.9707674, 18.5663302 ], [ 73.9708282, 18.5662151 ], [ 73.9707815, 18.5661487 ], [ 73.9707721, 18.5661 ], [ 73.9707021, 18.5660912 ], [ 73.970674, 18.5660514 ], [ 73.970674, 18.5659805 ], [ 73.9706507, 18.5658654 ], [ 73.9706367, 18.5658123 ], [ 73.9706647, 18.5657326 ], [ 73.9708001, 18.5657459 ], [ 73.9708515, 18.5657459 ] ] ] } },
{ "type": "Feature", "properties": { "osm_id": 1117308317, "name": "", "water": "pond", "natural": "water", "landuse": "", "operator": "" }, "geometry": { "type": "Polygon", "coordinates": [ [ [ 73.9752792, 18.586352 ], [ 73.9752138, 18.5865733 ], [ 73.9751671, 18.5868212 ], [ 73.9753072, 18.5869717 ], [ 73.9754846, 18.5870248 ], [ 73.9754473, 18.5871753 ], [ 73.9756528, 18.5873701 ], [ 73.9759516, 18.5873966 ], [ 73.9761945, 18.5872904 ], [ 73.9763346, 18.5870691 ], [ 73.9764093, 18.5865645 ], [ 73.9763719, 18.5860244 ], [ 73.9759516, 18.5859625 ], [ 73.9753632, 18.5860864 ], [ 73.9752792, 18.586352 ] ] ] } },
{ "type": "Feature", "properties": { "osm_id": 1117308318, "name": "", "water": "", "natural": "water", "landuse": "", "operator": "" }, "geometry": { "type": "Polygon", "coordinates": [ [ [ 73.9742051, 18.5863786 ], [ 73.9740369, 18.5866796 ], [ 73.9739342, 18.586954 ], [ 73.9737941, 18.5871842 ], [ 73.9736633, 18.587317 ], [ 73.9735795, 18.587483 ], [ 73.9735936, 18.5875586 ], [ 73.9736321, 18.5876057 ], [ 73.9736931, 18.587621 ], [ 73.9737688, 18.5876083 ], [ 73.9738246, 18.5876027 ], [ 73.9738784, 18.5876117 ], [ 73.973917, 18.5876134 ], [ 73.9739605, 18.5875855 ], [ 73.9740183, 18.5875471 ], [ 73.9740774, 18.5875349 ], [ 73.9741601, 18.5874949 ], [ 73.9742072, 18.5874374 ], [ 73.9742704, 18.5873435 ], [ 73.9742986, 18.587321 ], [ 73.9743516, 18.5872928 ], [ 73.9743851, 18.5872138 ], [ 73.9744093, 18.5871762 ], [ 73.9744073, 18.5871234 ], [ 73.9743358, 18.5866619 ], [ 73.9744759, 18.5864582 ], [ 73.9743545, 18.5863432 ], [ 73.9742051, 18.5863786 ] ] ] } },
{ "type": "Feature", "properties": { "osm_id": 1117308319, "name": "Water Body", "water": "", "natural": "water", "landuse": "", "operator": "" }, "geometry": { "type": "Polygon", "coordinates": [ [ [ 73.9735734, 18.5902712 ], [ 73.973611, 18.5903475 ], [ 73.9737183, 18.5902966 ], [ 73.9738256, 18.5903576 ], [ 73.97389, 18.5904136 ], [ 73.9738256, 18.5904542 ], [ 73.9738095, 18.5905203 ], [ 73.9738631, 18.5905458 ], [ 73.9740133, 18.5905559 ], [ 73.9740992, 18.5904746 ], [ 73.9741367, 18.5904034 ], [ 73.9740294, 18.5903271 ], [ 73.974067, 18.5902356 ], [ 73.974008, 18.5901543 ], [ 73.9738309, 18.5899051 ], [ 73.9737344, 18.5898085 ], [ 73.9736271, 18.5897882 ], [ 73.9735144, 18.5899204 ], [ 73.9735091, 18.5900119 ], [ 73.9735091, 18.5901339 ], [ 73.9735734, 18.5902712 ] ] ] } },
{ "type": "Feature", "properties": { "osm_id": 1117308320, "name": "", "water": "", "natural": "water", "landuse": "", "operator": "" }, "geometry": { "type": "Polygon", "coordinates": [ [ [ 73.9730942, 18.5914539 ], [ 73.9729316, 18.5916119 ], [ 73.9727405, 18.5916812 ], [ 73.9725576, 18.5916735 ], [ 73.9723502, 18.5916581 ], [ 73.9722364, 18.5916542 ], [ 73.9720494, 18.5916889 ], [ 73.9718258, 18.5918392 ], [ 73.9718095, 18.5919394 ], [ 73.9718868, 18.5920588 ], [ 73.9720047, 18.5920665 ], [ 73.9729153, 18.5920897 ], [ 73.9730658, 18.5920319 ], [ 73.9732121, 18.5920858 ], [ 73.9731755, 18.5918392 ], [ 73.9733097, 18.59145 ], [ 73.9730942, 18.5914539 ] ] ] } },
{ "type": "Feature", "properties": { "osm_id": 1117308321, "name": "", "water": "", "natural": "water", "landuse": "", "operator": "" }, "geometry": { "type": "Polygon", "coordinates": [ [ [ 73.9720948, 18.5922635 ], [ 73.9717399, 18.592268 ], [ 73.9716932, 18.5923565 ], [ 73.9718146, 18.5924671 ], [ 73.9720855, 18.5925468 ], [ 73.972403, 18.592569 ], [ 73.9727299, 18.592507 ], [ 73.9729961, 18.5924317 ], [ 73.9730708, 18.5923211 ], [ 73.9728981, 18.5922503 ], [ 73.9725151, 18.592237 ], [ 73.9720948, 18.5922635 ] ] ] } },
{ "type": "Feature", "properties": { "osm_id": 1117308322, "name": "", "water": "", "natural": "water", "landuse": "", "operator": "" }, "geometry": { "type": "Polygon", "coordinates": [ [ [ 73.9727813, 18.5926309 ], [ 73.9726832, 18.5926929 ], [ 73.9727486, 18.5928301 ], [ 73.9727906, 18.5929408 ], [ 73.972842, 18.593109 ], [ 73.9728794, 18.5932594 ], [ 73.9729821, 18.5932993 ], [ 73.9730288, 18.5932285 ], [ 73.9731969, 18.5930426 ], [ 73.9732763, 18.5929053 ], [ 73.9734024, 18.5927504 ], [ 73.9733931, 18.5925645 ], [ 73.9733324, 18.5924716 ], [ 73.9732763, 18.5926265 ], [ 73.9731456, 18.592684 ], [ 73.9729915, 18.5926796 ], [ 73.9727813, 18.5926309 ] ] ] } },
{ "type": "Feature", "properties": { "osm_id": 1117308323, "name": "", "water": "", "natural": "water", "landuse": "", "operator": "" }, "geometry": { "type": "Polygon", "coordinates": [ [ [ 73.9739675, 18.5931576 ], [ 73.9736266, 18.5931975 ], [ 73.9733184, 18.593317 ], [ 73.9732857, 18.5935295 ], [ 73.9733417, 18.5936667 ], [ 73.9732436, 18.5937021 ], [ 73.9732296, 18.5938304 ], [ 73.9733137, 18.593919 ], [ 73.9736312, 18.5939544 ], [ 73.9737387, 18.5939632 ], [ 73.9738601, 18.5939632 ], [ 73.9740048, 18.5940385 ], [ 73.9741169, 18.5941491 ], [ 73.974187, 18.5941801 ], [ 73.9738554, 18.5938614 ], [ 73.9738881, 18.5936003 ], [ 73.9740375, 18.5933037 ], [ 73.9740048, 18.5931842 ], [ 73.9739675, 18.5931576 ] ] ] } },
{ "type": "Feature", "properties": { "osm_id": 1117308324, "name": "", "water": "", "natural": "water", "landuse": "", "operator": "" }, "geometry": { "type": "Polygon", "coordinates": [ [ [ 73.9743084, 18.5938968 ], [ 73.974215, 18.5937995 ], [ 73.9739955, 18.5937419 ], [ 73.9739395, 18.5936401 ], [ 73.974159, 18.5933922 ], [ 73.974229, 18.5931665 ], [ 73.9742944, 18.5929098 ], [ 73.9743925, 18.592777 ], [ 73.9745606, 18.5927416 ], [ 73.9747614, 18.5927726 ], [ 73.9748875, 18.5928168 ], [ 73.9749715, 18.5926398 ], [ 73.9748501, 18.592538 ], [ 73.9748781, 18.592414 ], [ 73.9750789, 18.5923565 ], [ 73.975219, 18.5921352 ], [ 73.9753265, 18.5920422 ], [ 73.9755833, 18.5921263 ], [ 73.9756067, 18.5923034 ], [ 73.9756393, 18.5924185 ], [ 73.9755786, 18.5925734 ], [ 73.9755039, 18.5927106 ], [ 73.9756113, 18.592777 ], [ 73.9757047, 18.5929009 ], [ 73.9755273, 18.5929009 ], [ 73.9753498, 18.5927637 ], [ 73.9751723, 18.592746 ], [ 73.9750276, 18.5928788 ], [ 73.9749342, 18.5930691 ], [ 73.9747987, 18.5932594 ], [ 73.9746306, 18.5933613 ], [ 73.9748268, 18.5935339 ], [ 73.9746026, 18.5937286 ], [ 73.9743084, 18.5938968 ] ] ] } },
{ "type": "Feature", "properties": { "osm_id": 1117308325, "name": "", "water": "", "natural": "water", "landuse": "", "operator": "" }, "geometry": { "type": "Polygon", "coordinates": [ [ [ 73.9742991, 18.594366 ], [ 73.9745326, 18.5945032 ], [ 73.9747427, 18.5945652 ], [ 73.974626, 18.5946758 ], [ 73.9747334, 18.5948972 ], [ 73.9748081, 18.5950653 ], [ 73.9749155, 18.5949458 ], [ 73.975149, 18.5950653 ], [ 73.975219, 18.5952557 ], [ 73.9752611, 18.5953531 ], [ 73.9754712, 18.5954239 ], [ 73.9757141, 18.5954637 ], [ 73.9757794, 18.5956098 ], [ 73.9759009, 18.5955478 ], [ 73.9759616, 18.5950034 ], [ 73.9758075, 18.5942996 ], [ 73.9754992, 18.5939854 ], [ 73.9749855, 18.5938481 ], [ 73.974752, 18.5939809 ], [ 73.9745232, 18.5939898 ], [ 73.9743411, 18.5942067 ], [ 73.9742991, 18.594366 ] ] ] } },
{ "type": "Feature", "properties": { "osm_id": 1117308326, "name": "", "water": "", "natural": "water", "landuse": "", "operator": "" }, "geometry": { "type": "Polygon", "coordinates": [ [ [ 73.9761738, 18.6002046 ], [ 73.9759777, 18.6001515 ], [ 73.9758749, 18.5997354 ], [ 73.9759496, 18.5994079 ], [ 73.9757161, 18.5993725 ], [ 73.9755013, 18.5994964 ], [ 73.9752305, 18.5994699 ], [ 73.9752585, 18.5992751 ], [ 73.97552, 18.5991512 ], [ 73.9760897, 18.5987351 ], [ 73.9763232, 18.5984961 ], [ 73.9760617, 18.5981243 ], [ 73.9763232, 18.5978676 ], [ 73.9766221, 18.5977614 ], [ 73.9767435, 18.5971594 ], [ 73.9767996, 18.5969912 ], [ 73.9770144, 18.5972125 ], [ 73.9769303, 18.597425 ], [ 73.9769584, 18.5977614 ], [ 73.9771171, 18.5981509 ], [ 73.9769023, 18.5983722 ], [ 73.9769864, 18.5985138 ], [ 73.976865, 18.5987705 ], [ 73.9770611, 18.5988768 ], [ 73.976977, 18.5992574 ], [ 73.976865, 18.5995672 ], [ 73.9768089, 18.5999833 ], [ 73.976454, 18.6002311 ], [ 73.9761738, 18.6002046 ] ] ] } },
{ "type": "Feature", "properties": { "osm_id": 1117308327, "name": "", "water": "", "natural": "water", "landuse": "", "operator": "" }, "geometry": { "type": "Polygon", "coordinates": [ [ [ 73.9754266, 18.6023999 ], [ 73.9757068, 18.6022317 ], [ 73.9759029, 18.6020635 ], [ 73.9758002, 18.6017714 ], [ 73.9758749, 18.601258 ], [ 73.9765941, 18.601258 ], [ 73.9767622, 18.6016386 ], [ 73.976865, 18.6019396 ], [ 73.9770798, 18.6022406 ], [ 73.9770424, 18.6024884 ], [ 73.9766034, 18.6025769 ], [ 73.976015, 18.6026743 ], [ 73.9753239, 18.6026124 ], [ 73.9754266, 18.6023999 ] ] ] } },
{ "type": "Feature", "properties": { "osm_id": 1117308328, "name": "", "water": "", "natural": "water", "landuse": "", "operator": "" }, "geometry": { "type": "Polygon", "coordinates": [ [ [ 73.978186, 18.6053767 ], [ 73.978251, 18.6050454 ], [ 73.9783811, 18.604768 ], [ 73.9787551, 18.6048065 ], [ 73.9789178, 18.6046678 ], [ 73.9791292, 18.604845 ], [ 73.9789909, 18.6050608 ], [ 73.978934, 18.6053536 ], [ 73.9790316, 18.6055 ], [ 73.9787633, 18.6055 ], [ 73.9784787, 18.6056465 ], [ 73.9784299, 18.6058776 ], [ 73.9785356, 18.6058776 ], [ 73.9784299, 18.6060472 ], [ 73.9782673, 18.6059085 ], [ 73.9780478, 18.6058391 ], [ 73.9777957, 18.6059162 ], [ 73.9776006, 18.6059007 ], [ 73.9774623, 18.6053228 ], [ 73.9776819, 18.6057235 ], [ 73.9780721, 18.6056773 ], [ 73.978186, 18.6053767 ] ] ] } },
{ "type": "Feature", "properties": { "osm_id": 1117308329, "name": "", "water": "", "natural": "water", "landuse": "", "operator": "" }, "geometry": { "type": "Polygon", "coordinates": [ [ [ 73.9792286, 18.6082005 ], [ 73.9792994, 18.6084554 ], [ 73.9794127, 18.6085896 ], [ 73.9794835, 18.6088445 ], [ 73.9794552, 18.6089518 ], [ 73.9796533, 18.6091262 ], [ 73.979894, 18.6090994 ], [ 73.9799648, 18.6086701 ], [ 73.9797808, 18.6081602 ], [ 73.9797524, 18.6078651 ], [ 73.979625, 18.6077041 ], [ 73.9793419, 18.6076772 ], [ 73.9791437, 18.6077846 ], [ 73.9792286, 18.6082005 ] ] ] } },
{ "type": "Feature", "properties": { "osm_id": 1117308330, "name": "", "water": "", "natural": "water", "landuse": "", "operator": "" }, "geometry": { "type": "Polygon", "coordinates": [ [ [ 73.9844131, 18.6066059 ], [ 73.9843577, 18.6068453 ], [ 73.9850478, 18.607003 ], [ 73.9853559, 18.6071023 ], [ 73.9857935, 18.6070614 ], [ 73.9858119, 18.6071665 ], [ 73.9857626, 18.6071957 ], [ 73.9862248, 18.607295 ], [ 73.9864097, 18.6071607 ], [ 73.9865452, 18.6070205 ], [ 73.9870998, 18.6070906 ], [ 73.9871183, 18.6067752 ], [ 73.9865083, 18.6066935 ], [ 73.9863234, 18.6067168 ], [ 73.9862125, 18.6068979 ], [ 73.9859845, 18.6070264 ], [ 73.9858859, 18.6069329 ], [ 73.9858428, 18.606822 ], [ 73.9855593, 18.6067168 ], [ 73.9852142, 18.6066409 ], [ 73.9849492, 18.6066409 ], [ 73.9847952, 18.6067928 ], [ 73.9845487, 18.6067227 ], [ 73.9844131, 18.6066059 ] ] ] } },
{ "type": "Feature", "properties": { "osm_id": 1117308331, "name": "", "water": "", "natural": "water", "landuse": "", "operator": "" }, "geometry": { "type": "Polygon", "coordinates": [ [ [ 73.9856024, 18.6100923 ], [ 73.985775, 18.6099872 ], [ 73.9859906, 18.6099522 ], [ 73.9860461, 18.6101098 ], [ 73.9861509, 18.6101332 ], [ 73.9864836, 18.6101215 ], [ 73.9867979, 18.6100106 ], [ 73.9867917, 18.6097886 ], [ 73.98665, 18.6097244 ], [ 73.9863049, 18.6097478 ], [ 73.9858982, 18.6097945 ], [ 73.9857626, 18.6097945 ], [ 73.9854977, 18.6098529 ], [ 73.9854052, 18.6099463 ], [ 73.9856024, 18.6100923 ] ] ] } },
{ "type": "Feature", "properties": { "osm_id": 1117308332, "name": "", "water": "pond", "natural": "water", "landuse": "", "operator": "" }, "geometry": { "type": "Polygon", "coordinates": [ [ [ 73.9841235, 18.6114005 ], [ 73.9838154, 18.611418 ], [ 73.983532, 18.6113654 ], [ 73.9834888, 18.6111493 ], [ 73.9835751, 18.6109041 ], [ 73.9835443, 18.610723 ], [ 73.9836983, 18.6106822 ], [ 73.9838401, 18.6107581 ], [ 73.9839633, 18.6109741 ], [ 73.9841605, 18.6111552 ], [ 73.9843638, 18.6113946 ], [ 73.9841235, 18.6114005 ] ] ] } },
{ "type": "Feature", "properties": { "osm_id": 1117308333, "name": "", "water": "", "natural": "water", "landuse": "", "operator": "" }, "geometry": { "type": "Polygon", "coordinates": [ [ [ 73.9851095, 18.6112486 ], [ 73.9854915, 18.6113129 ], [ 73.9858304, 18.6113771 ], [ 73.9861693, 18.6114005 ], [ 73.9864405, 18.6113596 ], [ 73.9867609, 18.6112545 ], [ 73.9867054, 18.611126 ], [ 73.9865699, 18.6110559 ], [ 73.9862002, 18.6111201 ], [ 73.9859229, 18.6111961 ], [ 73.9856641, 18.6111435 ], [ 73.9853868, 18.6110267 ], [ 73.9851957, 18.6109975 ], [ 73.9849801, 18.6110501 ], [ 73.9851095, 18.6112486 ] ] ] } },
{ "type": "Feature", "properties": { "osm_id": 1117308334, "name": "", "water": "", "natural": "water", "landuse": "", "operator": "" }, "geometry": { "type": "Polygon", "coordinates": [ [ [ 73.989805, 18.6122297 ], [ 73.9896509, 18.6122881 ], [ 73.9897187, 18.6123874 ], [ 73.9897803, 18.6125217 ], [ 73.989959, 18.6126794 ], [ 73.9899714, 18.6127845 ], [ 73.9900946, 18.6128546 ], [ 73.9902856, 18.6126969 ], [ 73.9904274, 18.6126093 ], [ 73.9903472, 18.6124166 ], [ 73.9901316, 18.6122939 ], [ 73.990298, 18.6122005 ], [ 73.9902856, 18.6119961 ], [ 73.9901809, 18.6118151 ], [ 73.9901254, 18.6116866 ], [ 73.989805, 18.6113245 ], [ 73.9895893, 18.6114063 ], [ 73.9893921, 18.6114881 ], [ 73.989312, 18.6115465 ], [ 73.9893613, 18.6116691 ], [ 73.9894476, 18.6117041 ], [ 73.989614, 18.6117158 ], [ 73.9896879, 18.61178 ], [ 73.989805, 18.6117333 ], [ 73.9899529, 18.6117275 ], [ 73.9901069, 18.6117392 ], [ 73.9901254, 18.6118384 ], [ 73.989959, 18.6118676 ], [ 73.9898851, 18.6119786 ], [ 73.989805, 18.6122297 ] ] ] } },
{ "type": "Feature", "properties": { "osm_id": 1117308337, "name": "water Body", "water": "", "natural": "water", "landuse": "", "operator": "" }, "geometry": { "type": "Polygon", "coordinates": [ [ [ 73.9970805, 18.6118297 ], [ 73.9969404, 18.6120067 ], [ 73.9968937, 18.6121483 ], [ 73.9967536, 18.6121572 ], [ 73.9967255, 18.61229 ], [ 73.9970618, 18.6125378 ], [ 73.9971832, 18.6123077 ], [ 73.9973326, 18.6120333 ], [ 73.9972766, 18.6118739 ], [ 73.9970805, 18.6118297 ] ] ] } },
{ "type": "Feature", "properties": { "osm_id": 1117308338, "name": "Water Body", "water": "", "natural": "water", "landuse": "", "operator": "" }, "geometry": { "type": "Polygon", "coordinates": [ [ [ 73.9841471, 18.6158654 ], [ 73.9844868, 18.61608 ], [ 73.9848408, 18.6161404 ], [ 73.9851239, 18.6163685 ], [ 73.9852159, 18.6163349 ], [ 73.9853504, 18.6161807 ], [ 73.985046, 18.6158587 ], [ 73.9845293, 18.6155568 ], [ 73.9841966, 18.6154897 ], [ 73.9840268, 18.6157379 ], [ 73.9841471, 18.6158654 ] ] ] } },
{ "type": "Feature", "properties": { "osm_id": 1117308339, "name": "", "water": "", "natural": "water", "landuse": "", "operator": "" }, "geometry": { "type": "Polygon", "coordinates": [ [ [ 73.9734311, 18.5882431 ], [ 73.9734749, 18.5884326 ], [ 73.9735084, 18.5885521 ], [ 73.9735173, 18.5886931 ], [ 73.9735748, 18.5887007 ], [ 73.9736418, 18.5886378 ], [ 73.973686, 18.5885849 ], [ 73.9736631, 18.5885291 ], [ 73.9737073, 18.5884694 ], [ 73.9737609, 18.5885939 ], [ 73.9738281, 18.5887668 ], [ 73.9737932, 18.5888532 ], [ 73.9737612, 18.5889103 ], [ 73.9737821, 18.5889486 ], [ 73.9738365, 18.5889844 ], [ 73.9739963, 18.5889862 ], [ 73.9740315, 18.5889477 ], [ 73.974084, 18.5889412 ], [ 73.9741347, 18.5890007 ], [ 73.9741908, 18.5889993 ], [ 73.9742277, 18.5889473 ], [ 73.9742188, 18.5887313 ], [ 73.9741869, 18.5886302 ], [ 73.974177, 18.5885748 ], [ 73.9741994, 18.588494 ], [ 73.9742166, 18.5882999 ], [ 73.9741043, 18.5881337 ], [ 73.9740641, 18.5876559 ], [ 73.9737865, 18.5876813 ], [ 73.9734982, 18.5877474 ], [ 73.9734445, 18.5878999 ], [ 73.9733828, 18.5880804 ], [ 73.9734311, 18.5882431 ] ] ] } },
{ "type": "Feature", "properties": { "osm_id": 1117969564, "name": "", "water": "pond", "natural": "water", "landuse": "", "operator": "" }, "geometry": { "type": "Polygon", "coordinates": [ [ [ 73.7269868, 18.5253957 ], [ 73.7270274, 18.5254137 ], [ 73.7270701, 18.5253953 ], [ 73.7271312, 18.5253921 ], [ 73.7271949, 18.5253936 ], [ 73.7272145, 18.5254313 ], [ 73.7272633, 18.5254267 ], [ 73.7272891, 18.5254049 ], [ 73.7273235, 18.5253814 ], [ 73.7273834, 18.5253896 ], [ 73.7274315, 18.5254206 ], [ 73.7274901, 18.5254341 ], [ 73.7275462, 18.5254454 ], [ 73.7276007, 18.5254479 ], [ 73.727671, 18.5254345 ], [ 73.7277092, 18.5253948 ], [ 73.7277232, 18.5253532 ], [ 73.7277627, 18.5252795 ], [ 73.7277842, 18.5252313 ], [ 73.7277943, 18.5252 ], [ 73.7278207, 18.5251732 ], [ 73.7278565, 18.5251385 ], [ 73.7278937, 18.5251171 ], [ 73.7279302, 18.5251332 ], [ 73.7279755, 18.5251683 ], [ 73.7280145, 18.5252061 ], [ 73.728039, 18.5252461 ], [ 73.7280456, 18.5252989 ], [ 73.7280279, 18.5253316 ], [ 73.7279899, 18.5253557 ], [ 73.7279271, 18.5253559 ], [ 73.7278707, 18.5253457 ], [ 73.7278429, 18.5253813 ], [ 73.7278255, 18.525435 ], [ 73.7278283, 18.5254829 ], [ 73.7278626, 18.5255198 ], [ 73.7279404, 18.5255557 ], [ 73.7280467, 18.5255853 ], [ 73.7281385, 18.5256101 ], [ 73.7283216, 18.5256822 ], [ 73.7284028, 18.5257179 ], [ 73.7285296, 18.5257447 ], [ 73.7286329, 18.5257657 ], [ 73.7287523, 18.525779 ], [ 73.7288288, 18.5257897 ], [ 73.7288373, 18.5257583 ], [ 73.7287567, 18.5257028 ], [ 73.7287081, 18.5256437 ], [ 73.7286928, 18.525588 ], [ 73.7287018, 18.5255421 ], [ 73.7287417, 18.5255102 ], [ 73.7287498, 18.5254605 ], [ 73.728685, 18.5254127 ], [ 73.7286538, 18.5253574 ], [ 73.7286541, 18.5252766 ], [ 73.7286694, 18.5252048 ], [ 73.7286663, 18.5251257 ], [ 73.7286905, 18.525016 ], [ 73.7287036, 18.5249446 ], [ 73.7286954, 18.524868 ], [ 73.7286817, 18.5247691 ], [ 73.7286731, 18.5246645 ], [ 73.7286569, 18.524595 ], [ 73.7285415, 18.5243071 ], [ 73.7285169, 18.5241954 ], [ 73.7284905, 18.5241043 ], [ 73.7284662, 18.524004 ], [ 73.7284443, 18.5238771 ], [ 73.7284352, 18.5237545 ], [ 73.7284389, 18.5236365 ], [ 73.72841, 18.52355 ], [ 73.7283517, 18.5234829 ], [ 73.7282646, 18.5233889 ], [ 73.7281316, 18.5234028 ], [ 73.7279594, 18.5234592 ], [ 73.7278176, 18.5235357 ], [ 73.7276877, 18.5236295 ], [ 73.7276329, 18.5237146 ], [ 73.7275004, 18.5238975 ], [ 73.727411, 18.5240383 ], [ 73.727307, 18.5242431 ], [ 73.7272406, 18.5244241 ], [ 73.7271927, 18.5246176 ], [ 73.7271111, 18.524903 ], [ 73.7270592, 18.5250551 ], [ 73.7269691, 18.5251753 ], [ 73.72693, 18.5252614 ], [ 73.7269153, 18.5253443 ], [ 73.726929, 18.5253783 ], [ 73.7269868, 18.5253957 ] ] ] } },
{ "type": "Feature", "properties": { "osm_id": 1117969579, "name": "", "water": "pond", "natural": "water", "landuse": "", "operator": "" }, "geometry": { "type": "Polygon", "coordinates": [ [ [ 73.7288778, 18.5261651 ], [ 73.7290273, 18.5262176 ], [ 73.729049, 18.5262133 ], [ 73.7291676, 18.5261471 ], [ 73.7291642, 18.5261358 ], [ 73.7291544, 18.526134 ], [ 73.7291099, 18.5261406 ], [ 73.7290986, 18.5261334 ], [ 73.7290973, 18.5261064 ], [ 73.7289309, 18.5260401 ], [ 73.7288778, 18.5261651 ] ] ] } },
{ "type": "Feature", "properties": { "osm_id": 1117969580, "name": "", "water": "pond", "natural": "water", "landuse": "", "operator": "" }, "geometry": { "type": "Polygon", "coordinates": [ [ [ 73.7292103, 18.5260477 ], [ 73.7292134, 18.5260605 ], [ 73.7292291, 18.5260807 ], [ 73.7292422, 18.526084 ], [ 73.7292673, 18.5260729 ], [ 73.7292778, 18.526053 ], [ 73.7292865, 18.5260368 ], [ 73.7292927, 18.5260188 ], [ 73.729293, 18.5259997 ], [ 73.7292895, 18.5259886 ], [ 73.7292612, 18.5259791 ], [ 73.7292451, 18.5259784 ], [ 73.7292173, 18.5259911 ], [ 73.7292218, 18.5260044 ], [ 73.7292255, 18.5260144 ], [ 73.729224, 18.5260199 ], [ 73.7292199, 18.5260255 ], [ 73.7292159, 18.5260355 ], [ 73.7292138, 18.5260411 ], [ 73.7292103, 18.5260477 ] ] ] } },
{ "type": "Feature", "properties": { "osm_id": 1126616681, "name": "", "water": "wastewater", "natural": "water", "landuse": "", "operator": "" }, "geometry": { "type": "Polygon", "coordinates": [ [ [ 73.8531084, 18.5381489 ], [ 73.8531023, 18.5382107 ], [ 73.8531185, 18.5382709 ], [ 73.853152, 18.5383191 ], [ 73.8531997, 18.538355 ], [ 73.8532569, 18.5383748 ], [ 73.8533177, 18.5383767 ], [ 73.8533761, 18.5383603 ], [ 73.8534262, 18.5383274 ], [ 73.8534628, 18.5382812 ], [ 73.8534822, 18.5382265 ], [ 73.8534826, 18.5381688 ], [ 73.8534638, 18.5381138 ], [ 73.8534245, 18.5380642 ], [ 73.8533699, 18.5380301 ], [ 73.8533063, 18.5380153 ], [ 73.8532412, 18.5380218 ], [ 73.8531822, 18.5380486 ], [ 73.8531361, 18.5380927 ], [ 73.8531084, 18.5381489 ] ] ] } },
{ "type": "Feature", "properties": { "osm_id": 1126616682, "name": "", "water": "wastewater", "natural": "water", "landuse": "", "operator": "" }, "geometry": { "type": "Polygon", "coordinates": [ [ [ 73.8535071, 18.5379813 ], [ 73.8534857, 18.5379908 ], [ 73.8534687, 18.5380063 ], [ 73.853458, 18.5380263 ], [ 73.8534548, 18.5380485 ], [ 73.8534593, 18.5380705 ], [ 73.853471, 18.5380897 ], [ 73.8534886, 18.5381042 ], [ 73.8535103, 18.5381126 ], [ 73.8535336, 18.538114 ], [ 73.8535561, 18.5381081 ], [ 73.8535755, 18.5380957 ], [ 73.8535895, 18.538078 ], [ 73.8535969, 18.5380567 ], [ 73.8535965, 18.5380343 ], [ 73.8535884, 18.5380132 ], [ 73.8535736, 18.5379958 ], [ 73.8535536, 18.537984 ], [ 73.8535305, 18.5379789 ], [ 73.8535071, 18.5379813 ] ] ] } },
{ "type": "Feature", "properties": { "osm_id": 1126616683, "name": "", "water": "wastewater", "natural": "water", "landuse": "", "operator": "" }, "geometry": { "type": "Polygon", "coordinates": [ [ [ 73.8534936, 18.5377926 ], [ 73.8534753, 18.5378077 ], [ 73.8534633, 18.5378277 ], [ 73.8534589, 18.5378503 ], [ 73.8534625, 18.537873 ], [ 73.8534737, 18.5378934 ], [ 73.853491, 18.5379089 ], [ 73.8535127, 18.5379184 ], [ 73.8535364, 18.5379207 ], [ 73.8535597, 18.5379156 ], [ 73.85358, 18.5379037 ], [ 73.8535951, 18.5378863 ], [ 73.8536036, 18.5378652 ], [ 73.8536044, 18.5378426 ], [ 73.8535975, 18.5378209 ], [ 73.8535834, 18.5378023 ], [ 73.8535635, 18.537789 ], [ 73.8535402, 18.5377827 ], [ 73.853516, 18.5377839 ], [ 73.8534936, 18.5377926 ] ] ] } },
{ "type": "Feature", "properties": { "osm_id": 1126616684, "name": "", "water": "wastewater", "natural": "water", "landuse": "", "operator": "" }, "geometry": { "type": "Polygon", "coordinates": [ [ [ 73.8531267, 18.5380054 ], [ 73.8534352, 18.538018 ], [ 73.8534472, 18.5377535 ], [ 73.8531387, 18.5377409 ], [ 73.8531267, 18.5380054 ] ] ] } },
{ "type": "Feature", "properties": { "osm_id": 1134544228, "name": "", "water": "pond", "natural": "water", "landuse": "", "operator": "" }, "geometry": { "type": "Polygon", "coordinates": [ [ [ 73.9446458, 18.5828057 ], [ 73.9444884, 18.5827148 ], [ 73.94455, 18.5824196 ], [ 73.9447143, 18.5823319 ], [ 73.9449813, 18.5822735 ], [ 73.945043, 18.582293 ], [ 73.9450156, 18.5821048 ], [ 73.9449368, 18.5820334 ], [ 73.9449094, 18.5818517 ], [ 73.9451902, 18.5816116 ], [ 73.9453648, 18.5812838 ], [ 73.9460049, 18.5808652 ], [ 73.9461556, 18.5809042 ], [ 73.9461179, 18.5810015 ], [ 73.9461829, 18.5810697 ], [ 73.9463952, 18.5810145 ], [ 73.9465219, 18.5811832 ], [ 73.9468128, 18.5811508 ], [ 73.9468402, 18.5812027 ], [ 73.9467718, 18.5812709 ], [ 73.9464945, 18.5813195 ], [ 73.9463062, 18.5817543 ], [ 73.9461761, 18.5818971 ], [ 73.9459638, 18.5819393 ], [ 73.9457619, 18.5819004 ], [ 73.9455975, 18.581975 ], [ 73.9454366, 18.5822735 ], [ 73.9452826, 18.5824455 ], [ 73.9449916, 18.5824098 ], [ 73.944752, 18.5824325 ], [ 73.9447451, 18.5826175 ], [ 73.9447759, 18.5827311 ], [ 73.9446458, 18.5828057 ] ] ] } },
{ "type": "Feature", "properties": { "osm_id": 1134544229, "name": "", "water": "pond", "natural": "water", "landuse": "", "operator": "" }, "geometry": { "type": "Polygon", "coordinates": [ [ [ 73.9459341, 18.5696655 ], [ 73.9460836, 18.5702217 ], [ 73.945878, 18.5704639 ], [ 73.9458967, 18.5706057 ], [ 73.9456786, 18.5707769 ], [ 73.9456288, 18.5704875 ], [ 73.9454231, 18.5704344 ], [ 73.9450804, 18.5706234 ], [ 73.9447253, 18.5705289 ], [ 73.9444761, 18.5706647 ], [ 73.9445758, 18.5707828 ], [ 73.9446256, 18.5710309 ], [ 73.944825, 18.5710841 ], [ 73.9447814, 18.5715448 ], [ 73.9445134, 18.5714385 ], [ 73.9441894, 18.5715625 ], [ 73.9439527, 18.5714916 ], [ 73.9438094, 18.5717456 ], [ 73.9436411, 18.5717101 ], [ 73.9434916, 18.5713558 ], [ 73.9434604, 18.5710604 ], [ 73.943205, 18.5706824 ], [ 73.9431302, 18.5702572 ], [ 73.9434355, 18.5698969 ], [ 73.9442081, 18.5695661 ], [ 73.9447128, 18.5694952 ], [ 73.9451864, 18.5695543 ], [ 73.9454231, 18.5694893 ], [ 73.9454543, 18.5693003 ], [ 73.945554, 18.5692058 ], [ 73.9456288, 18.5692767 ], [ 73.9459341, 18.5696655 ] ] ] } },
{ "type": "Feature", "properties": { "osm_id": 1145105975, "name": "", "water": "pond", "natural": "water", "landuse": "", "operator": "" }, "geometry": { "type": "Polygon", "coordinates": [ [ [ 73.8553527, 18.5192672 ], [ 73.8553541, 18.5191866 ], [ 73.8554387, 18.5191879 ], [ 73.8554368, 18.5192261 ], [ 73.8554373, 18.5192686 ], [ 73.8553527, 18.5192672 ] ] ] } },
{ "type": "Feature", "properties": { "osm_id": 1145105976, "name": "", "water": "pond", "natural": "water", "landuse": "", "operator": "" }, "geometry": { "type": "Polygon", "coordinates": [ [ [ 73.8557645, 18.5195939 ], [ 73.8557645, 18.5195247 ], [ 73.8558384, 18.5195247 ], [ 73.8558384, 18.5195939 ], [ 73.8557645, 18.5195939 ] ] ] } },
{ "type": "Feature", "properties": { "osm_id": 1145105977, "name": "", "water": "pond", "natural": "water", "landuse": "", "operator": "" }, "geometry": { "type": "Polygon", "coordinates": [ [ [ 73.8553104, 18.519592 ], [ 73.8553108, 18.5195487 ], [ 73.8553601, 18.5195491 ], [ 73.8553596, 18.5195924 ], [ 73.8553104, 18.519592 ] ] ] } },
{ "type": "Feature", "properties": { "osm_id": 1145105978, "name": "", "water": "", "natural": "water", "landuse": "", "operator": "" }, "geometry": { "type": "Polygon", "coordinates": [ [ [ 73.8555953, 18.5190034 ], [ 73.8556302, 18.5190043 ], [ 73.8556312, 18.5189695 ], [ 73.8555963, 18.5189686 ], [ 73.8555953, 18.5190034 ] ] ] } },
{ "type": "Feature", "properties": { "osm_id": 1161999340, "name": "PCMC Water Tank", "water": "reservoir", "natural": "water", "landuse": "", "operator": "" }, "geometry": { "type": "Polygon", "coordinates": [ [ [ 73.8553161, 18.625942 ], [ 73.8552646, 18.6258714 ], [ 73.8552932, 18.625771 ], [ 73.8553991, 18.6257222 ], [ 73.8554822, 18.6257588 ], [ 73.8555108, 18.6258144 ], [ 73.855518, 18.6258823 ], [ 73.8554621, 18.6259542 ], [ 73.8553748, 18.6259623 ], [ 73.8553404, 18.6259569 ], [ 73.8553161, 18.625942 ] ] ] } },
{ "type": "Feature", "properties": { "osm_id": 1165370051, "name": "", "water": "pond", "natural": "water", "landuse": "", "operator": "" }, "geometry": { "type": "Polygon", "coordinates": [ [ [ 73.7804454, 18.5185109 ], [ 73.7804351, 18.5185234 ], [ 73.780421, 18.5185319 ], [ 73.7804047, 18.5185352 ], [ 73.7803881, 18.518533 ], [ 73.7803733, 18.5185256 ], [ 73.7803621, 18.5185139 ], [ 73.7803558, 18.5184992 ], [ 73.780355, 18.518485 ], [ 73.7803589, 18.5184712 ], [ 73.780367, 18.5184592 ], [ 73.7803787, 18.5184502 ], [ 73.7803927, 18.518445 ], [ 73.7804078, 18.5184442 ], [ 73.7804223, 18.5184479 ], [ 73.780435, 18.5184556 ], [ 73.7804445, 18.5184667 ], [ 73.7804499, 18.51848 ], [ 73.7804505, 18.5184959 ], [ 73.7804454, 18.5185109 ] ] ] } },
{ "type": "Feature", "properties": { "osm_id": 1182651760, "name": "", "water": "reservoir", "natural": "water", "landuse": "", "operator": "" }, "geometry": { "type": "Polygon", "coordinates": [ [ [ 73.7066204, 18.6054192 ], [ 73.7064169, 18.6051828 ], [ 73.706346, 18.605228 ], [ 73.7063028, 18.6052344 ], [ 73.706276, 18.6052362 ], [ 73.7062391, 18.6052478 ], [ 73.7061788, 18.6052708 ], [ 73.7061317, 18.6052833 ], [ 73.706068, 18.6053601 ], [ 73.7060636, 18.6053907 ], [ 73.7061229, 18.6054117 ], [ 73.7061276, 18.6054781 ], [ 73.706151, 18.6055182 ], [ 73.706104, 18.6056105 ], [ 73.7060868, 18.6056905 ], [ 73.7060637, 18.6058013 ], [ 73.7060534, 18.6058656 ], [ 73.7060762, 18.6059243 ], [ 73.7061656, 18.6059629 ], [ 73.7062433, 18.6060009 ], [ 73.7062544, 18.6059849 ], [ 73.7062529, 18.6059478 ], [ 73.7062807, 18.6059057 ], [ 73.7063498, 18.6058833 ], [ 73.7063873, 18.6058553 ], [ 73.706438, 18.6058212 ], [ 73.706465, 18.6057687 ], [ 73.7064883, 18.6057415 ], [ 73.7064997, 18.6057063 ], [ 73.7065094, 18.6056614 ], [ 73.7064753, 18.6056387 ], [ 73.7065106, 18.6056271 ], [ 73.706561, 18.6056251 ], [ 73.7066242, 18.6055774 ], [ 73.7066252, 18.605503 ], [ 73.7066188, 18.6054513 ], [ 73.7066204, 18.6054192 ] ] ] } },
{ "type": "Feature", "properties": { "osm_id": 1250688610, "name": "Swimming Pool", "water": "pool", "natural": "water", "landuse": "", "operator": "" }, "geometry": { "type": "Polygon", "coordinates": [ [ [ 73.7786293, 18.6163811 ], [ 73.7787388, 18.6163588 ], [ 73.7787263, 18.616298 ], [ 73.7786168, 18.6163188 ], [ 73.7786293, 18.6163811 ] ] ] } },
{ "type": "Feature", "properties": { "osm_id": 1278426878, "name": "", "water": "pond", "natural": "water", "landuse": "", "operator": "" }, "geometry": { "type": "Polygon", "coordinates": [ [ [ 73.9705467, 18.4737548 ], [ 73.970519, 18.4736525 ], [ 73.9706268, 18.4736262 ], [ 73.9706484, 18.4737343 ], [ 73.9705467, 18.4737548 ] ] ] } },
{ "type": "Feature", "properties": { "osm_id": 1278426902, "name": "", "water": "pond", "natural": "water", "landuse": "", "operator": "" }, "geometry": { "type": "Polygon", "coordinates": [ [ [ 73.9620099, 18.4812603 ], [ 73.9619681, 18.4811143 ], [ 73.962074, 18.481087 ], [ 73.9621158, 18.481233 ], [ 73.9620099, 18.4812603 ] ] ] } },
{ "type": "Feature", "properties": { "osm_id": 1278426907, "name": "", "water": "pond", "natural": "water", "landuse": "", "operator": "" }, "geometry": { "type": "Polygon", "coordinates": [ [ [ 73.9602482, 18.4840072 ], [ 73.9602165, 18.4837932 ], [ 73.9603307, 18.483778 ], [ 73.9603623, 18.483992 ], [ 73.9602482, 18.4840072 ] ] ] } },
{ "type": "Feature", "properties": { "osm_id": 1278426908, "name": "", "water": "pond", "natural": "water", "landuse": "", "operator": "" }, "geometry": { "type": "Polygon", "coordinates": [ [ [ 73.9607226, 18.4837414 ], [ 73.9608521, 18.4837512 ], [ 73.9608618, 18.4836358 ], [ 73.9607324, 18.483626 ], [ 73.9607226, 18.4837414 ] ] ] } },
{ "type": "Feature", "properties": { "osm_id": 1278428147, "name": "", "water": "pond", "natural": "water", "landuse": "", "operator": "" }, "geometry": { "type": "Polygon", "coordinates": [ [ [ 73.9660585, 18.487033 ], [ 73.9660526, 18.4868941 ], [ 73.9662234, 18.4868876 ], [ 73.9662292, 18.4870265 ], [ 73.9660585, 18.487033 ] ] ] } },
{ "type": "Feature", "properties": { "osm_id": 1280127016, "name": "", "water": "pond", "natural": "water", "landuse": "", "operator": "" }, "geometry": { "type": "Polygon", "coordinates": [ [ [ 73.9647655, 18.5854194 ], [ 73.9648345, 18.5855317 ], [ 73.964861, 18.5855686 ], [ 73.9649, 18.585577 ], [ 73.96493, 18.5855519 ], [ 73.96493, 18.5854932 ], [ 73.9649088, 18.5854261 ], [ 73.9648716, 18.5853724 ], [ 73.9648363, 18.5852986 ], [ 73.9648292, 18.5852198 ], [ 73.9648203, 18.5851325 ], [ 73.9648221, 18.5850604 ], [ 73.9647938, 18.5850218 ], [ 73.9647177, 18.5850101 ], [ 73.9646894, 18.5850587 ], [ 73.9646823, 18.5850822 ], [ 73.964769, 18.585265 ], [ 73.9647814, 18.5853305 ], [ 73.9647814, 18.5853741 ], [ 73.9647655, 18.5853892 ], [ 73.9647655, 18.5854194 ] ] ] } },
{ "type": "Feature", "properties": { "osm_id": 1283552415, "name": "", "water": "reservoir", "natural": "water", "landuse": "", "operator": "" }, "geometry": { "type": "Polygon", "coordinates": [ [ [ 73.8268228, 18.5772853 ], [ 73.82676, 18.5773278 ], [ 73.8267154, 18.5773876 ], [ 73.8266942, 18.577458 ], [ 73.8266986, 18.5775311 ], [ 73.8267282, 18.5775987 ], [ 73.8267797, 18.5776533 ], [ 73.8268473, 18.5776888 ], [ 73.8269234, 18.5777011 ], [ 73.8269996, 18.577689 ], [ 73.827065, 18.5776554 ], [ 73.8271157, 18.5776039 ], [ 73.8271466, 18.5775398 ], [ 73.8271543, 18.5774697 ], [ 73.8271381, 18.5774009 ], [ 73.8270998, 18.5773405 ], [ 73.8270431, 18.5772948 ], [ 73.8269741, 18.5772686 ], [ 73.826897, 18.5772647 ], [ 73.8268228, 18.5772853 ] ] ] } },
{ "type": "Feature", "properties": { "osm_id": 1284784483, "name": "", "water": "", "natural": "water", "landuse": "", "operator": "" }, "geometry": { "type": "Polygon", "coordinates": [ [ [ 73.8471606, 18.5713147 ], [ 73.8471802, 18.5712766 ], [ 73.847186, 18.5712345 ], [ 73.8471772, 18.5711929 ], [ 73.8471548, 18.5711562 ], [ 73.8471212, 18.5711282 ], [ 73.8470799, 18.5711119 ], [ 73.8470353, 18.571109 ], [ 73.846992, 18.5711198 ], [ 73.8469547, 18.5711433 ], [ 73.8469272, 18.5711768 ], [ 73.8469123, 18.5712186 ], [ 73.8469129, 18.5712628 ], [ 73.8469291, 18.5713043 ], [ 73.8469589, 18.5713383 ], [ 73.8469989, 18.5713609 ], [ 73.8470447, 18.5713695 ], [ 73.847089, 18.5713637 ], [ 73.847129, 18.5713448 ], [ 73.8471606, 18.5713147 ] ] ] } },
{ "type": "Feature", "properties": { "osm_id": 1288090452, "name": "", "water": "", "natural": "water", "landuse": "", "operator": "" }, "geometry": { "type": "Polygon", "coordinates": [ [ [ 73.8986083, 18.5537785 ], [ 73.8985863, 18.5539071 ], [ 73.8986024, 18.5539239 ], [ 73.8986121, 18.55393 ], [ 73.898626, 18.5539275 ], [ 73.8986346, 18.553928 ], [ 73.8986443, 18.5539183 ], [ 73.8986523, 18.5539092 ], [ 73.8986593, 18.5538893 ], [ 73.8986679, 18.5537795 ], [ 73.8986083, 18.5537785 ] ] ] } },
{ "type": "Feature", "properties": { "osm_id": 1291639800, "name": "", "water": "lake", "natural": "water", "landuse": "", "operator": "" }, "geometry": { "type": "Polygon", "coordinates": [ [ [ 73.8750927, 18.5550925 ], [ 73.8755142, 18.5549663 ], [ 73.8755834, 18.5550623 ], [ 73.8762403, 18.5548634 ], [ 73.8761168, 18.5545721 ], [ 73.8758761, 18.55357 ], [ 73.8746711, 18.5537442 ], [ 73.8749459, 18.554663 ], [ 73.8750927, 18.5550925 ] ] ] } },
{ "type": "Feature", "properties": { "osm_id": 1300890203, "name": "silver jym swimming pool", "water": "pool", "natural": "water", "landuse": "", "operator": "" }, "geometry": { "type": "Polygon", "coordinates": [ [ [ 73.7581692, 18.622965 ], [ 73.7582854, 18.6229178 ], [ 73.7581899, 18.6227134 ], [ 73.7580654, 18.6227763 ], [ 73.7581692, 18.622965 ] ] ] } },
{ "type": "Feature", "properties": { "osm_id": 1312578424, "name": "", "water": "pond", "natural": "water", "landuse": "", "operator": "" }, "geometry": { "type": "Polygon", "coordinates": [ [ [ 73.837862, 18.4833938 ], [ 73.8378748, 18.4833973 ], [ 73.8378894, 18.4834002 ], [ 73.8379153, 18.4833947 ], [ 73.8379293, 18.4833837 ], [ 73.8379314, 18.4833689 ], [ 73.8379209, 18.4833552 ], [ 73.8378964, 18.4833481 ], [ 73.8378714, 18.4833622 ], [ 73.8378627, 18.4833773 ], [ 73.837862, 18.4833938 ] ] ] } },
{ "type": "Feature", "properties": { "osm_id": 1333191193, "name": "", "water": "pond", "natural": "water", "landuse": "", "operator": "" }, "geometry": { "type": "Polygon", "coordinates": [ [ [ 73.9248356, 18.4474219 ], [ 73.9250387, 18.4474676 ], [ 73.925183, 18.4472495 ], [ 73.9252418, 18.4469352 ], [ 73.9249852, 18.4468946 ], [ 73.9247768, 18.446854 ], [ 73.9246699, 18.4470163 ], [ 73.9247393, 18.4472343 ], [ 73.9247768, 18.4473256 ], [ 73.9248356, 18.4474219 ] ] ] } },
{ "type": "Feature", "properties": { "osm_id": 1333192060, "name": "", "water": "pond", "natural": "water", "landuse": "", "operator": "" }, "geometry": { "type": "Polygon", "coordinates": [ [ [ 73.923972, 18.4474541 ], [ 73.924045, 18.4474297 ], [ 73.9240514, 18.4473584 ], [ 73.9239849, 18.4473544 ], [ 73.9239334, 18.447393 ], [ 73.9239398, 18.4474277 ], [ 73.923972, 18.4474541 ] ] ] } },
{ "type": "Feature", "properties": { "osm_id": 1333192212, "name": "", "water": "pond", "natural": "water", "landuse": "", "operator": "" }, "geometry": { "type": "Polygon", "coordinates": [ [ [ 73.9243604, 18.4474826 ], [ 73.9245128, 18.4474093 ], [ 73.9245085, 18.4472831 ], [ 73.9244462, 18.4471468 ], [ 73.9243175, 18.447163 ], [ 73.9242424, 18.4472506 ], [ 73.9242724, 18.4473869 ], [ 73.9243604, 18.4474826 ] ] ] } },
{ "type": "Feature", "properties": { "osm_id": 1334546411, "name": "", "water": "pond", "natural": "water", "landuse": "", "operator": "" }, "geometry": { "type": "Polygon", "coordinates": [ [ [ 73.8870521, 18.4221468 ], [ 73.8866458, 18.4217746 ], [ 73.8866365, 18.4217082 ], [ 73.8866785, 18.4216284 ], [ 73.886898, 18.4214955 ], [ 73.8872296, 18.4213271 ], [ 73.8873043, 18.4212917 ], [ 73.887421, 18.4213138 ], [ 73.8875518, 18.4213271 ], [ 73.8876592, 18.4213094 ], [ 73.887832, 18.421305 ], [ 73.8879394, 18.4214069 ], [ 73.8879581, 18.4215265 ], [ 73.8879441, 18.4227804 ], [ 73.887902, 18.4229177 ], [ 73.8878086, 18.422931 ], [ 73.8876732, 18.4228867 ], [ 73.8875284, 18.4229133 ], [ 73.8874164, 18.4229266 ], [ 73.8872716, 18.4228911 ], [ 73.8871081, 18.4227981 ], [ 73.8869447, 18.4226962 ], [ 73.8868746, 18.4225677 ], [ 73.8868466, 18.4225234 ], [ 73.8868466, 18.4224614 ], [ 73.8868653, 18.4224038 ], [ 73.8869727, 18.4222841 ], [ 73.8870428, 18.4222265 ], [ 73.8870521, 18.4221468 ] ] ] } },
{ "type": "Feature", "properties": { "osm_id": 1334551856, "name": "", "water": "pond", "natural": "water", "landuse": "", "operator": "" }, "geometry": { "type": "Polygon", "coordinates": [ [ [ 73.9164949, 18.3995827 ], [ 73.9161372, 18.3996907 ], [ 73.9162835, 18.4000611 ], [ 73.9166575, 18.3999685 ], [ 73.9164949, 18.3995827 ] ] ] } },
{ "type": "Feature", "properties": { "osm_id": 1366515535, "name": "", "water": "", "natural": "water", "landuse": "", "operator": "" }, "geometry": { "type": "Polygon", "coordinates": [ [ [ 73.8784798, 18.6393731 ], [ 73.8783416, 18.6399586 ], [ 73.8782549, 18.6400767 ], [ 73.8781058, 18.6399843 ], [ 73.8778673, 18.6397532 ], [ 73.8778538, 18.6394604 ], [ 73.8775773, 18.6388851 ], [ 73.8771979, 18.6383304 ], [ 73.8769566, 18.638053 ], [ 73.8766179, 18.6380119 ], [ 73.8763766, 18.6379888 ], [ 73.8763604, 18.6376755 ], [ 73.8766368, 18.6375445 ], [ 73.8770786, 18.6374213 ], [ 73.877561, 18.6371054 ], [ 73.877683, 18.6366765 ], [ 73.8777345, 18.6364428 ], [ 73.8780543, 18.6363426 ], [ 73.878076, 18.636471 ], [ 73.8781654, 18.6373262 ], [ 73.8783064, 18.6379734 ], [ 73.8783443, 18.6382611 ], [ 73.8788512, 18.6386283 ], [ 73.8788078, 18.6391805 ], [ 73.8786289, 18.6392601 ], [ 73.8784798, 18.6393731 ] ] ] } },
{ "type": "Feature", "properties": { "osm_id": 1370246281, "name": "", "water": "pond", "natural": "water", "landuse": "", "operator": "" }, "geometry": { "type": "Polygon", "coordinates": [ [ [ 73.8322529, 18.6119222 ], [ 73.8322133, 18.6118001 ], [ 73.8322784, 18.6117706 ], [ 73.8324327, 18.6117196 ], [ 73.8326012, 18.6118659 ], [ 73.8327116, 18.6120061 ], [ 73.8327796, 18.6121275 ], [ 73.8327903, 18.6122384 ], [ 73.8329721, 18.6126413 ], [ 73.8329083, 18.6126707 ], [ 73.8328808, 18.6126605 ], [ 73.8328015, 18.6126665 ], [ 73.8327145, 18.6126601 ], [ 73.8327003, 18.6126024 ], [ 73.8327484, 18.6125756 ], [ 73.8326961, 18.612534 ], [ 73.8326026, 18.6125528 ], [ 73.8325679, 18.6125321 ], [ 73.8325359, 18.6124683 ], [ 73.8325007, 18.6123502 ], [ 73.8324257, 18.6122737 ], [ 73.8322629, 18.6123408 ], [ 73.8322331, 18.612259 ], [ 73.8321156, 18.6123462 ], [ 73.8319019, 18.6123126 ], [ 73.8318509, 18.6122925 ], [ 73.8318268, 18.6122107 ], [ 73.83195, 18.6120349 ], [ 73.8322529, 18.6119222 ] ] ] } },
{ "type": "Feature", "properties": { "osm_id": 1370247452, "name": "", "water": "pond", "natural": "water", "landuse": "", "operator": "" }, "geometry": { "type": "Polygon", "coordinates": [ [ [ 73.940159, 18.6130395 ], [ 73.9401307, 18.6130402 ], [ 73.9401314, 18.613057 ], [ 73.9401102, 18.6130677 ], [ 73.9400727, 18.613061 ], [ 73.9399927, 18.6130617 ], [ 73.9399651, 18.6130462 ], [ 73.9399615, 18.6130234 ], [ 73.9399162, 18.6129818 ], [ 73.9398929, 18.612961 ], [ 73.9398872, 18.6129416 ], [ 73.9398426, 18.6129282 ], [ 73.9398242, 18.6128987 ], [ 73.9398228, 18.612853 ], [ 73.9397952, 18.6128041 ], [ 73.9397824, 18.6127759 ], [ 73.9397952, 18.6127283 ], [ 73.9398086, 18.6126753 ], [ 73.9398249, 18.6126196 ], [ 73.9398532, 18.6125928 ], [ 73.9398915, 18.61258 ], [ 73.9398702, 18.6125599 ], [ 73.9398985, 18.6125217 ], [ 73.9399268, 18.6125022 ], [ 73.9399849, 18.6125089 ], [ 73.940004, 18.6124962 ], [ 73.9400082, 18.61247 ], [ 73.9400479, 18.6124734 ], [ 73.9400762, 18.6124774 ], [ 73.9401081, 18.612515 ], [ 73.9401449, 18.6125331 ], [ 73.9401852, 18.6125478 ], [ 73.9402149, 18.6125726 ], [ 73.9402178, 18.6125995 ], [ 73.9402482, 18.6126874 ], [ 73.9402907, 18.6127222 ], [ 73.9402822, 18.6127813 ], [ 73.9402135, 18.6128302 ], [ 73.9401987, 18.6128638 ], [ 73.9401887, 18.6128839 ], [ 73.9402072, 18.6129007 ], [ 73.9402192, 18.6129792 ], [ 73.940193, 18.6129926 ], [ 73.9401795, 18.6130147 ], [ 73.940159, 18.6130181 ], [ 73.940159, 18.6130395 ] ] ] } },
{ "type": "Feature", "properties": { "osm_id": 1370247777, "name": "", "water": "pond", "natural": "water", "landuse": "", "operator": "" }, "geometry": { "type": "Polygon", "coordinates": [ [ [ 73.9438738, 18.6222841 ], [ 73.9438392, 18.6223142 ], [ 73.9438467, 18.6223523 ], [ 73.9439009, 18.622393 ], [ 73.9439363, 18.6224231 ], [ 73.9439681, 18.6224744 ], [ 73.9439886, 18.6225337 ], [ 73.9440895, 18.6227019 ], [ 73.9441362, 18.6227718 ], [ 73.9441586, 18.6228205 ], [ 73.9442315, 18.6228957 ], [ 73.9442875, 18.6229391 ], [ 73.9443277, 18.6229515 ], [ 73.9443716, 18.6229409 ], [ 73.9443809, 18.6229125 ], [ 73.944408, 18.6229214 ], [ 73.944437, 18.6229072 ], [ 73.944465, 18.6229214 ], [ 73.9444584, 18.6229462 ], [ 73.9444416, 18.6229718 ], [ 73.9444818, 18.6229975 ], [ 73.9445164, 18.6230205 ], [ 73.9445164, 18.6230958 ], [ 73.9444659, 18.6231338 ], [ 73.9444584, 18.623163 ], [ 73.944436, 18.6232135 ], [ 73.9444239, 18.6232524 ], [ 73.9443893, 18.6233055 ], [ 73.9443454, 18.6233294 ], [ 73.9443977, 18.6235401 ], [ 73.9444453, 18.6235368 ], [ 73.9444949, 18.6235275 ], [ 73.9445502, 18.6235098 ], [ 73.9446055, 18.6235006 ], [ 73.9446274, 18.6235399 ], [ 73.94466, 18.6234875 ], [ 73.9447177, 18.6234636 ], [ 73.9447778, 18.6234713 ], [ 73.9447925, 18.6234081 ], [ 73.9448063, 18.6233673 ], [ 73.9448892, 18.6233257 ], [ 73.9449364, 18.6233064 ], [ 73.9449998, 18.623291 ], [ 73.9449933, 18.6233557 ], [ 73.9449762, 18.6234089 ], [ 73.9449681, 18.6234474 ], [ 73.9450307, 18.6234289 ], [ 73.9450576, 18.6233927 ], [ 73.9450901, 18.6233765 ], [ 73.9451405, 18.6233881 ], [ 73.945147, 18.6233688 ], [ 73.9451283, 18.6233403 ], [ 73.9452047, 18.6232586 ], [ 73.9451877, 18.6232178 ], [ 73.9452245, 18.6231903 ], [ 73.9452514, 18.6231882 ], [ 73.9452578, 18.6231594 ], [ 73.9452097, 18.6231621 ], [ 73.9452111, 18.6231507 ], [ 73.9452309, 18.6230963 ], [ 73.9452486, 18.6230628 ], [ 73.9452975, 18.6230434 ], [ 73.9452628, 18.6229957 ], [ 73.9451934, 18.622879 ], [ 73.9452975, 18.6229944 ], [ 73.9453619, 18.6230407 ], [ 73.9453965, 18.6230192 ], [ 73.9453739, 18.6229877 ], [ 73.9453994, 18.6229655 ], [ 73.9454121, 18.6229494 ], [ 73.945376, 18.6229374 ], [ 73.9454072, 18.6229199 ], [ 73.9453739, 18.622885 ], [ 73.9453159, 18.6228475 ], [ 73.9452741, 18.6228052 ], [ 73.9453024, 18.6227811 ], [ 73.9451792, 18.6226402 ], [ 73.9450144, 18.622432 ], [ 73.944951, 18.6223842 ], [ 73.9449201, 18.6223996 ], [ 73.9448665, 18.6223626 ], [ 73.9448047, 18.6223071 ], [ 73.944699, 18.6223241 ], [ 73.9446323, 18.6223426 ], [ 73.9445868, 18.6223426 ], [ 73.9445055, 18.6223903 ], [ 73.9444762, 18.6224258 ], [ 73.9443773, 18.6224711 ], [ 73.9443292, 18.6224482 ], [ 73.9442782, 18.6224724 ], [ 73.9442598, 18.6224187 ], [ 73.9442456, 18.6223892 ], [ 73.9442315, 18.6223557 ], [ 73.94408, 18.6223382 ], [ 73.9438738, 18.6222841 ] ] ] } },
{ "type": "Feature", "properties": { "osm_id": 1370247817, "name": "", "water": "", "natural": "water", "landuse": "", "operator": "" }, "geometry": { "type": "Polygon", "coordinates": [ [ [ 73.990633, 18.6067976 ], [ 73.9906001, 18.606769 ], [ 73.9905747, 18.6067296 ], [ 73.9905706, 18.6066864 ], [ 73.9905827, 18.6066311 ], [ 73.9906196, 18.6065847 ], [ 73.9906531, 18.6065618 ], [ 73.9906954, 18.6065167 ], [ 73.9907363, 18.6064805 ], [ 73.9907651, 18.6064557 ], [ 73.9907886, 18.6064627 ], [ 73.9908221, 18.6064709 ], [ 73.9908623, 18.6064722 ], [ 73.990871, 18.6064976 ], [ 73.990914, 18.6065453 ], [ 73.9909308, 18.6065998 ], [ 73.9909308, 18.6066443 ], [ 73.9909193, 18.6066786 ], [ 73.9908972, 18.6067055 ], [ 73.9908654, 18.6067348 ], [ 73.990799, 18.6067734 ], [ 73.9907707, 18.6067877 ], [ 73.9907061, 18.6067877 ], [ 73.9906725, 18.6068011 ], [ 73.990633, 18.6067976 ] ] ] } },
{ "type": "Feature", "properties": { "osm_id": 1370247818, "name": "", "water": "pond", "natural": "water", "landuse": "", "operator": "" }, "geometry": { "type": "Polygon", "coordinates": [ [ [ 73.9905201, 18.6073153 ], [ 73.9904191, 18.6073003 ], [ 73.9903922, 18.6072566 ], [ 73.9904016, 18.6071703 ], [ 73.9905399, 18.607193 ], [ 73.9905201, 18.6073153 ] ] ] } },
{ "type": "Feature", "properties": { "osm_id": 1370247819, "name": "", "water": "", "natural": "water", "landuse": "", "operator": "" }, "geometry": { "type": "Polygon", "coordinates": [ [ [ 73.9894669, 18.608886 ], [ 73.9894069, 18.6088685 ], [ 73.9893791, 18.6088276 ], [ 73.9892713, 18.6088553 ], [ 73.9891973, 18.6088772 ], [ 73.9891188, 18.6088991 ], [ 73.9890695, 18.608832 ], [ 73.9890371, 18.6087809 ], [ 73.9890171, 18.6087093 ], [ 73.9890325, 18.6086553 ], [ 73.9890587, 18.6086232 ], [ 73.9890695, 18.608575 ], [ 73.9890818, 18.6085181 ], [ 73.9890833, 18.6084611 ], [ 73.9891188, 18.6084188 ], [ 73.9892127, 18.6083677 ], [ 73.9892944, 18.6083516 ], [ 73.989376, 18.6083575 ], [ 73.9894484, 18.608394 ], [ 73.9894777, 18.6085283 ], [ 73.9894777, 18.6086407 ], [ 73.9895054, 18.6087268 ], [ 73.9895239, 18.6088101 ], [ 73.9895224, 18.6088597 ], [ 73.9894669, 18.608886 ] ] ] } },
{ "type": "Feature", "properties": { "osm_id": 1370247820, "name": "", "water": "", "natural": "water", "landuse": "", "operator": "" }, "geometry": { "type": "Polygon", "coordinates": [ [ [ 73.989449, 18.6110418 ], [ 73.9894642, 18.6110485 ], [ 73.9894683, 18.6110639 ], [ 73.9894551, 18.6110697 ], [ 73.9894469, 18.6110909 ], [ 73.9894297, 18.611114 ], [ 73.9894185, 18.6111391 ], [ 73.9893789, 18.6111632 ], [ 73.9893331, 18.6111824 ], [ 73.9892914, 18.6112094 ], [ 73.9892406, 18.6112258 ], [ 73.9892112, 18.6112306 ], [ 73.9891868, 18.6112209 ], [ 73.9891735, 18.6111892 ], [ 73.9891512, 18.6111709 ], [ 73.9891146, 18.6111612 ], [ 73.98908, 18.6111824 ], [ 73.9890435, 18.6111651 ], [ 73.9890363, 18.6111314 ], [ 73.9890384, 18.6110765 ], [ 73.9890394, 18.6110331 ], [ 73.9890455, 18.6110081 ], [ 73.9890597, 18.6109859 ], [ 73.9890933, 18.6109378 ], [ 73.9891502, 18.6108886 ], [ 73.9891888, 18.6108655 ], [ 73.9892325, 18.6108405 ], [ 73.9892731, 18.6108135 ], [ 73.9893077, 18.6107952 ], [ 73.9893341, 18.6107817 ], [ 73.9893941, 18.6107509 ], [ 73.989451, 18.6107644 ], [ 73.9894978, 18.6107904 ], [ 73.9895587, 18.6107586 ], [ 73.9896238, 18.6107808 ], [ 73.9896441, 18.6108125 ], [ 73.9896167, 18.6108684 ], [ 73.9895821, 18.6109146 ], [ 73.9895222, 18.6109657 ], [ 73.9894795, 18.6109994 ], [ 73.989449, 18.6110418 ] ] ] } },
{ "type": "Feature", "properties": { "osm_id": 1370247821, "name": "", "water": "", "natural": "water", "landuse": "", "operator": "" }, "geometry": { "type": "Polygon", "coordinates": [ [ [ 73.9889226, 18.6110483 ], [ 73.988922, 18.6110007 ], [ 73.9889098, 18.6109675 ], [ 73.9888911, 18.6109371 ], [ 73.9888771, 18.6109111 ], [ 73.9888695, 18.6108923 ], [ 73.9888742, 18.6108524 ], [ 73.9889016, 18.6108209 ], [ 73.9889325, 18.6107888 ], [ 73.9889705, 18.6107755 ], [ 73.9889985, 18.6107833 ], [ 73.9890324, 18.6108054 ], [ 73.9890732, 18.6108259 ], [ 73.9890983, 18.610832 ], [ 73.9891007, 18.6108464 ], [ 73.989075, 18.6108724 ], [ 73.9890359, 18.610921 ], [ 73.9889857, 18.6109658 ], [ 73.9889226, 18.6110483 ] ] ] } },
{ "type": "Feature", "properties": { "osm_id": 1370247886, "name": "", "water": "pond", "natural": "water", "landuse": "", "operator": "" }, "geometry": { "type": "Polygon", "coordinates": [ [ [ 73.9434971, 18.623534 ], [ 73.9434808, 18.6234785 ], [ 73.9435686, 18.6234493 ], [ 73.9435702, 18.6234107 ], [ 73.9435426, 18.6234138 ], [ 73.9435426, 18.6233291 ], [ 73.9435003, 18.6232597 ], [ 73.9435101, 18.6232011 ], [ 73.9434938, 18.6230702 ], [ 73.9434775, 18.6230054 ], [ 73.9434776, 18.6229206 ], [ 73.9435554, 18.6228937 ], [ 73.9436545, 18.6228589 ], [ 73.9437918, 18.6228589 ], [ 73.9439065, 18.6228535 ], [ 73.9439815, 18.6227891 ], [ 73.9441274, 18.6229179 ], [ 73.9442576, 18.6230574 ], [ 73.9442887, 18.6231245 ], [ 73.9442845, 18.623256 ], [ 73.9443524, 18.6235216 ], [ 73.9443029, 18.623586 ], [ 73.9442265, 18.6235981 ], [ 73.9441174, 18.6236034 ], [ 73.9440424, 18.6236007 ], [ 73.9439391, 18.6235525 ], [ 73.9439277, 18.6235699 ], [ 73.9438291, 18.6235373 ], [ 73.9437933, 18.6234941 ], [ 73.9436886, 18.6234894 ], [ 73.9434971, 18.623534 ] ] ] } },
{ "type": "Feature", "properties": { "osm_id": 1370247987, "name": "", "water": "pond", "natural": "water", "landuse": "", "operator": "" }, "geometry": { "type": "Polygon", "coordinates": [ [ [ 73.8711749, 18.6300364 ], [ 73.8712929, 18.6302667 ], [ 73.8713283, 18.6302913 ], [ 73.8714203, 18.6302846 ], [ 73.8715171, 18.6302578 ], [ 73.8716232, 18.6302511 ], [ 73.8717035, 18.6302578 ], [ 73.8717389, 18.6302265 ], [ 73.8717436, 18.6301594 ], [ 73.871569, 18.6293366 ], [ 73.8715359, 18.6292718 ], [ 73.8714982, 18.6292449 ], [ 73.8713165, 18.6292315 ], [ 73.8711797, 18.6292226 ], [ 73.8710688, 18.629265 ], [ 73.8709956, 18.6293992 ], [ 73.8709649, 18.6295065 ], [ 73.8709579, 18.629587 ], [ 73.8709697, 18.6296854 ], [ 73.8711065, 18.6299112 ], [ 73.8711749, 18.6300364 ] ] ] } },
{ "type": "Feature", "properties": { "osm_id": 1370248183, "name": "", "water": "pond", "natural": "water", "landuse": "", "operator": "" }, "geometry": { "type": "Polygon", "coordinates": [ [ [ 73.9774984, 18.5815539 ], [ 73.9777514, 18.581581 ], [ 73.9778426, 18.5814124 ], [ 73.9778659, 18.5813471 ], [ 73.9779454, 18.5813234 ], [ 73.9779437, 18.5811641 ], [ 73.9780932, 18.5811696 ], [ 73.978092, 18.5809516 ], [ 73.9779257, 18.5809247 ], [ 73.9777239, 18.5809147 ], [ 73.9776048, 18.5809001 ], [ 73.9774325, 18.580814 ], [ 73.9771376, 18.5807011 ], [ 73.9771093, 18.5807425 ], [ 73.9770798, 18.5808163 ], [ 73.9770704, 18.580927 ], [ 73.977055, 18.5811148 ], [ 73.9769642, 18.5811953 ], [ 73.9768545, 18.5813016 ], [ 73.9768179, 18.5813519 ], [ 73.9768203, 18.5814179 ], [ 73.9768368, 18.5814984 ], [ 73.9768663, 18.5815632 ], [ 73.9769347, 18.5816113 ], [ 73.9770397, 18.5816907 ], [ 73.9771447, 18.581684 ], [ 73.9772863, 18.5816281 ], [ 73.9773854, 18.5815755 ], [ 73.9774984, 18.5815539 ] ] ] } },
{ "type": "Feature", "properties": { "osm_id": 1370248209, "name": "", "water": "pond", "natural": "water", "landuse": "", "operator": "" }, "geometry": { "type": "Polygon", "coordinates": [ [ [ 73.9618245, 18.5991603 ], [ 73.9618124, 18.5991794 ], [ 73.9618124, 18.5992061 ], [ 73.9618245, 18.5992226 ], [ 73.9619117, 18.5992124 ], [ 73.9619358, 18.599201 ], [ 73.9619398, 18.5991895 ], [ 73.9619412, 18.5991667 ], [ 73.9619358, 18.599154 ], [ 73.9619023, 18.5991476 ], [ 73.9618245, 18.5991603 ] ] ] } },
{ "type": "Feature", "properties": { "osm_id": 1370248422, "name": "", "water": "", "natural": "water", "landuse": "", "operator": "" }, "geometry": { "type": "Polygon", "coordinates": [ [ [ 73.9874331, 18.6147677 ], [ 73.987409, 18.6147829 ], [ 73.9874157, 18.6148109 ], [ 73.9874291, 18.6148198 ], [ 73.9874358, 18.614849 ], [ 73.9874412, 18.614877 ], [ 73.9874412, 18.614938 ], [ 73.9874626, 18.6149977 ], [ 73.987476, 18.6150346 ], [ 73.9875323, 18.6150473 ], [ 73.9875699, 18.6150498 ], [ 73.987653, 18.6150562 ], [ 73.9876893, 18.6150523 ], [ 73.987704, 18.6150218 ], [ 73.987763, 18.6149875 ], [ 73.9878006, 18.6149964 ], [ 73.9878328, 18.6149926 ], [ 73.9878529, 18.6149583 ], [ 73.9879159, 18.6149202 ], [ 73.9879521, 18.6149291 ], [ 73.9879883, 18.6149316 ], [ 73.9879923, 18.6148973 ], [ 73.9879964, 18.6148706 ], [ 73.9881104, 18.6148032 ], [ 73.9882096, 18.6147257 ], [ 73.9882163, 18.6146571 ], [ 73.9881814, 18.614563 ], [ 73.9881184, 18.6145008 ], [ 73.9880366, 18.6144779 ], [ 73.9879441, 18.6144957 ], [ 73.987814, 18.6145478 ], [ 73.9876383, 18.6146139 ], [ 73.9875297, 18.6146596 ], [ 73.9874344, 18.6146545 ], [ 73.9873808, 18.6146469 ], [ 73.9873298, 18.614666 ], [ 73.9873017, 18.6147041 ], [ 73.9873178, 18.6147524 ], [ 73.9873406, 18.6147829 ], [ 73.9873687, 18.6147956 ], [ 73.9874331, 18.6147677 ] ] ] } },
{ "type": "Feature", "properties": { "osm_id": 1370248423, "name": "", "water": "", "natural": "water", "landuse": "", "operator": "" }, "geometry": { "type": "Polygon", "coordinates": [ [ [ 73.9875731, 18.6142903 ], [ 73.9875515, 18.6142976 ], [ 73.9875345, 18.6142925 ], [ 73.9875199, 18.6142852 ], [ 73.9875022, 18.6142728 ], [ 73.9874945, 18.614237 ], [ 73.9874806, 18.6142144 ], [ 73.9874729, 18.6142012 ], [ 73.9874475, 18.6141691 ], [ 73.987439, 18.6141479 ], [ 73.9874244, 18.6141304 ], [ 73.9874175, 18.6141056 ], [ 73.9874198, 18.6140874 ], [ 73.9874313, 18.614064 ], [ 73.9874537, 18.6140341 ], [ 73.9874883, 18.6139983 ], [ 73.9875176, 18.6139786 ], [ 73.9875507, 18.6139494 ], [ 73.9875985, 18.6139348 ], [ 73.9876817, 18.6139136 ], [ 73.9877379, 18.6139268 ], [ 73.9877725, 18.6139574 ], [ 73.9877872, 18.6140224 ], [ 73.9877918, 18.6140852 ], [ 73.9877795, 18.6141304 ], [ 73.9877548, 18.6141735 ], [ 73.9876878, 18.6142341 ], [ 73.9876408, 18.6142509 ], [ 73.9876131, 18.6142698 ], [ 73.9875892, 18.6142844 ], [ 73.9875731, 18.6142903 ] ] ] } },
{ "type": "Feature", "properties": { "osm_id": 1370248424, "name": "", "water": "", "natural": "water", "landuse": "", "operator": "" }, "geometry": { "type": "Polygon", "coordinates": [ [ [ 73.9853385, 18.6122471 ], [ 73.9853013, 18.612289 ], [ 73.9852128, 18.6123058 ], [ 73.9850518, 18.6123443 ], [ 73.9849456, 18.6123443 ], [ 73.9848164, 18.6123276 ], [ 73.9847032, 18.6123242 ], [ 73.9846289, 18.612299 ], [ 73.9846483, 18.6122437 ], [ 73.9846802, 18.6121951 ], [ 73.9847315, 18.6121498 ], [ 73.9847704, 18.612123 ], [ 73.9847934, 18.6120676 ], [ 73.9847934, 18.6119569 ], [ 73.984758, 18.6118982 ], [ 73.9848713, 18.6118278 ], [ 73.9850642, 18.6118379 ], [ 73.9852358, 18.6118412 ], [ 73.9853544, 18.6118295 ], [ 73.9854075, 18.6118462 ], [ 73.9854287, 18.61192 ], [ 73.9854287, 18.6120307 ], [ 73.9854252, 18.6121615 ], [ 73.9853862, 18.6122487 ], [ 73.9853385, 18.6122471 ] ] ] } },
{ "type": "Feature", "properties": { "osm_id": 1370248425, "name": "", "water": "", "natural": "water", "landuse": "", "operator": "" }, "geometry": { "type": "Polygon", "coordinates": [ [ [ 73.9757831, 18.6030968 ], [ 73.975546, 18.6030196 ], [ 73.9754256, 18.6030163 ], [ 73.9754256, 18.6030968 ], [ 73.9756132, 18.6032242 ], [ 73.9757052, 18.6032645 ], [ 73.9757831, 18.6033484 ], [ 73.9758185, 18.6033819 ], [ 73.9758609, 18.6033785 ], [ 73.9759317, 18.6033551 ], [ 73.9759848, 18.603288 ], [ 73.9760733, 18.6032645 ], [ 73.9762007, 18.6032679 ], [ 73.9762856, 18.6033047 ], [ 73.9763175, 18.6033819 ], [ 73.9764024, 18.6034121 ], [ 73.9765192, 18.6034926 ], [ 73.9766502, 18.6035832 ], [ 73.9766537, 18.6036637 ], [ 73.9766785, 18.6037207 ], [ 73.9767174, 18.6038247 ], [ 73.9767811, 18.6038985 ], [ 73.9768731, 18.6039152 ], [ 73.9769345, 18.6038466 ], [ 73.9769182, 18.6037902 ], [ 73.9768785, 18.6037271 ], [ 73.9768493, 18.6036696 ], [ 73.9768283, 18.6036187 ], [ 73.9768143, 18.6035689 ], [ 73.9768073, 18.6035357 ], [ 73.9768329, 18.6035047 ], [ 73.9768621, 18.6035025 ], [ 73.9768761, 18.6035778 ], [ 73.9769018, 18.6036552 ], [ 73.9769485, 18.6037305 ], [ 73.9770022, 18.6037603 ], [ 73.9770501, 18.6037393 ], [ 73.9771435, 18.6036917 ], [ 73.9771914, 18.6036696 ], [ 73.9772217, 18.6036497 ], [ 73.9772322, 18.6036265 ], [ 73.9772497, 18.6036065 ], [ 73.9772369, 18.6035468 ], [ 73.9772521, 18.6035081 ], [ 73.9772871, 18.6034727 ], [ 73.9772894, 18.6034384 ], [ 73.9772778, 18.603393 ], [ 73.9772381, 18.6033454 ], [ 73.9772404, 18.6033056 ], [ 73.9772614, 18.6031839 ], [ 73.9772614, 18.6030987 ], [ 73.9772299, 18.6030389 ], [ 73.9771924, 18.603 ], [ 73.97717, 18.6029499 ], [ 73.9771456, 18.602894 ], [ 73.9770826, 18.6028574 ], [ 73.9770175, 18.6028401 ], [ 73.9757831, 18.6030968 ] ] ] } },
{ "type": "Feature", "properties": { "osm_id": 1370248426, "name": "", "water": "", "natural": "water", "landuse": "", "operator": "" }, "geometry": { "type": "Polygon", "coordinates": [ [ [ 73.9815221, 18.6032026 ], [ 73.9815043, 18.6031975 ], [ 73.981472, 18.6031858 ], [ 73.9814389, 18.6031603 ], [ 73.981405, 18.6031318 ], [ 73.981378, 18.6031377 ], [ 73.9813672, 18.6031296 ], [ 73.9813649, 18.6031092 ], [ 73.9813711, 18.6030939 ], [ 73.9813796, 18.6030822 ], [ 73.9813426, 18.6030581 ], [ 73.9813249, 18.6030172 ], [ 73.9813372, 18.6029895 ], [ 73.9813642, 18.6029683 ], [ 73.9814127, 18.6029544 ], [ 73.9814735, 18.6029406 ], [ 73.981569, 18.6029406 ], [ 73.9816214, 18.6029924 ], [ 73.9816368, 18.603042 ], [ 73.9816368, 18.6030712 ], [ 73.9816284, 18.6031033 ], [ 73.9816083, 18.6031304 ], [ 73.9815883, 18.6031544 ], [ 73.981576, 18.603169 ], [ 73.9815621, 18.6031851 ], [ 73.9815221, 18.6032026 ] ] ] } },
{ "type": "Feature", "properties": { "osm_id": 1370248427, "name": "", "water": "", "natural": "water", "landuse": "", "operator": "" }, "geometry": { "type": "Polygon", "coordinates": [ [ [ 73.9781822, 18.6019121 ], [ 73.9781219, 18.601926 ], [ 73.9780199, 18.6019082 ], [ 73.9779448, 18.6018841 ], [ 73.9779113, 18.6018638 ], [ 73.9778966, 18.6018116 ], [ 73.9778818, 18.6017735 ], [ 73.9778322, 18.6017672 ], [ 73.9777705, 18.6017468 ], [ 73.9777852, 18.6015854 ], [ 73.977804, 18.6014583 ], [ 73.9778604, 18.6012969 ], [ 73.9779368, 18.6012778 ], [ 73.9780468, 18.6012549 ], [ 73.9781514, 18.6012511 ], [ 73.97826, 18.6012791 ], [ 73.9783271, 18.6013172 ], [ 73.9783271, 18.6014697 ], [ 73.9783096, 18.6015943 ], [ 73.9782828, 18.6016947 ], [ 73.9782493, 18.6018358 ], [ 73.9781822, 18.6019121 ] ] ] } },
{ "type": "Feature", "properties": { "osm_id": 1370248428, "name": "", "water": "", "natural": "water", "landuse": "", "operator": "" }, "geometry": { "type": "Polygon", "coordinates": [ [ [ 73.9777637, 18.6062874 ], [ 73.977746, 18.6062815 ], [ 73.977715, 18.606284 ], [ 73.9776894, 18.606284 ], [ 73.9776531, 18.6062739 ], [ 73.9776496, 18.6062555 ], [ 73.9776469, 18.6062295 ], [ 73.977654, 18.6061976 ], [ 73.9776681, 18.6061758 ], [ 73.9776832, 18.6061549 ], [ 73.9777433, 18.6061238 ], [ 73.9778106, 18.6061079 ], [ 73.977846, 18.6060987 ], [ 73.9778796, 18.6061213 ], [ 73.9779115, 18.606149 ], [ 73.9779424, 18.60618 ], [ 73.9779451, 18.606206 ], [ 73.9779141, 18.6062295 ], [ 73.9778805, 18.6062345 ], [ 73.9778566, 18.606222 ], [ 73.9778433, 18.6062438 ], [ 73.9778336, 18.6062614 ], [ 73.9778, 18.6062723 ], [ 73.9777637, 18.6062874 ] ] ] } },
{ "type": "Feature", "properties": { "osm_id": 1370248429, "name": "", "water": "", "natural": "water", "landuse": "", "operator": "" }, "geometry": { "type": "Polygon", "coordinates": [ [ [ 73.9780745, 18.6062268 ], [ 73.9780477, 18.6062287 ], [ 73.9780275, 18.6062205 ], [ 73.9780114, 18.606197 ], [ 73.9780121, 18.6061709 ], [ 73.9780208, 18.6061423 ], [ 73.9780497, 18.6061302 ], [ 73.9780932, 18.6061347 ], [ 73.9781234, 18.6061423 ], [ 73.9781355, 18.6061785 ], [ 73.9781274, 18.6062116 ], [ 73.9781073, 18.6062262 ], [ 73.9780745, 18.6062268 ] ] ] } },
{ "type": "Feature", "properties": { "osm_id": 1370248430, "name": "", "water": "", "natural": "water", "landuse": "", "operator": "" }, "geometry": { "type": "Polygon", "coordinates": [ [ [ 73.9781998, 18.6065701 ], [ 73.978182, 18.606572 ], [ 73.9781551, 18.6065609 ], [ 73.9781393, 18.6065417 ], [ 73.9781282, 18.6065171 ], [ 73.9781282, 18.6064897 ], [ 73.9781383, 18.606467 ], [ 73.9781688, 18.6064545 ], [ 73.9781993, 18.6064434 ], [ 73.9782232, 18.6064275 ], [ 73.9782537, 18.6064434 ], [ 73.9782715, 18.6064848 ], [ 73.9782689, 18.6065137 ], [ 73.9782542, 18.6065407 ], [ 73.9782268, 18.6065561 ], [ 73.9781998, 18.6065701 ] ] ] } },
{ "type": "Feature", "properties": { "osm_id": 1370248431, "name": "", "water": "", "natural": "water", "landuse": "", "operator": "" }, "geometry": { "type": "Polygon", "coordinates": [ [ [ 73.9766872, 18.605782 ], [ 73.976651, 18.605763 ], [ 73.9765705, 18.6056803 ], [ 73.9764981, 18.6056066 ], [ 73.9764485, 18.6055761 ], [ 73.9764069, 18.6055329 ], [ 73.976356, 18.605496 ], [ 73.976301, 18.605463 ], [ 73.9762849, 18.6053791 ], [ 73.9762956, 18.6053194 ], [ 73.9763841, 18.6052965 ], [ 73.976474, 18.6052965 ], [ 73.9765451, 18.6053715 ], [ 73.9766282, 18.6054299 ], [ 73.9766778, 18.6055087 ], [ 73.9767127, 18.6055748 ], [ 73.9767382, 18.6056346 ], [ 73.9767462, 18.6056689 ], [ 73.9767503, 18.6056956 ], [ 73.9767503, 18.6057477 ], [ 73.976714, 18.6057731 ], [ 73.9766872, 18.605782 ] ] ] } },
{ "type": "Feature", "properties": { "osm_id": 1370249020, "name": "", "water": "canal", "natural": "water", "landuse": "", "operator": "" }, "geometry": { "type": "Polygon", "coordinates": [ [ [ 73.8441296, 18.6166768 ], [ 73.8442234, 18.6166248 ], [ 73.844241, 18.616595 ], [ 73.8442671, 18.6165388 ], [ 73.8442891, 18.6164788 ], [ 73.8442912, 18.6164595 ], [ 73.8442871, 18.6164473 ], [ 73.84432, 18.6163994 ], [ 73.8444182, 18.6162932 ], [ 73.8444623, 18.6162502 ], [ 73.8444833, 18.6162261 ], [ 73.8445022, 18.6161953 ], [ 73.8445151, 18.6161603 ], [ 73.8445124, 18.6161095 ], [ 73.8445046, 18.6160684 ], [ 73.8444941, 18.6160177 ], [ 73.8444206, 18.6157487 ], [ 73.8444134, 18.6156599 ], [ 73.844368, 18.615533 ], [ 73.8443267, 18.6154805 ], [ 73.8441869, 18.6154195 ], [ 73.8440624, 18.6153575 ], [ 73.8439143, 18.6152826 ], [ 73.8437061, 18.6151792 ], [ 73.8435905, 18.6150864 ], [ 73.8434808, 18.6149248 ], [ 73.843397, 18.6148113 ], [ 73.8433141, 18.6146931 ], [ 73.8432635, 18.6145987 ], [ 73.8432066, 18.6145655 ], [ 73.8431, 18.6145095 ], [ 73.8429648, 18.6143977 ], [ 73.8428919, 18.6143208 ], [ 73.8427779, 18.6142731 ], [ 73.8426054, 18.6142605 ], [ 73.8424215, 18.6142332 ], [ 73.8423075, 18.6141943 ], [ 73.8421761, 18.6141115 ], [ 73.8421031, 18.6140424 ], [ 73.8420541, 18.6140038 ], [ 73.8419976, 18.6140476 ], [ 73.8420397, 18.6141196 ], [ 73.8421455, 18.6142276 ], [ 73.8422112, 18.6142627 ], [ 73.8423231, 18.6143327 ], [ 73.842395, 18.6143814 ], [ 73.8425665, 18.6144184 ], [ 73.8427093, 18.6144242 ], [ 73.8428366, 18.6144661 ], [ 73.8430215, 18.6145809 ], [ 73.8431632, 18.614651 ], [ 73.843267, 18.6147483 ], [ 73.8433686, 18.614906 ], [ 73.8434528, 18.6150179 ], [ 73.843498, 18.6151016 ], [ 73.8435915, 18.615235 ], [ 73.843686, 18.6153167 ], [ 73.8437918, 18.6153488 ], [ 73.8439982, 18.6154462 ], [ 73.8441471, 18.6155396 ], [ 73.8442077, 18.6155844 ], [ 73.8442755, 18.6157245 ], [ 73.8443945, 18.6160524 ], [ 73.8443821, 18.6161396 ], [ 73.8443408, 18.616229 ], [ 73.8442777, 18.6163363 ], [ 73.8442364, 18.6164034 ], [ 73.8441998, 18.61648 ], [ 73.844168, 18.6165728 ], [ 73.8441446, 18.6166341 ], [ 73.8441296, 18.6166768 ] ] ] } },
{ "type": "Feature", "properties": { "osm_id": 1370249121, "name": "", "water": "basin", "natural": "water", "landuse": "", "operator": "" }, "geometry": { "type": "Polygon", "coordinates": [ [ [ 73.9803812, 18.5980899 ], [ 73.9803494, 18.5980865 ], [ 73.9803105, 18.5980715 ], [ 73.9802892, 18.5980496 ], [ 73.9803052, 18.5980027 ], [ 73.9803565, 18.5979624 ], [ 73.9804803, 18.5979088 ], [ 73.9806414, 18.5978719 ], [ 73.9807564, 18.5978886 ], [ 73.9809263, 18.597887 ], [ 73.9811316, 18.5978937 ], [ 73.9813067, 18.5978803 ], [ 73.9813758, 18.5978685 ], [ 73.9815244, 18.5978115 ], [ 73.9816465, 18.5977628 ], [ 73.9817633, 18.5977192 ], [ 73.9819226, 18.5976169 ], [ 73.9820606, 18.5975431 ], [ 73.9822004, 18.5975314 ], [ 73.9823207, 18.5975549 ], [ 73.9824623, 18.5975532 ], [ 73.9826286, 18.5975465 ], [ 73.9827136, 18.5975867 ], [ 73.9828127, 18.5976438 ], [ 73.9829295, 18.5976874 ], [ 73.9830126, 18.5976958 ], [ 73.983041, 18.5977679 ], [ 73.9830551, 18.5978366 ], [ 73.9830374, 18.5978786 ], [ 73.9829826, 18.5978786 ], [ 73.9828781, 18.5978735 ], [ 73.9827454, 18.5978702 ], [ 73.9826481, 18.5978517 ], [ 73.9825419, 18.5978719 ], [ 73.9824287, 18.5978836 ], [ 73.9823579, 18.5978685 ], [ 73.9822464, 18.5978937 ], [ 73.9821721, 18.5979272 ], [ 73.9821367, 18.5979591 ], [ 73.9820447, 18.5979792 ], [ 73.9819084, 18.598006 ], [ 73.9818394, 18.5980127 ], [ 73.981781, 18.5980429 ], [ 73.9816766, 18.598105 ], [ 73.9816571, 18.5982207 ], [ 73.9816288, 18.5983029 ], [ 73.9814483, 18.5983331 ], [ 73.981236, 18.5983448 ], [ 73.981059, 18.598375 ], [ 73.980882, 18.5983851 ], [ 73.9808343, 18.5983935 ], [ 73.9807829, 18.5984102 ], [ 73.9807405, 18.598422 ], [ 73.9806201, 18.5984522 ], [ 73.9804927, 18.5984371 ], [ 73.9804432, 18.5984253 ], [ 73.9803989, 18.5984035 ], [ 73.980406, 18.5983331 ], [ 73.9804609, 18.5982241 ], [ 73.9804697, 18.5981335 ], [ 73.9804503, 18.5980748 ], [ 73.9804273, 18.5980597 ], [ 73.9803812, 18.5980899 ] ] ] } },
{ "type": "Feature", "properties": { "osm_id": 1370249122, "name": "", "water": "basin", "natural": "water", "landuse": "", "operator": "" }, "geometry": { "type": "Polygon", "coordinates": [ [ [ 73.9805047, 18.5977801 ], [ 73.9804444, 18.5977826 ], [ 73.9803921, 18.5977661 ], [ 73.9803223, 18.5977343 ], [ 73.9802942, 18.5976631 ], [ 73.980325, 18.5976059 ], [ 73.9804055, 18.597578 ], [ 73.9804792, 18.5975513 ], [ 73.9805074, 18.5975208 ], [ 73.9804953, 18.5974814 ], [ 73.9804725, 18.5974394 ], [ 73.980506, 18.5973784 ], [ 73.9805637, 18.5973441 ], [ 73.980663, 18.5972932 ], [ 73.9807702, 18.5972246 ], [ 73.980836, 18.5971814 ], [ 73.9809178, 18.5971534 ], [ 73.9810224, 18.5971801 ], [ 73.9811431, 18.5972005 ], [ 73.9811846, 18.5972284 ], [ 73.9812034, 18.5973492 ], [ 73.9812021, 18.5974801 ], [ 73.9811525, 18.5975805 ], [ 73.9810733, 18.5976453 ], [ 73.9809969, 18.5977165 ], [ 73.9809647, 18.5977902 ], [ 73.9809003, 18.5978042 ], [ 73.980836, 18.5977902 ], [ 73.9807944, 18.5977864 ], [ 73.980734, 18.5977864 ], [ 73.9806576, 18.5978042 ], [ 73.980561, 18.5978055 ], [ 73.9805047, 18.5977801 ] ] ] } },
{ "type": "Feature", "properties": { "osm_id": 1370249123, "name": "", "water": "", "natural": "water", "landuse": "", "operator": "" }, "geometry": { "type": "Polygon", "coordinates": [ [ [ 73.9807035, 18.596729 ], [ 73.9806466, 18.5967329 ], [ 73.9805745, 18.596729 ], [ 73.9805206, 18.5967454 ], [ 73.980484, 18.5967338 ], [ 73.9804617, 18.5966924 ], [ 73.9804312, 18.5966462 ], [ 73.98042, 18.5965845 ], [ 73.980422, 18.5964872 ], [ 73.9804271, 18.596415 ], [ 73.9804627, 18.5963871 ], [ 73.9804982, 18.5963687 ], [ 73.9805684, 18.5963668 ], [ 73.9806121, 18.5963659 ], [ 73.9806527, 18.5963562 ], [ 73.9806934, 18.5963504 ], [ 73.98073, 18.5963466 ], [ 73.9807493, 18.5963408 ], [ 73.9807676, 18.5963187 ], [ 73.9807899, 18.5962753 ], [ 73.9808418, 18.5962291 ], [ 73.9808784, 18.5961848 ], [ 73.9809393, 18.5961299 ], [ 73.9810115, 18.5960904 ], [ 73.9810867, 18.5960769 ], [ 73.9811284, 18.5961279 ], [ 73.9811528, 18.5961665 ], [ 73.9811731, 18.5962031 ], [ 73.9811762, 18.5962638 ], [ 73.9811782, 18.5963158 ], [ 73.9811629, 18.5964005 ], [ 73.9810938, 18.5964795 ], [ 73.9809902, 18.5964892 ], [ 73.9808956, 18.5965065 ], [ 73.9808936, 18.5965325 ], [ 73.9808702, 18.5965643 ], [ 73.9808275, 18.5965932 ], [ 73.980794, 18.5966048 ], [ 73.9807666, 18.5966221 ], [ 73.9807503, 18.596678 ], [ 73.9807391, 18.5967088 ], [ 73.9807035, 18.596729 ] ] ] } },
{ "type": "Feature", "properties": { "osm_id": 1370249124, "name": "", "water": "", "natural": "water", "landuse": "", "operator": "" }, "geometry": { "type": "Polygon", "coordinates": [ [ [ 73.9814003, 18.5944244 ], [ 73.9813225, 18.5943634 ], [ 73.9813145, 18.594221 ], [ 73.9813037, 18.5940278 ], [ 73.9811723, 18.5940736 ], [ 73.9810462, 18.5941575 ], [ 73.9809309, 18.59416 ], [ 73.9808343, 18.5940838 ], [ 73.9807941, 18.5939821 ], [ 73.9808102, 18.5938702 ], [ 73.9808263, 18.5937889 ], [ 73.9807887, 18.5936262 ], [ 73.9807566, 18.5935448 ], [ 73.9807566, 18.5934736 ], [ 73.980778, 18.5933796 ], [ 73.9808022, 18.5933058 ], [ 73.9809014, 18.5932474 ], [ 73.9810087, 18.5931864 ], [ 73.9811374, 18.5931609 ], [ 73.9812313, 18.593194 ], [ 73.9813037, 18.5933084 ], [ 73.9813869, 18.5934685 ], [ 73.9814593, 18.5936185 ], [ 73.9814647, 18.5939007 ], [ 73.9814808, 18.5940075 ], [ 73.9815076, 18.5941626 ], [ 73.9815237, 18.5942642 ], [ 73.9815478, 18.5943405 ], [ 73.9815183, 18.5943736 ], [ 73.98147, 18.5944117 ], [ 73.9814003, 18.5944244 ] ] ] } },
{ "type": "Feature", "properties": { "osm_id": 1370249125, "name": "", "water": "", "natural": "water", "landuse": "", "operator": "" }, "geometry": { "type": "Polygon", "coordinates": [ [ [ 73.9806918, 18.5951954 ], [ 73.9807131, 18.5952524 ], [ 73.9807715, 18.5952625 ], [ 73.9809007, 18.5952726 ], [ 73.9809219, 18.5952944 ], [ 73.9809484, 18.595291 ], [ 73.9809661, 18.5952709 ], [ 73.9810316, 18.5953262 ], [ 73.9810953, 18.5953816 ], [ 73.9811289, 18.5954201 ], [ 73.9811767, 18.5954419 ], [ 73.9812457, 18.5954352 ], [ 73.9812811, 18.5954134 ], [ 73.9813006, 18.595338 ], [ 73.9812847, 18.5952088 ], [ 73.9812563, 18.5950746 ], [ 73.9812563, 18.5949941 ], [ 73.9812546, 18.5948214 ], [ 73.981244, 18.5947023 ], [ 73.981228, 18.5946251 ], [ 73.9811696, 18.5945866 ], [ 73.9810422, 18.5946017 ], [ 73.9809697, 18.5946503 ], [ 73.9809644, 18.5948197 ], [ 73.9809431, 18.5949187 ], [ 73.9809219, 18.5949673 ], [ 73.9808546, 18.5949673 ], [ 73.9808033, 18.5949673 ], [ 73.9807679, 18.5949707 ], [ 73.9807343, 18.5949975 ], [ 73.9807202, 18.5950629 ], [ 73.9807095, 18.5951434 ], [ 73.9806918, 18.5951954 ] ] ] } },
{ "type": "Feature", "properties": { "osm_id": 1370249172, "name": "", "water": "basin", "natural": "water", "landuse": "", "operator": "" }, "geometry": { "type": "Polygon", "coordinates": [ [ [ 73.9422632, 18.5754311 ], [ 73.9422515, 18.5754266 ], [ 73.9422418, 18.5754189 ], [ 73.9422351, 18.5754088 ], [ 73.9422321, 18.5753972 ], [ 73.9422333, 18.5753842 ], [ 73.942239, 18.5753723 ], [ 73.9422487, 18.575363 ], [ 73.9422611, 18.5753573 ], [ 73.9422748, 18.5753559 ], [ 73.9422882, 18.575359 ], [ 73.9422997, 18.5753662 ], [ 73.9423079, 18.5753767 ], [ 73.942312, 18.5753891 ], [ 73.9423113, 18.5754022 ], [ 73.9423067, 18.5754133 ], [ 73.9422987, 18.5754225 ], [ 73.942288, 18.5754289 ], [ 73.9422758, 18.5754318 ], [ 73.9422632, 18.5754311 ] ] ] } },
{ "type": "Feature", "properties": { "osm_id": 1370249173, "name": "", "water": "basin", "natural": "water", "landuse": "", "operator": "" }, "geometry": { "type": "Polygon", "coordinates": [ [ [ 73.9413671, 18.5759678 ], [ 73.9413554, 18.5759634 ], [ 73.9413458, 18.5759557 ], [ 73.9413391, 18.5759456 ], [ 73.941336, 18.5759339 ], [ 73.9413372, 18.5759209 ], [ 73.941343, 18.5759091 ], [ 73.9413526, 18.5758998 ], [ 73.941365, 18.5758941 ], [ 73.9413787, 18.5758927 ], [ 73.9413921, 18.5758958 ], [ 73.9414036, 18.575903 ], [ 73.9414119, 18.5759134 ], [ 73.9414159, 18.5759259 ], [ 73.9414153, 18.575939 ], [ 73.9414107, 18.5759501 ], [ 73.9414026, 18.5759593 ], [ 73.941392, 18.5759657 ], [ 73.9413797, 18.5759686 ], [ 73.9413671, 18.5759678 ] ] ] } },
{ "type": "Feature", "properties": { "osm_id": 1370249642, "name": "", "water": "basin", "natural": "water", "landuse": "", "operator": "" }, "geometry": { "type": "Polygon", "coordinates": [ [ [ 73.9409446, 18.5750822 ], [ 73.9409329, 18.5750777 ], [ 73.9409233, 18.57507 ], [ 73.9409166, 18.5750599 ], [ 73.9409135, 18.5750483 ], [ 73.9409147, 18.5750353 ], [ 73.9409205, 18.5750234 ], [ 73.9409301, 18.5750141 ], [ 73.9409425, 18.5750084 ], [ 73.9409562, 18.575007 ], [ 73.9409696, 18.5750101 ], [ 73.9409811, 18.5750173 ], [ 73.9409894, 18.5750278 ], [ 73.9409934, 18.5750402 ], [ 73.9409928, 18.5750533 ], [ 73.9409881, 18.5750644 ], [ 73.9409801, 18.5750736 ], [ 73.9409694, 18.57508 ], [ 73.9409572, 18.575083 ], [ 73.9409446, 18.5750822 ] ] ] } },
{ "type": "Feature", "properties": { "osm_id": 1370249659, "name": "", "water": "", "natural": "water", "landuse": "", "operator": "" }, "geometry": { "type": "Polygon", "coordinates": [ [ [ 73.9932861, 18.6078452 ], [ 73.9928154, 18.6078033 ], [ 73.9928172, 18.6078938 ], [ 73.9928048, 18.6079609 ], [ 73.9927889, 18.6080515 ], [ 73.9927836, 18.6081085 ], [ 73.9927836, 18.6081739 ], [ 73.992826, 18.608236 ], [ 73.9928809, 18.608236 ], [ 73.9929375, 18.6082611 ], [ 73.9929587, 18.6082796 ], [ 73.9929853, 18.6083047 ], [ 73.9930419, 18.6083181 ], [ 73.9930826, 18.6083248 ], [ 73.9931056, 18.6083332 ], [ 73.9931357, 18.6083601 ], [ 73.9931853, 18.6084104 ], [ 73.9932207, 18.6084188 ], [ 73.9932667, 18.6084204 ], [ 73.9932861, 18.6078452 ] ] ] } },
{ "type": "Feature", "properties": { "osm_id": 1370249660, "name": "", "water": "", "natural": "water", "landuse": "", "operator": "" }, "geometry": { "type": "Polygon", "coordinates": [ [ [ 73.9960102, 18.6105792 ], [ 73.995978, 18.6105792 ], [ 73.9959297, 18.6105767 ], [ 73.9958533, 18.6105563 ], [ 73.9958104, 18.6105462 ], [ 73.9957701, 18.610522 ], [ 73.995742, 18.6104648 ], [ 73.9957366, 18.6104089 ], [ 73.9957446, 18.6103568 ], [ 73.9957433, 18.6103111 ], [ 73.995742, 18.6102526 ], [ 73.995754, 18.6101827 ], [ 73.9957862, 18.6101102 ], [ 73.9958506, 18.6100912 ], [ 73.995927, 18.6100505 ], [ 73.9959901, 18.6100365 ], [ 73.9960196, 18.6100302 ], [ 73.9960303, 18.6100187 ], [ 73.9959954, 18.6099666 ], [ 73.9959351, 18.609912 ], [ 73.9958667, 18.6099209 ], [ 73.9958492, 18.6098738 ], [ 73.995856, 18.6098154 ], [ 73.995919, 18.6097493 ], [ 73.9960759, 18.6097061 ], [ 73.9962234, 18.609673 ], [ 73.9963173, 18.6097111 ], [ 73.9964085, 18.6097861 ], [ 73.9964326, 18.6098471 ], [ 73.9963884, 18.609917 ], [ 73.9963133, 18.6099514 ], [ 73.9963133, 18.6100251 ], [ 73.9963213, 18.6100835 ], [ 73.9962435, 18.6102259 ], [ 73.9962006, 18.6103047 ], [ 73.9961617, 18.6103682 ], [ 73.9961027, 18.6104254 ], [ 73.9960786, 18.6104648 ], [ 73.9960585, 18.6105411 ], [ 73.9960102, 18.6105792 ] ] ] } },
{ "type": "Feature", "properties": { "osm_id": 1370249661, "name": "", "water": "", "natural": "water", "landuse": "", "operator": "" }, "geometry": { "type": "Polygon", "coordinates": [ [ [ 73.9965002, 18.6104509 ], [ 73.9964579, 18.6104428 ], [ 73.9964178, 18.6104494 ], [ 73.9963762, 18.6104735 ], [ 73.9963523, 18.6104764 ], [ 73.9963192, 18.6104699 ], [ 73.9962907, 18.610445 ], [ 73.996253, 18.6104071 ], [ 73.9962661, 18.6103421 ], [ 73.9962799, 18.6102728 ], [ 73.9962923, 18.6102275 ], [ 73.9963192, 18.6101939 ], [ 73.9963701, 18.610172 ], [ 73.9964425, 18.6101764 ], [ 73.9965064, 18.6102085 ], [ 73.9965364, 18.6102669 ], [ 73.9965357, 18.6103326 ], [ 73.9965241, 18.6103859 ], [ 73.9965087, 18.610418 ], [ 73.9965002, 18.6104509 ] ] ] } },
{ "type": "Feature", "properties": { "osm_id": 1370249662, "name": "", "water": "", "natural": "water", "landuse": "", "operator": "" }, "geometry": { "type": "Polygon", "coordinates": [ [ [ 73.9962465, 18.6112023 ], [ 73.9963189, 18.6111702 ], [ 73.9963697, 18.611176 ], [ 73.9964006, 18.6112155 ], [ 73.9964252, 18.6112739 ], [ 73.996416, 18.611322 ], [ 73.9963143, 18.611379 ], [ 73.9962188, 18.6114111 ], [ 73.9961525, 18.6114155 ], [ 73.9960909, 18.6114155 ], [ 73.9960139, 18.6113936 ], [ 73.9959461, 18.6113556 ], [ 73.9958937, 18.6113308 ], [ 73.9958182, 18.6113089 ], [ 73.9957428, 18.6112739 ], [ 73.9957073, 18.611252 ], [ 73.9956919, 18.6112038 ], [ 73.9956811, 18.6111249 ], [ 73.9956734, 18.6110446 ], [ 73.9956719, 18.6110008 ], [ 73.9956611, 18.6109293 ], [ 73.9956981, 18.610868 ], [ 73.9958013, 18.6108125 ], [ 73.9958691, 18.6108096 ], [ 73.9959168, 18.6107891 ], [ 73.9959923, 18.6107483 ], [ 73.9961186, 18.6107424 ], [ 73.9962203, 18.6107483 ], [ 73.9963343, 18.6107424 ], [ 73.9964452, 18.610738 ], [ 73.9965022, 18.6107497 ], [ 73.9965161, 18.6107877 ], [ 73.9964668, 18.6109016 ], [ 73.9964314, 18.6109746 ], [ 73.9963266, 18.611068 ], [ 73.9962742, 18.6111322 ], [ 73.9962511, 18.6111673 ], [ 73.9962465, 18.6112023 ] ] ] } },
{ "type": "Feature", "properties": { "osm_id": 1370249663, "name": "", "water": "", "natural": "water", "landuse": "", "operator": "" }, "geometry": { "type": "Polygon", "coordinates": [ [ [ 73.9955416, 18.6114908 ], [ 73.9955136, 18.6114874 ], [ 73.9954844, 18.6114764 ], [ 73.9954412, 18.611462 ], [ 73.9954062, 18.6114432 ], [ 73.9953875, 18.6114122 ], [ 73.9953922, 18.6113779 ], [ 73.9954039, 18.6113514 ], [ 73.9954039, 18.6113126 ], [ 73.995419, 18.6112496 ], [ 73.9954401, 18.6112175 ], [ 73.9954564, 18.6111832 ], [ 73.9954599, 18.6111389 ], [ 73.9955054, 18.6111157 ], [ 73.9955708, 18.6111179 ], [ 73.9956, 18.6111721 ], [ 73.9956233, 18.6112518 ], [ 73.995642, 18.6113414 ], [ 73.995642, 18.6113857 ], [ 73.9956198, 18.6114476 ], [ 73.9956, 18.6114908 ], [ 73.9955416, 18.6114908 ] ] ] } },
{ "type": "Feature", "properties": { "osm_id": 1370249664, "name": "", "water": "", "natural": "water", "landuse": "", "operator": "" }, "geometry": { "type": "Polygon", "coordinates": [ [ [ 73.9952028, 18.6112091 ], [ 73.9951735, 18.6111777 ], [ 73.9951535, 18.6111755 ], [ 73.9951381, 18.6111602 ], [ 73.9951158, 18.6111324 ], [ 73.9951034, 18.6111135 ], [ 73.9951058, 18.6110923 ], [ 73.9951296, 18.6110748 ], [ 73.9951851, 18.6110616 ], [ 73.9952167, 18.611066 ], [ 73.9952421, 18.6110901 ], [ 73.9952544, 18.6111222 ], [ 73.9952544, 18.61115 ], [ 73.9952544, 18.6111762 ], [ 73.9952375, 18.6112062 ], [ 73.9952028, 18.6112091 ] ] ] } },
{ "type": "Feature", "properties": { "osm_id": 1370250130, "name": "", "water": "pond", "natural": "water", "landuse": "", "operator": "" }, "geometry": { "type": "Polygon", "coordinates": [ [ [ 73.8328496, 18.6122673 ], [ 73.8328309, 18.6122241 ], [ 73.8328212, 18.612134 ], [ 73.8328317, 18.6121162 ], [ 73.8328651, 18.6121162 ], [ 73.8328968, 18.612127 ], [ 73.8330171, 18.6121039 ], [ 73.833144, 18.6120885 ], [ 73.8332171, 18.6120893 ], [ 73.8332448, 18.6120993 ], [ 73.8332423, 18.6121293 ], [ 73.8332228, 18.6121555 ], [ 73.8330911, 18.6122087 ], [ 73.8329065, 18.6122719 ], [ 73.8328496, 18.6122673 ] ] ] } },
{ "type": "Feature", "properties": { "osm_id": 1370250131, "name": "", "water": "pond", "natural": "water", "landuse": "", "operator": "" }, "geometry": { "type": "Polygon", "coordinates": [ [ [ 73.8326398, 18.611798 ], [ 73.8327301, 18.6118211 ], [ 73.8327773, 18.6118149 ], [ 73.8328147, 18.6118203 ], [ 73.8328415, 18.6118905 ], [ 73.8327903, 18.6119429 ], [ 73.8327642, 18.6119629 ], [ 73.8327163, 18.6119544 ], [ 73.8326748, 18.6119151 ], [ 73.8326374, 18.6118512 ], [ 73.8326291, 18.6118234 ], [ 73.8326398, 18.611798 ] ] ] } },
{ "type": "Feature", "properties": { "osm_id": 1370250551, "name": "", "water": "", "natural": "water", "landuse": "", "operator": "" }, "geometry": { "type": "Polygon", "coordinates": [ [ [ 73.9938342, 18.615214 ], [ 73.993491, 18.6151499 ], [ 73.9930917, 18.6150636 ], [ 73.9929563, 18.6150326 ], [ 73.9929166, 18.6151986 ], [ 73.9928325, 18.6154154 ], [ 73.9928045, 18.6155371 ], [ 73.9927952, 18.6156101 ], [ 73.9928325, 18.6156278 ], [ 73.9928886, 18.6156478 ], [ 73.9929376, 18.6157009 ], [ 73.9929843, 18.6157584 ], [ 73.9930006, 18.6158248 ], [ 73.9930894, 18.6159133 ], [ 73.9931524, 18.6159996 ], [ 73.9931851, 18.6160726 ], [ 73.9931454, 18.6161611 ], [ 73.993115, 18.6162342 ], [ 73.99308, 18.6163138 ], [ 73.993066, 18.6164289 ], [ 73.993003, 18.616524 ], [ 73.9929516, 18.616628 ], [ 73.9929936, 18.6166944 ], [ 73.9929656, 18.6167586 ], [ 73.9930193, 18.6167874 ], [ 73.9931034, 18.6168161 ], [ 73.9931641, 18.6168294 ], [ 73.9932435, 18.6168183 ], [ 73.9933252, 18.6168073 ], [ 73.9934419, 18.6168272 ], [ 73.9935353, 18.6167984 ], [ 73.993477, 18.6165816 ], [ 73.993449, 18.6164289 ], [ 73.993491, 18.6163293 ], [ 73.993547, 18.6161921 ], [ 73.9936708, 18.6158336 ], [ 73.9938155, 18.6152782 ], [ 73.9938342, 18.615214 ] ] ] } },
{ "type": "Feature", "properties": { "osm_id": 1370250552, "name": "", "water": "", "natural": "water", "landuse": "", "operator": "" }, "geometry": { "type": "Polygon", "coordinates": [ [ [ 73.9973968, 18.6107469 ], [ 73.9972057, 18.6108394 ], [ 73.9971204, 18.6108914 ], [ 73.9970756, 18.6109877 ], [ 73.9971061, 18.6110532 ], [ 73.9971447, 18.6110744 ], [ 73.9971407, 18.6111361 ], [ 73.9971691, 18.6111881 ], [ 73.9971712, 18.6112208 ], [ 73.9971712, 18.6112728 ], [ 73.9972708, 18.6113152 ], [ 73.9973277, 18.6113557 ], [ 73.9973663, 18.6113557 ], [ 73.9974232, 18.6113075 ], [ 73.9974497, 18.6112516 ], [ 73.9974964, 18.6112304 ], [ 73.997598, 18.6112536 ], [ 73.9976509, 18.611267 ], [ 73.9976956, 18.611267 ], [ 73.9977546, 18.6112093 ], [ 73.9977749, 18.6110706 ], [ 73.9978318, 18.6108972 ], [ 73.9977688, 18.6107931 ], [ 73.9976001, 18.6107835 ], [ 73.9975493, 18.6108278 ], [ 73.9974944, 18.6108355 ], [ 73.9974517, 18.6108143 ], [ 73.9973968, 18.6107469 ] ] ] } },
{ "type": "Feature", "properties": { "osm_id": 1370250553, "name": "", "water": "", "natural": "water", "landuse": "", "operator": "" }, "geometry": { "type": "Polygon", "coordinates": [ [ [ 73.9975058, 18.6141511 ], [ 73.9973564, 18.614173 ], [ 73.9973548, 18.6141306 ], [ 73.9971808, 18.6141146 ], [ 73.9971422, 18.6140825 ], [ 73.9971191, 18.6140343 ], [ 73.9971114, 18.6139701 ], [ 73.9970991, 18.6138927 ], [ 73.9971114, 18.6138138 ], [ 73.9971253, 18.6137321 ], [ 73.9971576, 18.6136445 ], [ 73.9972408, 18.6136124 ], [ 73.9973826, 18.6136124 ], [ 73.9975459, 18.6136313 ], [ 73.9975813, 18.6137175 ], [ 73.9975274, 18.6139 ], [ 73.9975305, 18.6140606 ], [ 73.9975058, 18.6141511 ] ] ] } },
{ "type": "Feature", "properties": { "osm_id": 1370250554, "name": "", "water": "", "natural": "water", "landuse": "", "operator": "" }, "geometry": { "type": "Polygon", "coordinates": [ [ [ 73.99892, 18.6142828 ], [ 73.9988475, 18.6143398 ], [ 73.9988174, 18.6143817 ], [ 73.9987643, 18.6143549 ], [ 73.9986935, 18.6143599 ], [ 73.9986174, 18.6143247 ], [ 73.9985166, 18.6143348 ], [ 73.9984529, 18.6143499 ], [ 73.9984033, 18.6143499 ], [ 73.9983732, 18.6143147 ], [ 73.9983891, 18.614266 ], [ 73.9983803, 18.6142023 ], [ 73.9983644, 18.614152 ], [ 73.9983484, 18.614105 ], [ 73.9983272, 18.6140279 ], [ 73.9982653, 18.6139675 ], [ 73.9982122, 18.6139172 ], [ 73.9982405, 18.61383 ], [ 73.9983874, 18.6138702 ], [ 73.9985484, 18.6139407 ], [ 73.9987661, 18.614095 ], [ 73.9988793, 18.6142006 ], [ 73.99892, 18.6142828 ] ] ] } },
{ "type": "Feature", "properties": { "osm_id": 1370250555, "name": "", "water": "", "natural": "water", "landuse": "", "operator": "" }, "geometry": { "type": "Polygon", "coordinates": [ [ [ 73.9920459, 18.6121269 ], [ 73.9920365, 18.612159 ], [ 73.992047, 18.6122016 ], [ 73.9920424, 18.6122232 ], [ 73.9920371, 18.6122475 ], [ 73.9920272, 18.6122586 ], [ 73.9920196, 18.6122863 ], [ 73.9920021, 18.6123277 ], [ 73.9919776, 18.6123687 ], [ 73.9919758, 18.6123814 ], [ 73.991963, 18.6123936 ], [ 73.9919507, 18.6123958 ], [ 73.9919373, 18.6123936 ], [ 73.9919174, 18.6123986 ], [ 73.9919081, 18.6124124 ], [ 73.9918976, 18.612419 ], [ 73.9918912, 18.6124118 ], [ 73.9918888, 18.6123958 ], [ 73.9918859, 18.6123742 ], [ 73.9918778, 18.6123521 ], [ 73.9918818, 18.6123261 ], [ 73.9918818, 18.6122846 ], [ 73.9918807, 18.6122603 ], [ 73.9918661, 18.6122276 ], [ 73.991862, 18.6122022 ], [ 73.9918614, 18.6121756 ], [ 73.9918591, 18.6121557 ], [ 73.9918544, 18.6121402 ], [ 73.9918538, 18.6121231 ], [ 73.9918573, 18.6120982 ], [ 73.9918608, 18.6120738 ], [ 73.9918702, 18.612034 ], [ 73.9918912, 18.6120058 ], [ 73.9918865, 18.6119781 ], [ 73.9918748, 18.611951 ], [ 73.9918719, 18.6119278 ], [ 73.9918684, 18.6118724 ], [ 73.9918772, 18.6118343 ], [ 73.9918754, 18.6118127 ], [ 73.9918754, 18.6117906 ], [ 73.9918778, 18.6117651 ], [ 73.9919005, 18.6117109 ], [ 73.9919128, 18.6116954 ], [ 73.9919414, 18.6116904 ], [ 73.9919764, 18.6116943 ], [ 73.9919968, 18.6116855 ], [ 73.9920179, 18.6116672 ], [ 73.9920622, 18.6116412 ], [ 73.9921072, 18.6116412 ], [ 73.9921282, 18.6116417 ], [ 73.9921533, 18.6116429 ], [ 73.9921755, 18.6116268 ], [ 73.9921912, 18.6116052 ], [ 73.9921994, 18.6115859 ], [ 73.9921877, 18.6115687 ], [ 73.9921644, 18.6115521 ], [ 73.9921469, 18.6115366 ], [ 73.9921346, 18.6115234 ], [ 73.9921282, 18.6115106 ], [ 73.9921533, 18.611468 ], [ 73.9921778, 18.6114326 ], [ 73.9922379, 18.6114304 ], [ 73.9922916, 18.6114337 ], [ 73.9923319, 18.6114553 ], [ 73.9923366, 18.6114918 ], [ 73.992336, 18.6115416 ], [ 73.9923115, 18.6115715 ], [ 73.9922793, 18.6116506 ], [ 73.9922874, 18.6116949 ], [ 73.9923108, 18.6117498 ], [ 73.992322, 18.6118056 ], [ 73.992322, 18.6118528 ], [ 73.9922904, 18.6119203 ], [ 73.9922833, 18.6119549 ], [ 73.9922701, 18.6119838 ], [ 73.9922396, 18.6119954 ], [ 73.9922173, 18.6119887 ], [ 73.9921827, 18.6119646 ], [ 73.9921624, 18.6119578 ], [ 73.992136, 18.6119819 ], [ 73.9921065, 18.6120118 ], [ 73.9920831, 18.6120522 ], [ 73.9920597, 18.6120542 ], [ 73.9920445, 18.6120281 ], [ 73.9920384, 18.6120455 ], [ 73.9920486, 18.6120628 ], [ 73.9920343, 18.6120917 ], [ 73.9920486, 18.6121081 ], [ 73.9920459, 18.6121269 ] ] ] } },
{ "type": "Feature", "properties": { "osm_id": 1379144885, "name": "", "water": "pond", "natural": "water", "landuse": "", "operator": "" }, "geometry": { "type": "Polygon", "coordinates": [ [ [ 73.9364772, 18.6289786 ], [ 73.9365351, 18.6289929 ], [ 73.9365834, 18.6290102 ], [ 73.9366081, 18.6290132 ], [ 73.9366242, 18.629002 ], [ 73.9366521, 18.6289644 ], [ 73.9366778, 18.6289085 ], [ 73.9366939, 18.6288404 ], [ 73.9367079, 18.6287885 ], [ 73.9367079, 18.6287611 ], [ 73.9367014, 18.6287346 ], [ 73.9366778, 18.6287082 ], [ 73.9366639, 18.6286919 ], [ 73.9366413, 18.6286868 ], [ 73.9366188, 18.628697 ], [ 73.936548, 18.628757 ], [ 73.9364085, 18.6289136 ], [ 73.9363999, 18.6289319 ], [ 73.9363999, 18.6289471 ], [ 73.9364214, 18.6289593 ], [ 73.9364772, 18.6289786 ] ] ] } },
{ "type": "Feature", "properties": { "osm_id": 1379146632, "name": "", "water": "pond", "natural": "water", "landuse": "", "operator": "" }, "geometry": { "type": "Polygon", "coordinates": [ [ [ 73.9337928, 18.6076066 ], [ 73.9339001, 18.6076486 ], [ 73.9340755, 18.6077164 ], [ 73.9342475, 18.607781 ], [ 73.9343412, 18.60781 ], [ 73.9344247, 18.6078245 ], [ 73.9344553, 18.6078116 ], [ 73.9344775, 18.6077842 ], [ 73.9344826, 18.6077455 ], [ 73.934457, 18.607676 ], [ 73.9343259, 18.6075243 ], [ 73.9341079, 18.6073129 ], [ 73.9337996, 18.6070465 ], [ 73.9336957, 18.606982 ], [ 73.9336514, 18.606969 ], [ 73.9336106, 18.6069674 ], [ 73.9334079, 18.6069933 ], [ 73.9333687, 18.6070126 ], [ 73.9333551, 18.607032 ], [ 73.9333534, 18.6072225 ], [ 73.9333942, 18.6075905 ], [ 73.9333977, 18.607626 ], [ 73.933413, 18.6076421 ], [ 73.9334505, 18.6076454 ], [ 73.9335833, 18.6076082 ], [ 73.9336446, 18.6075808 ], [ 73.9337127, 18.607584 ], [ 73.9337928, 18.6076066 ] ] ] } },
{ "type": "Feature", "properties": { "osm_id": 1384308340, "name": "", "water": "pond", "natural": "water", "landuse": "", "operator": "" }, "geometry": { "type": "Polygon", "coordinates": [ [ [ 73.8037301, 18.5506385 ], [ 73.803697, 18.5506432 ], [ 73.8036722, 18.5506424 ], [ 73.8036555, 18.5506364 ], [ 73.8036458, 18.5506236 ], [ 73.8036397, 18.550608 ], [ 73.8036375, 18.5505923 ], [ 73.8036418, 18.5505737 ], [ 73.8036516, 18.5505617 ], [ 73.8036846, 18.5505335 ], [ 73.8037367, 18.5505225 ], [ 73.8037962, 18.5505319 ], [ 73.8038401, 18.550568 ], [ 73.8038649, 18.5506127 ], [ 73.8038814, 18.5506472 ], [ 73.8038996, 18.5506667 ], [ 73.8039368, 18.5506714 ], [ 73.8039592, 18.5506699 ], [ 73.8039823, 18.5506722 ], [ 73.8039997, 18.5506824 ], [ 73.8040104, 18.5506926 ], [ 73.804029, 18.5507098 ], [ 73.8040401, 18.5507294 ], [ 73.8040404, 18.550749 ], [ 73.804036, 18.5507686 ], [ 73.804032, 18.5507823 ], [ 73.8040253, 18.5507953 ], [ 73.8039975, 18.5508069 ], [ 73.8039708, 18.5508131 ], [ 73.803936, 18.5508133 ], [ 73.8039141, 18.5508085 ], [ 73.8038922, 18.5508 ], [ 73.8038811, 18.550782 ], [ 73.8038748, 18.5507639 ], [ 73.8038764, 18.5507357 ], [ 73.8038673, 18.5506981 ], [ 73.8038425, 18.550666 ], [ 73.8038144, 18.5506432 ], [ 73.8037789, 18.5506354 ], [ 73.8037566, 18.550637 ], [ 73.8037301, 18.5506385 ] ] ] } },
{ "type": "Feature", "properties": { "osm_id": 1384582644, "name": "", "water": "pond", "natural": "water", "landuse": "", "operator": "" }, "geometry": { "type": "Polygon", "coordinates": [ [ [ 73.8495711, 18.6124827 ], [ 73.849624, 18.6125328 ], [ 73.8497003, 18.6127389 ], [ 73.850094, 18.6129783 ], [ 73.8505524, 18.6128447 ], [ 73.8507698, 18.6128224 ], [ 73.8507639, 18.6130062 ], [ 73.8507756, 18.6131899 ], [ 73.8508638, 18.6132512 ], [ 73.8508873, 18.613396 ], [ 73.850758, 18.6134071 ], [ 73.8508344, 18.6135018 ], [ 73.8509872, 18.6135296 ], [ 73.8512163, 18.6135129 ], [ 73.8512986, 18.6134238 ], [ 73.8511341, 18.6133013 ], [ 73.8512105, 18.6131454 ], [ 73.8514279, 18.6129505 ], [ 73.8516629, 18.6129004 ], [ 73.8518921, 18.6127946 ], [ 73.8520918, 18.6126999 ], [ 73.8521976, 18.6126275 ], [ 73.8524091, 18.6128113 ], [ 73.8525149, 18.6126888 ], [ 73.8525031, 18.6125551 ], [ 73.8523034, 18.6122433 ], [ 73.8521682, 18.6120818 ], [ 73.8519861, 18.6119147 ], [ 73.8517334, 18.6119314 ], [ 73.8518157, 18.6116864 ], [ 73.8517922, 18.6116029 ], [ 73.8510518, 18.6114915 ], [ 73.8505935, 18.6117031 ], [ 73.8500823, 18.6120428 ], [ 73.8497474, 18.6121709 ], [ 73.849671, 18.6122154 ], [ 73.8495711, 18.6124827 ] ] ] } },
{ "type": "Feature", "properties": { "osm_id": 1432747078, "name": "", "water": "pond", "natural": "water", "landuse": "", "operator": "" }, "geometry": { "type": "Polygon", "coordinates": [ [ [ 73.8148575, 18.5321325 ], [ 73.8149672, 18.5321426 ], [ 73.8150416, 18.5320721 ], [ 73.815123, 18.5319714 ], [ 73.81553, 18.5320889 ], [ 73.8155689, 18.5321224 ], [ 73.815576, 18.5319916 ], [ 73.8155477, 18.5318943 ], [ 73.8151407, 18.5317701 ], [ 73.8150593, 18.5318741 ], [ 73.8150805, 18.5319177 ], [ 73.814956, 18.5320288 ], [ 73.8148575, 18.5321325 ] ] ] } },
{ "type": "Feature", "properties": { "osm_id": 1432747079, "name": "", "water": "pond", "natural": "water", "landuse": "", "operator": "" }, "geometry": { "type": "Polygon", "coordinates": [ [ [ 73.8155279, 18.5314152 ], [ 73.8156217, 18.531372 ], [ 73.8156673, 18.5313186 ], [ 73.8157961, 18.5314152 ], [ 73.8158417, 18.5315093 ], [ 73.8158363, 18.531578 ], [ 73.8157585, 18.5315602 ], [ 73.815729, 18.5315958 ], [ 73.8156995, 18.5314991 ], [ 73.8156298, 18.5314813 ], [ 73.8155922, 18.5314406 ], [ 73.8155279, 18.5314152 ] ] ] } },
{ "type": "Feature", "properties": { "osm_id": 1444705972, "name": "", "water": "pond", "natural": "water", "landuse": "", "operator": "" }, "geometry": { "type": "Polygon", "coordinates": [ [ [ 73.9092248, 18.6221151 ], [ 73.9096819, 18.6222941 ], [ 73.9098198, 18.6219808 ], [ 73.9099332, 18.621911 ], [ 73.9100238, 18.6220113 ], [ 73.9101032, 18.6219737 ], [ 73.9100862, 18.6218 ], [ 73.9099558, 18.6217553 ], [ 73.9099728, 18.6215799 ], [ 73.9098916, 18.6215727 ], [ 73.9098576, 18.6215244 ], [ 73.9097141, 18.6215727 ], [ 73.9095799, 18.6214922 ], [ 73.9094704, 18.6216586 ], [ 73.9093438, 18.6217678 ], [ 73.9092248, 18.6221151 ] ] ] } },
{ "type": "Feature", "properties": { "osm_id": 1463067213, "name": "", "water": "pond", "natural": "water", "landuse": "", "operator": "" }, "geometry": { "type": "Polygon", "coordinates": [ [ [ 73.8104576, 18.6482131 ], [ 73.8106185, 18.6479183 ], [ 73.8107955, 18.6478167 ], [ 73.8109833, 18.6476795 ], [ 73.8109564, 18.6474914 ], [ 73.8108921, 18.6472881 ], [ 73.8108653, 18.6471712 ], [ 73.8108009, 18.6470289 ], [ 73.8105702, 18.6470695 ], [ 73.8102698, 18.6471102 ], [ 73.8101303, 18.6471407 ], [ 73.8100713, 18.6472068 ], [ 73.8101625, 18.6472677 ], [ 73.8102269, 18.6473338 ], [ 73.8102913, 18.6474863 ], [ 73.8103825, 18.6475829 ], [ 73.8103556, 18.6477049 ], [ 73.810302, 18.6478218 ], [ 73.8102108, 18.6479183 ], [ 73.810243, 18.6480352 ], [ 73.8104576, 18.6482131 ] ] ] } },
{ "type": "Feature", "properties": { "osm_id": 1463067214, "name": "", "water": "pond", "natural": "water", "landuse": "", "operator": "" }, "geometry": { "type": "Polygon", "coordinates": [ [ [ 73.8124797, 18.64534 ], [ 73.8122764, 18.6453246 ], [ 73.8122927, 18.6452437 ], [ 73.8122886, 18.6451821 ], [ 73.8123374, 18.6450973 ], [ 73.8123374, 18.6450241 ], [ 73.8123008, 18.6449586 ], [ 73.8121707, 18.6449124 ], [ 73.812122, 18.6450049 ], [ 73.8121545, 18.6450241 ], [ 73.8121423, 18.645105 ], [ 73.8120772, 18.6450626 ], [ 73.8120244, 18.6449972 ], [ 73.8120244, 18.644897 ], [ 73.8120528, 18.6448046 ], [ 73.8121301, 18.644689 ], [ 73.8122114, 18.6446274 ], [ 73.8122236, 18.6445311 ], [ 73.8123008, 18.6444848 ], [ 73.8123456, 18.6444964 ], [ 73.8123943, 18.6445927 ], [ 73.8125, 18.6446428 ], [ 73.8126261, 18.6446466 ], [ 73.8127155, 18.6446928 ], [ 73.8127887, 18.6449972 ], [ 73.8127358, 18.6451744 ], [ 73.8126911, 18.6452668 ], [ 73.812622, 18.6453361 ], [ 73.8125163, 18.6453631 ], [ 73.8124797, 18.64534 ] ] ] } },
{ "type": "Feature", "properties": { "osm_id": 1463067215, "name": "", "water": "pond", "natural": "water", "landuse": "", "operator": "" }, "geometry": { "type": "Polygon", "coordinates": [ [ [ 73.8129284, 18.6466874 ], [ 73.8127942, 18.6466569 ], [ 73.8129337, 18.6465705 ], [ 73.8130142, 18.6465603 ], [ 73.8131268, 18.64654 ], [ 73.8132395, 18.6466162 ], [ 73.8132824, 18.6466569 ], [ 73.8133092, 18.6467128 ], [ 73.8134165, 18.6466925 ], [ 73.8135453, 18.6467636 ], [ 73.8135989, 18.6466874 ], [ 73.8136257, 18.646601 ], [ 73.8136901, 18.6465908 ], [ 73.8136847, 18.6464892 ], [ 73.8137008, 18.6463774 ], [ 73.813674, 18.6462757 ], [ 73.8138081, 18.6461334 ], [ 73.8138081, 18.6460673 ], [ 73.8135989, 18.6460216 ], [ 73.8135667, 18.6459656 ], [ 73.8135184, 18.6458996 ], [ 73.8133897, 18.6458843 ], [ 73.8133575, 18.6460012 ], [ 73.8132824, 18.6460825 ], [ 73.8131805, 18.646174 ], [ 73.8130088, 18.6462554 ], [ 73.8129605, 18.6462604 ], [ 73.8128962, 18.6462198 ], [ 73.8127996, 18.6462045 ], [ 73.8127138, 18.6463418 ], [ 73.8126387, 18.6463824 ], [ 73.8126762, 18.6464434 ], [ 73.8126762, 18.6465298 ], [ 73.8126494, 18.6466112 ], [ 73.8126601, 18.6466976 ], [ 73.812746, 18.6467382 ], [ 73.8127996, 18.6467535 ], [ 73.8129284, 18.6466874 ] ] ] } },
{ "type": "Feature", "properties": { "osm_id": 1463068788, "name": "CME Middle Lake", "water": "lake", "natural": "water", "landuse": "", "operator": "" }, "geometry": { "type": "Polygon", "coordinates": [ [ [ 73.8399411, 18.605234 ], [ 73.8403427, 18.6051101 ], [ 73.8405015, 18.6049596 ], [ 73.8409592, 18.6050481 ], [ 73.8412394, 18.6048091 ], [ 73.8419212, 18.6048534 ], [ 73.8419679, 18.6046055 ], [ 73.8425563, 18.6043842 ], [ 73.8429299, 18.6043931 ], [ 73.8432475, 18.6042426 ], [ 73.8439947, 18.6043754 ], [ 73.8444617, 18.6046144 ], [ 73.8445644, 18.6047029 ], [ 73.8447138, 18.6045081 ], [ 73.8450688, 18.6048445 ], [ 73.8452462, 18.6050658 ], [ 73.845461, 18.6054199 ], [ 73.8456105, 18.6055792 ], [ 73.8457973, 18.6054907 ], [ 73.8455825, 18.6053225 ], [ 73.8455264, 18.6051543 ], [ 73.8454984, 18.6050038 ], [ 73.8457226, 18.6049773 ], [ 73.8458813, 18.6050924 ], [ 73.8460588, 18.6051366 ], [ 73.8464978, 18.6049773 ], [ 73.8465165, 18.6045081 ], [ 73.8465632, 18.6042957 ], [ 73.8465071, 18.6041452 ], [ 73.8465165, 18.6040124 ], [ 73.8464231, 18.6038354 ], [ 73.8462082, 18.6038265 ], [ 73.8461522, 18.6037115 ], [ 73.8459934, 18.6036849 ], [ 73.8458253, 18.6036141 ], [ 73.8456852, 18.603499 ], [ 73.845461, 18.6034725 ], [ 73.8450221, 18.6035079 ], [ 73.8449006, 18.6035698 ], [ 73.8447138, 18.6033662 ], [ 73.8444803, 18.6033397 ], [ 73.8442749, 18.6032777 ], [ 73.8439666, 18.6031007 ], [ 73.844032, 18.6028263 ], [ 73.8427992, 18.601826 ], [ 73.842631, 18.6015162 ], [ 73.8420146, 18.6015073 ], [ 73.8413701, 18.6015604 ], [ 73.8410806, 18.601826 ], [ 73.8407537, 18.6022509 ], [ 73.8404081, 18.6029856 ], [ 73.8401559, 18.6037823 ], [ 73.8399691, 18.6044816 ], [ 73.8398571, 18.604818 ], [ 73.8399411, 18.605234 ] ] ] } },
{ "type": "Feature", "properties": { "osm_id": 1463068789, "name": "", "water": "pond", "natural": "water", "landuse": "", "operator": "" }, "geometry": { "type": "Polygon", "coordinates": [ [ [ 73.8398093, 18.6026454 ], [ 73.8398339, 18.6027506 ], [ 73.8400311, 18.6027097 ], [ 73.8401543, 18.6025462 ], [ 73.8402468, 18.6025462 ], [ 73.8403084, 18.6023768 ], [ 73.8402591, 18.6022133 ], [ 73.840598, 18.6019446 ], [ 73.8408199, 18.6017986 ], [ 73.8409246, 18.6016468 ], [ 73.8407213, 18.601565 ], [ 73.8406843, 18.6014657 ], [ 73.8404686, 18.6014657 ], [ 73.8403515, 18.6013548 ], [ 73.8401112, 18.6013723 ], [ 73.8398462, 18.6014424 ], [ 73.8396737, 18.601676 ], [ 73.8395505, 18.6019621 ], [ 73.8395751, 18.6020906 ], [ 73.8395936, 18.6022425 ], [ 73.8397045, 18.6023768 ], [ 73.839723, 18.6024702 ], [ 73.8395998, 18.6025637 ], [ 73.8396737, 18.6027331 ], [ 73.8398093, 18.6026454 ] ] ] } },
{ "type": "Feature", "properties": { "osm_id": 1487169459, "name": "FLAME Koond", "water": "pond", "natural": "water", "landuse": "", "operator": "" }, "geometry": { "type": "Polygon", "coordinates": [ [ [ 73.7312974, 18.5234937 ], [ 73.7315737, 18.523687 ], [ 73.7316997, 18.5235089 ], [ 73.7314074, 18.5233258 ], [ 73.7312974, 18.5234937 ] ] ] } },
{ "type": "Feature", "properties": { "osm_id": 1492226462, "name": "", "water": "wastewater", "natural": "water", "landuse": "", "operator": "" }, "geometry": { "type": "Polygon", "coordinates": [ [ [ 73.7911347, 18.5649432 ], [ 73.7911121, 18.5648754 ], [ 73.7910675, 18.5648182 ], [ 73.7910058, 18.5647778 ], [ 73.7909336, 18.5647586 ], [ 73.7908587, 18.5647626 ], [ 73.7907892, 18.5647895 ], [ 73.7907327, 18.5648363 ], [ 73.7906953, 18.564898 ], [ 73.790681, 18.5649679 ], [ 73.7906914, 18.5650384 ], [ 73.7907255, 18.5651019 ], [ 73.7907794, 18.5651514 ], [ 73.7908474, 18.5651817 ], [ 73.7909221, 18.5651893 ], [ 73.7909953, 18.5651735 ], [ 73.7910592, 18.5651361 ], [ 73.7911068, 18.565081 ], [ 73.7911329, 18.5650143 ], [ 73.7911347, 18.5649432 ] ] ] } },
{ "type": "Feature", "properties": { "osm_id": 1492226463, "name": "", "water": "wastewater", "natural": "water", "landuse": "", "operator": "" }, "geometry": { "type": "Polygon", "coordinates": [ [ [ 73.7904513, 18.5647514 ], [ 73.7904412, 18.5647011 ], [ 73.7904143, 18.5646567 ], [ 73.7903738, 18.564623 ], [ 73.7903238, 18.5646036 ], [ 73.7902699, 18.5646006 ], [ 73.7902179, 18.5646144 ], [ 73.7901735, 18.5646434 ], [ 73.7901414, 18.5646845 ], [ 73.7901252, 18.5647333 ], [ 73.7901265, 18.5647844 ], [ 73.7901453, 18.5648323 ], [ 73.7901794, 18.5648719 ], [ 73.7902252, 18.5648988 ], [ 73.7902778, 18.5649101 ], [ 73.7903314, 18.5649047 ], [ 73.7903803, 18.5648831 ], [ 73.7904191, 18.5648476 ], [ 73.7904437, 18.5648021 ], [ 73.7904513, 18.5647514 ] ] ] } },
{ "type": "Feature", "properties": { "osm_id": 1492226465, "name": "", "water": "wastewater", "natural": "water", "landuse": "", "operator": "" }, "geometry": { "type": "Polygon", "coordinates": [ [ [ 73.790497, 18.5652398 ], [ 73.790683, 18.5652027 ], [ 73.7907759, 18.5656211 ], [ 73.7905899, 18.5656582 ], [ 73.790497, 18.5652398 ] ] ] } },
{ "type": "Feature", "properties": { "osm_id": 1492226466, "name": "", "water": "wastewater", "natural": "water", "landuse": "", "operator": "" }, "geometry": { "type": "Polygon", "coordinates": [ [ [ 73.7905775, 18.5649862 ], [ 73.7905812, 18.5649695 ], [ 73.790579, 18.5649527 ], [ 73.7905712, 18.5649374 ], [ 73.7905586, 18.5649253 ], [ 73.7905425, 18.5649177 ], [ 73.7905248, 18.5649155 ], [ 73.7905072, 18.5649189 ], [ 73.7904917, 18.5649274 ], [ 73.7904799, 18.5649404 ], [ 73.7904732, 18.5649563 ], [ 73.7904723, 18.5649734 ], [ 73.7904774, 18.5649898 ], [ 73.7904878, 18.5650038 ], [ 73.7905025, 18.5650138 ], [ 73.7905198, 18.5650187 ], [ 73.7905378, 18.565018 ], [ 73.7905546, 18.5650118 ], [ 73.7905683, 18.5650008 ], [ 73.7905775, 18.5649862 ] ] ] } },
{ "type": "Feature", "properties": { "osm_id": 1492226477, "name": "", "water": "wastewater", "natural": "water", "landuse": "", "operator": "" }, "geometry": { "type": "Polygon", "coordinates": [ [ [ 73.7908245, 18.5659637 ], [ 73.7908367, 18.5659419 ], [ 73.7908409, 18.5659175 ], [ 73.7908365, 18.5658932 ], [ 73.7908241, 18.5658715 ], [ 73.790805, 18.5658548 ], [ 73.7907811, 18.5658448 ], [ 73.7907552, 18.5658427 ], [ 73.7907299, 18.5658487 ], [ 73.7907078, 18.5658622 ], [ 73.7906916, 18.5658818 ], [ 73.7906831, 18.5659054 ], [ 73.7906831, 18.5659303 ], [ 73.7906917, 18.5659539 ], [ 73.7907079, 18.5659735 ], [ 73.79073, 18.565987 ], [ 73.7907556, 18.565993 ], [ 73.7907817, 18.5659907 ], [ 73.7908055, 18.5659805 ], [ 73.7908245, 18.5659637 ] ] ] } },
{ "type": "Feature", "properties": { "osm_id": 1492226478, "name": "", "water": "wastewater", "natural": "water", "landuse": "", "operator": "" }, "geometry": { "type": "Polygon", "coordinates": [ [ [ 73.7908705, 18.5661376 ], [ 73.7908828, 18.5661159 ], [ 73.7908869, 18.5660915 ], [ 73.7908826, 18.5660672 ], [ 73.7908701, 18.5660455 ], [ 73.790851, 18.5660288 ], [ 73.7908272, 18.5660188 ], [ 73.7908012, 18.5660167 ], [ 73.7907759, 18.5660226 ], [ 73.7907539, 18.5660362 ], [ 73.7907376, 18.5660558 ], [ 73.7907291, 18.5660794 ], [ 73.7907291, 18.5661043 ], [ 73.7907377, 18.5661279 ], [ 73.7907539, 18.5661475 ], [ 73.790776, 18.566161 ], [ 73.7908016, 18.5661669 ], [ 73.7908278, 18.5661646 ], [ 73.7908515, 18.5661545 ], [ 73.7908705, 18.5661376 ] ] ] } },
{ "type": "Feature", "properties": { "osm_id": 1514375165, "name": "", "water": "fishpond", "natural": "water", "landuse": "", "operator": "" }, "geometry": { "type": "Polygon", "coordinates": [ [ [ 73.9483457, 18.5436798 ], [ 73.9483181, 18.543691 ], [ 73.948297, 18.5437033 ], [ 73.9482729, 18.5437051 ], [ 73.9482525, 18.5436953 ], [ 73.948225, 18.5436672 ], [ 73.9482218, 18.5436432 ], [ 73.9482253, 18.5436176 ], [ 73.9482367, 18.5435986 ], [ 73.9482603, 18.5435906 ], [ 73.948285, 18.5435855 ], [ 73.9483098, 18.5435923 ], [ 73.9483216, 18.543612 ], [ 73.9483373, 18.5436424 ], [ 73.9483515, 18.5436497 ], [ 73.9483849, 18.5436525 ], [ 73.9484149, 18.543653 ], [ 73.9484268, 18.5436349 ], [ 73.9484325, 18.5436138 ], [ 73.9484427, 18.5436028 ], [ 73.948457, 18.5436085 ], [ 73.9484783, 18.5436084 ], [ 73.9485022, 18.5435961 ], [ 73.9485268, 18.5435938 ], [ 73.9485309, 18.5435834 ], [ 73.948556, 18.5435898 ], [ 73.9485714, 18.5435883 ], [ 73.948604, 18.5435814 ], [ 73.948621, 18.5435899 ], [ 73.9486417, 18.5435994 ], [ 73.9486785, 18.543599 ], [ 73.9486996, 18.5435944 ], [ 73.9487165, 18.5436005 ], [ 73.948741, 18.5436187 ], [ 73.9487612, 18.5436207 ], [ 73.9487831, 18.543601 ], [ 73.9487841, 18.5435848 ], [ 73.9487896, 18.543575 ], [ 73.9488099, 18.5435883 ], [ 73.9488271, 18.5436016 ], [ 73.9488567, 18.5436098 ], [ 73.948887, 18.5436105 ], [ 73.948906, 18.5436114 ], [ 73.9488963, 18.5436309 ], [ 73.94889, 18.5436482 ], [ 73.9488706, 18.5436677 ], [ 73.9488533, 18.5436723 ], [ 73.9488254, 18.543664 ], [ 73.9488058, 18.5436472 ], [ 73.9487872, 18.5436487 ], [ 73.9487726, 18.5436569 ], [ 73.9487585, 18.5436666 ], [ 73.9487344, 18.5436648 ], [ 73.9487232, 18.5436533 ], [ 73.9487038, 18.5436401 ], [ 73.9486888, 18.5436342 ], [ 73.9486653, 18.543634 ], [ 73.9486476, 18.5436359 ], [ 73.9486338, 18.5436394 ], [ 73.948616, 18.5436305 ], [ 73.9485871, 18.5436264 ], [ 73.9485603, 18.5436264 ], [ 73.9485429, 18.5436244 ], [ 73.9485225, 18.5436197 ], [ 73.9484894, 18.5436284 ], [ 73.9484728, 18.5436411 ], [ 73.9484586, 18.5436607 ], [ 73.9484452, 18.5436817 ], [ 73.9484336, 18.5436908 ], [ 73.9484204, 18.5437003 ], [ 73.9483912, 18.5436954 ], [ 73.9483698, 18.5436875 ], [ 73.9483544, 18.5436838 ], [ 73.9483457, 18.5436798 ] ] ] } },
{ "type": "Feature", "properties": { "osm_id": 1514451848, "name": "", "water": "pond", "natural": "water", "landuse": "", "operator": "" }, "geometry": { "type": "Polygon", "coordinates": [ [ [ 73.8297726, 18.55038 ], [ 73.830034, 18.5503882 ], [ 73.8300423, 18.5501517 ], [ 73.8297809, 18.5501434 ], [ 73.8297726, 18.55038 ] ] ] } },
{ "type": "Feature", "properties": { "osm_id": 1525213613, "name": "", "water": "pond", "natural": "water", "landuse": "", "operator": "" }, "geometry": { "type": "Polygon", "coordinates": [ [ [ 73.7469788, 18.5637598 ], [ 73.7472424, 18.5638561 ], [ 73.747504, 18.5640467 ], [ 73.7475607, 18.5642837 ], [ 73.7475001, 18.5645836 ], [ 73.7473049, 18.5647502 ], [ 73.7471115, 18.5647502 ], [ 73.7471096, 18.5644836 ], [ 73.7471525, 18.5642911 ], [ 73.7472014, 18.5642318 ], [ 73.7471779, 18.5641115 ], [ 73.7470686, 18.5640023 ], [ 73.7469592, 18.563845 ], [ 73.7469788, 18.5637598 ] ] ] } },
{ "type": "Feature", "properties": { "osm_id": 1528125539, "name": "", "water": "", "natural": "water", "landuse": "", "operator": "" }, "geometry": { "type": "Polygon", "coordinates": [ [ [ 73.7419521, 18.5282045 ], [ 73.7419074, 18.5282366 ], [ 73.7418855, 18.5282911 ], [ 73.7418606, 18.528329 ], [ 73.7418366, 18.5283397 ], [ 73.7418052, 18.5283228 ], [ 73.7418049, 18.5282882 ], [ 73.7418336, 18.5282528 ], [ 73.741837, 18.5281967 ], [ 73.7418291, 18.5281423 ], [ 73.7418209, 18.5280697 ], [ 73.7418247, 18.5280155 ], [ 73.7418538, 18.5279474 ], [ 73.7418421, 18.5278797 ], [ 73.7418278, 18.5278336 ], [ 73.7418082, 18.5277905 ], [ 73.7418028, 18.5277377 ], [ 73.7418376, 18.5276913 ], [ 73.7419203, 18.5276628 ], [ 73.7420498, 18.5276821 ], [ 73.7420997, 18.5277203 ], [ 73.7421195, 18.5277784 ], [ 73.742138, 18.5278734 ], [ 73.7421571, 18.5279522 ], [ 73.7421513, 18.5280261 ], [ 73.7421069, 18.5280993 ], [ 73.7420573, 18.5281369 ], [ 73.7420047, 18.5281635 ], [ 73.7419521, 18.5282045 ] ] ] } },
{ "type": "Feature", "properties": { "osm_id": 1528125567, "name": "", "water": "", "natural": "water", "landuse": "", "operator": "" }, "geometry": { "type": "Polygon", "coordinates": [ [ [ 73.738107, 18.5280092 ], [ 73.7380239, 18.5280355 ], [ 73.7379524, 18.5280566 ], [ 73.7379045, 18.5280339 ], [ 73.7378788, 18.5279943 ], [ 73.7379003, 18.5279519 ], [ 73.7379644, 18.5279061 ], [ 73.7380351, 18.5278602 ], [ 73.7380826, 18.5277716 ], [ 73.7380913, 18.5276881 ], [ 73.7380418, 18.5275707 ], [ 73.7379769, 18.5275165 ], [ 73.7379463, 18.5274554 ], [ 73.737976, 18.5274083 ], [ 73.7380504, 18.527406 ], [ 73.7381762, 18.5274694 ], [ 73.7382865, 18.5275211 ], [ 73.7383842, 18.5275407 ], [ 73.7384623, 18.5275685 ], [ 73.7385124, 18.527623 ], [ 73.7385078, 18.5276932 ], [ 73.7384665, 18.527745 ], [ 73.7384074, 18.5277967 ], [ 73.7383935, 18.527847 ], [ 73.7383447, 18.5279113 ], [ 73.7382835, 18.5279701 ], [ 73.7382302, 18.5280144 ], [ 73.7381761, 18.5280035 ], [ 73.738107, 18.5280092 ] ] ] } },
{ "type": "Feature", "properties": { "osm_id": 1528125574, "name": "", "water": "", "natural": "water", "landuse": "", "operator": "" }, "geometry": { "type": "Polygon", "coordinates": [ [ [ 73.7393537, 18.5277146 ], [ 73.7392951, 18.5276546 ], [ 73.739277, 18.527595 ], [ 73.7392951, 18.5275431 ], [ 73.7393433, 18.5275153 ], [ 73.73945, 18.5274813 ], [ 73.7395626, 18.5275063 ], [ 73.7396328, 18.5274928 ], [ 73.7397364, 18.5274496 ], [ 73.7398314, 18.5274175 ], [ 73.7398907, 18.5273784 ], [ 73.7399586, 18.527389 ], [ 73.7399801, 18.527442 ], [ 73.7399393, 18.5275294 ], [ 73.7398726, 18.5276032 ], [ 73.739799, 18.5275959 ], [ 73.7397092, 18.5275889 ], [ 73.7396048, 18.5276278 ], [ 73.7395323, 18.527679 ], [ 73.7394252, 18.5277148 ], [ 73.7393537, 18.5277146 ] ] ] } },
{ "type": "Feature", "properties": { "osm_id": 1528125638, "name": "", "water": "", "natural": "water", "landuse": "", "operator": "" }, "geometry": { "type": "Polygon", "coordinates": [ [ [ 73.7402174, 18.5275076 ], [ 73.7401516, 18.5274455 ], [ 73.7401588, 18.5273907 ], [ 73.7402075, 18.527336 ], [ 73.7402828, 18.5273159 ], [ 73.7403803, 18.5273112 ], [ 73.7405064, 18.5272843 ], [ 73.7405619, 18.5273395 ], [ 73.7405736, 18.5274054 ], [ 73.7405416, 18.5275069 ], [ 73.7405082, 18.5275582 ], [ 73.7404315, 18.5275633 ], [ 73.7403085, 18.5275507 ], [ 73.7402174, 18.5275076 ] ] ] } },
{ "type": "Feature", "properties": { "osm_id": 1528125709, "name": "", "water": "", "natural": "water", "landuse": "", "operator": "" }, "geometry": { "type": "Polygon", "coordinates": [ [ [ 73.7388371, 18.5261154 ], [ 73.7389569, 18.5259838 ], [ 73.7390236, 18.5258849 ], [ 73.7390961, 18.5258201 ], [ 73.7392735, 18.5257876 ], [ 73.7393896, 18.5257432 ], [ 73.739453, 18.5257881 ], [ 73.7394739, 18.5259299 ], [ 73.739503, 18.5260466 ], [ 73.7395552, 18.5261506 ], [ 73.7395574, 18.5262465 ], [ 73.7394402, 18.5262755 ], [ 73.7392505, 18.5262424 ], [ 73.7389673, 18.5261792 ], [ 73.7388371, 18.5261154 ] ] ] } },
{ "type": "Feature", "properties": { "osm_id": 1532293786, "name": "", "water": "wastewater", "natural": "water", "landuse": "", "operator": "" }, "geometry": { "type": "Polygon", "coordinates": [ [ [ 73.868542, 18.5325172 ], [ 73.8685258, 18.5324777 ], [ 73.8685017, 18.532442 ], [ 73.8684708, 18.5324114 ], [ 73.8684341, 18.5323871 ], [ 73.8683932, 18.5323701 ], [ 73.8683495, 18.532361 ], [ 73.8683048, 18.5323601 ], [ 73.8682607, 18.5323676 ], [ 73.8682191, 18.532383 ], [ 73.8681814, 18.5324059 ], [ 73.8681492, 18.5324353 ], [ 73.8681237, 18.5324701 ], [ 73.8681058, 18.532509 ], [ 73.8680963, 18.5325503 ], [ 73.8680955, 18.5325926 ], [ 73.8681033, 18.5326343 ], [ 73.8681196, 18.5326737 ], [ 73.8681437, 18.5327093 ], [ 73.8681746, 18.5327398 ], [ 73.8682112, 18.532764 ], [ 73.8682521, 18.5327809 ], [ 73.8682957, 18.53279 ], [ 73.8683403, 18.5327909 ], [ 73.8683842, 18.5327835 ], [ 73.8684258, 18.5327681 ], [ 73.8684634, 18.5327454 ], [ 73.8684956, 18.5327161 ], [ 73.8685212, 18.5326814 ], [ 73.8685392, 18.5326427 ], [ 73.8685488, 18.5326014 ], [ 73.8685498, 18.532559 ], [ 73.868542, 18.5325172 ] ] ] } },
{ "type": "Feature", "properties": { "osm_id": 1532293787, "name": "", "water": "wastewater", "natural": "water", "landuse": "", "operator": "" }, "geometry": { "type": "Polygon", "coordinates": [ [ [ 73.8690505, 18.5325798 ], [ 73.8690343, 18.5325403 ], [ 73.8690102, 18.5325046 ], [ 73.8689792, 18.532474 ], [ 73.8689426, 18.5324497 ], [ 73.8689016, 18.5324327 ], [ 73.8688579, 18.5324236 ], [ 73.8688132, 18.5324227 ], [ 73.8687692, 18.5324302 ], [ 73.8687276, 18.5324456 ], [ 73.8686899, 18.5324685 ], [ 73.8686577, 18.5324979 ], [ 73.8686321, 18.5325327 ], [ 73.8686143, 18.5325716 ], [ 73.8686048, 18.5326129 ], [ 73.8686039, 18.5326552 ], [ 73.8686118, 18.5326969 ], [ 73.8686281, 18.5327363 ], [ 73.8686522, 18.5327719 ], [ 73.8686831, 18.5328024 ], [ 73.8687197, 18.5328266 ], [ 73.8687606, 18.5328435 ], [ 73.8688041, 18.5328526 ], [ 73.8688488, 18.5328535 ], [ 73.8688927, 18.5328461 ], [ 73.8689343, 18.5328307 ], [ 73.8689719, 18.5328079 ], [ 73.8690041, 18.5327787 ], [ 73.8690297, 18.532744 ], [ 73.8690476, 18.5327053 ], [ 73.8690573, 18.532664 ], [ 73.8690583, 18.5326216 ], [ 73.8690505, 18.5325798 ] ] ] } },
{ "type": "Feature", "properties": { "osm_id": 1532293788, "name": "", "water": "wastewater", "natural": "water", "landuse": "", "operator": "" }, "geometry": { "type": "Polygon", "coordinates": [ [ [ 73.8689908, 18.5330571 ], [ 73.8689746, 18.5330176 ], [ 73.8689505, 18.5329818 ], [ 73.8689196, 18.5329512 ], [ 73.8688829, 18.5329269 ], [ 73.8688419, 18.5329099 ], [ 73.8687983, 18.5329008 ], [ 73.8687536, 18.5329 ], [ 73.8687095, 18.5329074 ], [ 73.8686679, 18.5329229 ], [ 73.8686302, 18.5329458 ], [ 73.868598, 18.5329752 ], [ 73.8685725, 18.53301 ], [ 73.8685546, 18.5330488 ], [ 73.8685451, 18.5330902 ], [ 73.8685443, 18.5331325 ], [ 73.8685521, 18.5331741 ], [ 73.8685684, 18.5332135 ], [ 73.8685925, 18.5332491 ], [ 73.8686234, 18.5332796 ], [ 73.86866, 18.5333038 ], [ 73.8687009, 18.5333208 ], [ 73.8687445, 18.5333299 ], [ 73.8687891, 18.5333307 ], [ 73.868833, 18.5333233 ], [ 73.8688746, 18.533308 ], [ 73.8689122, 18.5332852 ], [ 73.8689444, 18.5332559 ], [ 73.86897, 18.5332213 ], [ 73.868988, 18.5331825 ], [ 73.8689976, 18.5331412 ], [ 73.8689986, 18.5330988 ], [ 73.8689908, 18.5330571 ] ] ] } },
{ "type": "Feature", "properties": { "osm_id": 1532293789, "name": "", "water": "wastewater", "natural": "water", "landuse": "", "operator": "" }, "geometry": { "type": "Polygon", "coordinates": [ [ [ 73.8684936, 18.5330092 ], [ 73.8684773, 18.5329697 ], [ 73.8684533, 18.532934 ], [ 73.8684223, 18.5329033 ], [ 73.8683857, 18.5328791 ], [ 73.8683447, 18.532862 ], [ 73.868301, 18.5328529 ], [ 73.8682563, 18.5328521 ], [ 73.8682123, 18.5328595 ], [ 73.8681706, 18.532875 ], [ 73.868133, 18.5328979 ], [ 73.8681008, 18.5329273 ], [ 73.8680752, 18.5329621 ], [ 73.8680574, 18.533001 ], [ 73.8680479, 18.5330423 ], [ 73.868047, 18.5330846 ], [ 73.8680549, 18.5331263 ], [ 73.8680712, 18.5331656 ], [ 73.8680953, 18.5332013 ], [ 73.8681262, 18.5332318 ], [ 73.8681628, 18.5332559 ], [ 73.8682037, 18.5332729 ], [ 73.8682472, 18.533282 ], [ 73.8682918, 18.5332829 ], [ 73.8683358, 18.5332755 ], [ 73.8683774, 18.5332601 ], [ 73.868415, 18.5332373 ], [ 73.8684472, 18.5332081 ], [ 73.8684728, 18.5331734 ], [ 73.8684907, 18.5331347 ], [ 73.8685004, 18.5330934 ], [ 73.8685014, 18.533051 ], [ 73.8684936, 18.5330092 ] ] ] } },
{ "type": "Feature", "properties": { "osm_id": 1532293790, "name": "", "water": "wastewater", "natural": "water", "landuse": "", "operator": "" }, "geometry": { "type": "Polygon", "coordinates": [ [ [ 73.8693822, 18.5332195 ], [ 73.8693634, 18.5331883 ], [ 73.8693376, 18.533162 ], [ 73.8693061, 18.5331421 ], [ 73.8692706, 18.5331296 ], [ 73.869233, 18.5331251 ], [ 73.8691953, 18.5331289 ], [ 73.8691596, 18.5331409 ], [ 73.8691277, 18.5331603 ], [ 73.8691013, 18.5331861 ], [ 73.869082, 18.5332169 ], [ 73.8690706, 18.5332512 ], [ 73.8690677, 18.5332849 ], [ 73.8690726, 18.5333184 ], [ 73.869085, 18.5333501 ], [ 73.8691043, 18.5333785 ], [ 73.8691297, 18.5334023 ], [ 73.8691599, 18.5334203 ], [ 73.8691935, 18.5334316 ], [ 73.8692289, 18.5334358 ], [ 73.8692644, 18.5334327 ], [ 73.8692984, 18.5334223 ], [ 73.8693292, 18.5334052 ], [ 73.8693553, 18.5333823 ], [ 73.8693756, 18.5333544 ], [ 73.8693891, 18.5333231 ], [ 73.8693951, 18.5332898 ], [ 73.869393, 18.5332539 ], [ 73.8693822, 18.5332195 ] ] ] } },
{ "type": "Feature", "properties": { "osm_id": 1532293791, "name": "", "water": "wastewater", "natural": "water", "landuse": "", "operator": "" }, "geometry": { "type": "Polygon", "coordinates": [ [ [ 73.8694266, 18.5328896 ], [ 73.8694078, 18.5328584 ], [ 73.869382, 18.5328322 ], [ 73.8693505, 18.5328123 ], [ 73.869315, 18.5327997 ], [ 73.8692774, 18.5327952 ], [ 73.8692397, 18.5327991 ], [ 73.869204, 18.532811 ], [ 73.8691721, 18.5328304 ], [ 73.8691457, 18.5328562 ], [ 73.8691263, 18.5328871 ], [ 73.869115, 18.5329213 ], [ 73.8691121, 18.532955 ], [ 73.869117, 18.5329885 ], [ 73.8691294, 18.5330202 ], [ 73.8691487, 18.5330486 ], [ 73.8691741, 18.5330724 ], [ 73.8692043, 18.5330904 ], [ 73.8692379, 18.5331018 ], [ 73.8692733, 18.533106 ], [ 73.8693088, 18.5331028 ], [ 73.8693428, 18.5330925 ], [ 73.8693736, 18.5330754 ], [ 73.8693997, 18.5330524 ], [ 73.86942, 18.5330246 ], [ 73.8694335, 18.5329933 ], [ 73.8694395, 18.5329599 ], [ 73.8694374, 18.5329241 ], [ 73.8694266, 18.5328896 ] ] ] } },
{ "type": "Feature", "properties": { "osm_id": 1532293792, "name": "", "water": "wastewater", "natural": "water", "landuse": "", "operator": "" }, "geometry": { "type": "Polygon", "coordinates": [ [ [ 73.8700401, 18.5328998 ], [ 73.8700213, 18.5328686 ], [ 73.8699955, 18.5328423 ], [ 73.869964, 18.5328224 ], [ 73.8699285, 18.5328099 ], [ 73.8698909, 18.5328054 ], [ 73.8698532, 18.5328092 ], [ 73.8698175, 18.5328212 ], [ 73.8697856, 18.5328406 ], [ 73.8697592, 18.5328664 ], [ 73.8697399, 18.5328972 ], [ 73.8697285, 18.5329315 ], [ 73.8697256, 18.5329652 ], [ 73.8697305, 18.5329987 ], [ 73.8697429, 18.5330304 ], [ 73.8697623, 18.5330588 ], [ 73.8697876, 18.5330826 ], [ 73.8698178, 18.5331006 ], [ 73.8698514, 18.5331119 ], [ 73.8698868, 18.5331161 ], [ 73.8699223, 18.533113 ], [ 73.8699563, 18.5331026 ], [ 73.8699871, 18.5330855 ], [ 73.8700132, 18.5330626 ], [ 73.8700335, 18.5330347 ], [ 73.870047, 18.5330034 ], [ 73.870053, 18.5329701 ], [ 73.8700509, 18.5329342 ], [ 73.8700401, 18.5328998 ] ] ] } },
{ "type": "Feature", "properties": { "osm_id": 1532293793, "name": "", "water": "wastewater", "natural": "water", "landuse": "", "operator": "" }, "geometry": { "type": "Polygon", "coordinates": [ [ [ 73.8699407, 18.5334394 ], [ 73.8699219, 18.5334082 ], [ 73.869896, 18.533382 ], [ 73.8698645, 18.533362 ], [ 73.869829, 18.5333495 ], [ 73.8697914, 18.533345 ], [ 73.8697538, 18.5333489 ], [ 73.869718, 18.5333608 ], [ 73.8696861, 18.5333802 ], [ 73.8696598, 18.533406 ], [ 73.8696404, 18.5334369 ], [ 73.869629, 18.5334711 ], [ 73.8696261, 18.5335048 ], [ 73.869631, 18.5335383 ], [ 73.8696435, 18.53357 ], [ 73.8696628, 18.5335984 ], [ 73.8696882, 18.5336222 ], [ 73.8697184, 18.5336402 ], [ 73.869752, 18.5336516 ], [ 73.8697874, 18.5336558 ], [ 73.8698229, 18.5336526 ], [ 73.8698568, 18.5336423 ], [ 73.8698876, 18.5336252 ], [ 73.8699138, 18.5336022 ], [ 73.8699341, 18.5335744 ], [ 73.8699475, 18.5335431 ], [ 73.8699535, 18.5335097 ], [ 73.8699514, 18.5334739 ], [ 73.8699407, 18.5334394 ] ] ] } },
{ "type": "Feature", "properties": { "osm_id": 1532726226, "name": "", "water": "reservoir", "natural": "water", "landuse": "", "operator": "" }, "geometry": { "type": "Polygon", "coordinates": [ [ [ 73.7546467, 18.6105944 ], [ 73.7554064, 18.6105035 ], [ 73.7554685, 18.6109699 ], [ 73.7547088, 18.6110606 ], [ 73.7546467, 18.6105944 ] ] ] } },
{ "type": "Feature", "properties": { "osm_id": 1533713751, "name": "", "water": "pond", "natural": "water", "landuse": "", "operator": "" }, "geometry": { "type": "Polygon", "coordinates": [ [ [ 73.8827936, 18.5907116 ], [ 73.8829781, 18.5905713 ], [ 73.88386, 18.5902113 ], [ 73.8841218, 18.5902418 ], [ 73.8842656, 18.590372 ], [ 73.8843192, 18.5904716 ], [ 73.88436, 18.5905774 ], [ 73.8843342, 18.5906201 ], [ 73.8841175, 18.5906811 ], [ 73.8840317, 18.5907502 ], [ 73.8840167, 18.5908214 ], [ 73.8839351, 18.5908824 ], [ 73.8838536, 18.5909251 ], [ 73.8837398, 18.5909333 ], [ 73.8837034, 18.590919 ], [ 73.8836283, 18.5909435 ], [ 73.8835467, 18.5910126 ], [ 73.8834781, 18.5911041 ], [ 73.8834866, 18.5912811 ], [ 73.8838321, 18.5914438 ], [ 73.8839373, 18.5914865 ], [ 73.8840274, 18.5916207 ], [ 73.8840703, 18.5916919 ], [ 73.8840016, 18.5919217 ], [ 73.8839458, 18.5919502 ], [ 73.8838943, 18.5919441 ], [ 73.8838257, 18.5919075 ], [ 73.8838171, 18.5918485 ], [ 73.8838214, 18.5917631 ], [ 73.8838386, 18.5917102 ], [ 73.8837999, 18.5916817 ], [ 73.8836733, 18.5916471 ], [ 73.8833965, 18.5915088 ], [ 73.8833236, 18.5913563 ], [ 73.8832549, 18.5913156 ], [ 73.8831412, 18.5913746 ], [ 73.8830725, 18.5914336 ], [ 73.8830275, 18.5914621 ], [ 73.8829566, 18.5914844 ], [ 73.8828815, 18.5914072 ], [ 73.8828204, 18.5910594 ], [ 73.8827936, 18.5907116 ] ] ] } },
{ "type": "Feature", "properties": { "osm_id": 1533713800, "name": "", "water": "pond", "natural": "water", "landuse": "", "operator": "" }, "geometry": { "type": "Polygon", "coordinates": [ [ [ 73.8762516, 18.59998 ], [ 73.8764004, 18.5996415 ], [ 73.8769196, 18.5995287 ], [ 73.8773991, 18.5994879 ], [ 73.8774718, 18.5997857 ], [ 73.8773329, 18.6000427 ], [ 73.8775776, 18.6001806 ], [ 73.8777099, 18.6002245 ], [ 73.8777, 18.6004188 ], [ 73.877452, 18.6007573 ], [ 73.8772833, 18.6009798 ], [ 73.8769196, 18.6010582 ], [ 73.8766517, 18.6009798 ], [ 73.8765657, 18.6007291 ], [ 73.8762946, 18.6003812 ], [ 73.8762516, 18.59998 ] ] ] } },
{ "type": "Feature", "properties": { "osm_id": 1533713801, "name": "", "water": "pond", "natural": "water", "landuse": "", "operator": "" }, "geometry": { "type": "Polygon", "coordinates": [ [ [ 73.8735362, 18.6114374 ], [ 73.8741714, 18.6115494 ], [ 73.8740701, 18.6119634 ], [ 73.8740089, 18.6120674 ], [ 73.8739941, 18.6123034 ], [ 73.8738169, 18.6124814 ], [ 73.8735847, 18.6123814 ], [ 73.8735362, 18.6122654 ], [ 73.8735256, 18.6121894 ], [ 73.8734138, 18.6120874 ], [ 73.8733674, 18.6119834 ], [ 73.8733842, 18.6117794 ], [ 73.8735362, 18.6114374 ] ] ] } },
{ "type": "Feature", "properties": { "osm_id": 1533713810, "name": "", "water": "pond", "natural": "water", "landuse": "", "operator": "" }, "geometry": { "type": "Polygon", "coordinates": [ [ [ 73.8790579, 18.6071071 ], [ 73.8797787, 18.60706 ], [ 73.8805115, 18.6071157 ], [ 73.8804949, 18.6076804 ], [ 73.8804182, 18.6082394 ], [ 73.8798193, 18.6083464 ], [ 73.8792204, 18.6084533 ], [ 73.8789586, 18.6080055 ], [ 73.8789616, 18.6074265 ], [ 73.8790579, 18.6071071 ] ] ] } },
{ "type": "Feature", "properties": { "osm_id": 1533713811, "name": "", "water": "pond", "natural": "water", "landuse": "", "operator": "" }, "geometry": { "type": "Polygon", "coordinates": [ [ [ 73.887232, 18.6027844 ], [ 73.8873213, 18.6026957 ], [ 73.8875979, 18.6026195 ], [ 73.8876871, 18.6028267 ], [ 73.8876403, 18.6030868 ], [ 73.8874261, 18.6032052 ], [ 73.887212, 18.6032496 ], [ 73.8871651, 18.6031058 ], [ 73.887232, 18.6027844 ] ] ] } },
{ "type": "Feature", "properties": { "osm_id": 1533713812, "name": "", "water": "pond", "natural": "water", "landuse": "", "operator": "" }, "geometry": { "type": "Polygon", "coordinates": [ [ [ 73.8874918, 18.5998479 ], [ 73.888205, 18.5996397 ], [ 73.8886956, 18.5999392 ], [ 73.8887889, 18.600253 ], [ 73.8886835, 18.6003813 ], [ 73.8880275, 18.600561 ], [ 73.8879733, 18.6008776 ], [ 73.8880245, 18.60116 ], [ 73.8875309, 18.601083 ], [ 73.8873473, 18.6006694 ], [ 73.8873564, 18.6004298 ], [ 73.8873624, 18.6003414 ], [ 73.887558, 18.6003128 ], [ 73.8878048, 18.6002301 ], [ 73.8879312, 18.600136 ], [ 73.8879041, 18.6000761 ], [ 73.8877175, 18.6000676 ], [ 73.887564, 18.5999991 ], [ 73.8874918, 18.5998479 ] ] ] } },
{ "type": "Feature", "properties": { "osm_id": 1548800659, "name": "water tank", "water": "reservoir", "natural": "water", "landuse": "", "operator": "" }, "geometry": { "type": "Polygon", "coordinates": [ [ [ 73.8473758, 18.4995659 ], [ 73.8473305, 18.4991533 ], [ 73.8479969, 18.4990866 ], [ 73.8487965, 18.4990031 ], [ 73.8488483, 18.4994154 ], [ 73.8473758, 18.4995659 ] ] ] } }
]
}
