osm_id,osm_type,name,amenity,emergency,social_facility,emergency_social_facility,phone,website,operator,lat,lon,facility_type
280430828,node,,police,,,,,,,18.5075612,73.9173998,Police Station
671451162,node,Pune Cantonment Fire Station,fire_station,,,,,,,18.4985647,73.8843225,Fire Station
672120487,node,Sardar Patel Cantonment General Hospital,hospital,,,,,,,18.5027163,73.87712,Hospital
674697804,node,Dr. Babasaheb Ambedkar Cantonment General Hospital,hospital,,,,,,,18.569025,73.8486994,Hospital
674930856,node,Council Hall Police Station,police,,,,,,,18.5244252,73.8788557,Police Station
678341812,node,Command Hospital Southern Command,hospital,,,,,,,18.5005828,73.8894328,Hospital
678444711,node,Sambhaji Police Chowki,police,,,,,,,18.5131785,73.8438921,Police Station
772571829,node,Sassoon Hospital,hospital,,,,,,,18.5251434,73.8695664,Hospital
865849506,node,Sanjeevani Vitalife Medipoint Hospital,hospital,yes,,,,,,18.5649263,73.8022626,Hospital
865854267,node,LifeLine Hospital,hospital,,,,,,,18.5597445,73.8062674,Hospital
871515219,node,Dr. Chowdhary,hospital,,,,,,,18.5547291,73.8082012,Hospital
871515522,node,Dr. Bonagiri,hospital,,,,,,,18.5554816,73.8088556,Hospital
988738259,node,Shree Sakthi Hospital,hospital,,,,,,,18.5883392,73.8015444,Hospital
1054641704,node,Karva Hospital,hospital,,,,,,,18.5009733,73.8461063,Hospital
1065032008,node,Ayurvedic Hospital,hospital,,,,,,,18.6548547,73.7696807,Hospital
1065055883,node,Jeevan Deep Medicare Centre,hospital,,,,,,,18.5433023,73.7838607,Hospital
1072235063,node,Anand Hospital,hospital,,,,,,,18.6539354,73.7646919,Hospital
1109153493,node,Sahyadri Hospital,hospital,,,,,https://sahyadrihospital.com/,,18.5075061,73.8058341,Hospital
1109153494,node,"Krishna Hospital, Pune",hospital,,,,,,,18.5092055,73.8128199,Hospital
1304723072,node,"Suncity Road Fire Station, Pune",fire_station,,,,,,,18.4754767,73.815447,Fire Station
1305056480,node,Madhukar General Hospital,hospital,,,,,,,18.4789234,73.8241232,Hospital
1309316787,node,Dr. Naik Clinic,hospital,no,,,,,,18.4745644,73.8140764,Hospital
1534465625,node,Deccan Gymkhana Police Chowki,police,,,,,,,18.5141406,73.8403808,Police Station
1703723978,node,Pimple Saudagar Police Statiom,police,,,,,,,18.6015562,73.7993609,Police Station
1743974394,node,Shewale Hospital,hospital,,,,,,,18.5626652,73.8325327,Hospital
1762218902,node,Trimurti Hospital,hospital,,,,,,,18.462396,73.8150518,Hospital
1886884517,node,Sanjiwini Hospital,hospital,,,,,,,18.4433669,73.848079,Hospital
1909536882,node,Ganesh Peth Police station,police,,,,,,,18.5161748,73.8621906,Police Station
2027713730,node,Laxminagar Police chowky,police,,,,,,,18.4896021,73.8497008,Police Station
2146313490,node,Hinjawadi Police Chowki,police,,,,,,,18.5917477,73.7387073,Police Station
2183543117,node,Yerawada Police Station,police,,,,,,,18.5527989,73.8957965,Police Station
2192111450,node,Kothrud Fire Station,fire_station,,,,,,,18.4988894,73.8134797,Fire Station
2289023583,node,Balagandharva Police Station,police,,,,,,,18.5222358,73.8478417,Police Station
2289023585,node,Sant Kabir Police Station,police,,,,,,,18.5148758,73.8688574,Police Station
2289294093,node,Surya Sahyadri Hospital,hospital,,,,02024574232,https://www.sahyadrihospital.com/,Sahyadri Hospitals,18.521259,73.8556767,Hospital
2410718625,node,Perugate Police Chowki,police,,,,,,,18.5113926,73.8487755,Police Station
2509520919,node,Alankar Police Chowki,police,,,,,,,18.4984329,73.8262153,Police Station
2517303173,node,Senadatta Police Chowki,police,,,,,,,18.5052065,73.8446033,Police Station
2550695929,node,Narayan Peth Police Chowki,police,,,,,,,18.5162004,73.8478649,Police Station
2684638055,node,Police Madat Kendra,police,,,,,,,18.7433889,73.4833228,Police Station
2694489803,node,Khadki Police Station,police,,,,,,,18.5571921,73.8454253,Police Station
2868930213,node,Kasba Peth Police Chowki,police,,,,,,,18.5204757,73.8560378,Police Station
2868930215,node,Paud Phata Police Chowki,police,,,,,,,18.5064508,73.8245986,Police Station
2868930216,node,Fatima Convent Sahyadri Clinic,hospital,,,,,,,18.5045156,73.9008129,Hospital
2921897064,node,Gupte Hospital Of Accurate Diagnostics Pvt Ltd,hospital,no,,,,,,18.519051,73.8398724,Hospital
2935676185,node,Swargate Police Station,police,,,,,,,18.5007921,73.8591594,Police Station
2973466889,node,AIMS Hospital,hospital,yes,,,,,,18.5625409,73.8106962,Hospital
3238255107,node,"Naik Hospital, Pune",hospital,,,,,,,18.5102879,73.8594694,Hospital
3337848240,node,Samarth Police Station,police,,,,,,,18.5203179,73.8696893,Police Station
3337848241,node,Shaniwar Peth Police Chowki,police,,,,,,,18.5200094,73.8500242,Police Station
3386030401,node,Prabhat Police Chowki,police,,,,,,,18.5145218,73.8333062,Police Station
3488900260,node,Atharva Hospital,hospital,,,,,,,18.8553812,73.8875918,Hospital
3498347007,node,Pradhikaran Police Chowki,police,,,,,,,18.6621064,73.774177,Police Station
3583527016,node,Satyanand Hospital,hospital,,,,,,,18.4707709,73.8886878,Hospital
3696693817,node,Bora Hospital,hospital,,,,,,,18.511463,73.8625468,Hospital
3719797432,node,Patil Hospital,hospital,,,,+919225825463,,,18.4791887,73.8247015,Hospital
4154605789,node,Sahyadri Hospital,hospital,,,,,,,18.5029092,73.9277341,Hospital
4204725189,node,Nanded City Fire Station,fire_station,,,,,,,18.4602367,73.7964936,Fire Station
4405664297,node,,police,,,,,,,18.4637816,73.8154722,Police Station
4547351989,node,,police,,,,,,,18.5449382,73.8448569,Police Station
4558841190,node,Giri Raj Hospital and Intensive Care Unit,hospital,,,,,,,18.1461841,74.5772973,Hospital
4636853590,node,,hospital,,,,,,,18.6547516,73.7691803,Hospital
4846864321,node,,hospital,,,,,,,18.4831808,73.8273409,Hospital
5149040329,node,Bhagyajaya Hospital - Baramati,hospital,,,,,,,18.1463322,74.5830157,Hospital
5149081658,node,Sub District Hospital Bhor,hospital,,,,,,,18.1439124,73.8520056,Hospital
5149209978,node,Jaihind Multi & Super Speciality Hospital,hospital,,,,,,,18.752239,73.8633137,Hospital
5149232120,node,Hospital,hospital,,,,,,,18.747433,73.3993121,Hospital
5149307555,node,Walunj Hospital,hospital,,,,,,,18.8250552,74.375742,Hospital
5149316340,node,Shri Dattkrupa Hospital,hospital,,,,,,,19.2098969,73.8743645,Hospital
5149333481,node,Shri Hospital,hospital,,,,,,,18.8267842,74.371174,Hospital
5149338419,node,Dr.igwale Hospital Children,hospital,,,,,,,19.2096659,73.8699428,Hospital
5149351063,node,Aavati Hospital,hospital,,,,,,,18.7566833,73.860775,Hospital
5149351064,node,Shree Swami Samarth Hospital,hospital,,,,,,,18.7563937,73.8606328,Hospital
5149356336,node,Junnar Gov. Veterinary Hospital,hospital,,,,,,,19.2059802,73.8743869,Hospital
5149385033,node,Chakan Police Station,police,,,,,,,18.7594575,73.8633136,Police Station
5149443247,node,Yavat Rural Hospital,hospital,,,,,,,18.4771363,74.2685041,Hospital
5149443251,node,Anand Hospital,hospital,,,,,,,18.4758473,74.269088,Hospital
5151038075,node,Jejuri Police Station,police,,,,,,,18.2775545,74.1630866,Police Station
5151038902,node,Jejuri Police Line,police,,,,,,,18.278302,74.1635497,Police Station
5151045708,node,Tulsi Communication.Idea Gallery,hospital,,,,,,,18.2795495,74.1636264,Hospital
5151045710,node,Malhar Hospital,hospital,,,,,,,18.2799754,74.1644417,Hospital
5151045712,node,Shatayu Hospital and Ayurvedic Research Centre,hospital,,,,,,,18.2800525,74.1648059,Hospital
5151087169,node,"Sub District Hospital, Indapur",hospital,,,,,,,18.1206808,75.0258983,Hospital
5151087170,node,Raut Hospital,hospital,,,,,,,18.1209854,75.0248402,Hospital
5151320244,node,Daund Railway Police Station,police,,,,,,,18.4630835,74.5809817,Police Station
5151351421,node,Yogeshwari Hospital and ICU,hospital,,,,,,,18.4605048,74.5817962,Hospital
5253713305,node,Dattawadi Police Chowki,police,,,,+91-100,,,18.5010017,73.840267,Police Station
5302827826,node,,police,,,,,,,18.4659808,73.8904599,Police Station
5578793582,node,Apple Hospital,hospital,,,,,,,18.5884835,73.7802163,Hospital
5695637393,node,Metro Chemist,hospital,,,,,,,18.4598178,73.7859551,Hospital
5695637395,node,Damle Pediatric & general practice,hospital,,,,,,Hrushikesh Damle,18.4602735,73.7856466,Hospital
5832438811,node,Golwilkar Metropolis Heath Service (India) Pvt Ltd,hospital,,,,,,,18.5181296,73.8344155,Hospital
5832579347,node,Paranjape Hospital,hospital,,,,,,,18.5143979,73.8460515,Hospital
5851703586,node,"Spandan Hospital, Pune",hospital,,,,,,,18.6141649,73.765762,Hospital
6113604708,node,Ashakiran Hospital,hospital,,,,,,,18.5719235,73.7811374,Hospital
6116290226,node,Mangaldas Police Chowki,police,,,,,,,18.5339866,73.8789046,Police Station
6262931930,node,Pawar Surgical Hospital,hospital,yes,,,,https://www.pawarsurgicalhospital.com/,Dr Vijay Pawar,18.5012035,73.9379293,Hospital
6369340352,node,Pulse Hospital,hospital,,,,+912024699050,,,18.4594817,73.8233106,Hospital
6466099451,node,Velhe Police Station,police,,,,,,,18.2912199,73.6369313,Police Station
6612854042,node,ONP Leela Hospital,hospital,,,,020 6721 6600;020 6721 6699;9373813199,https://onphospitals.com,ONP Hospitals,18.5329215,73.8468085,Hospital
6612986080,node,Meera Hospital,hospital,,,,020 6721 2099;020 6721 2000,https://onphospitals.com,ONP Hospitals,18.5022882,73.8746894,Hospital
6618960830,node,Seth Ramdas Shah Memorial Hospital and Research Centre,hospital,,,,,https://www.sehat.com,,18.5293628,73.8284091,Hospital
6665401667,node,Ashwini Hospital,hospital,no,,,+91 97877 30400,http://ashwinhospital.com,,18.576745,73.7757678,Hospital
6769546871,node,NRS hospital,hospital,,,,,,,18.6007211,73.7751811,Hospital
6901880185,node,,hospital,,,,,,,18.571183,73.7948972,Hospital
6975549707,node,Kamshet Police Station,police,,,,,,,18.7624644,73.5590423,Police Station
6991662725,node,Durvankur Hospital,hospital,,,,,,,18.7545031,73.857138,Hospital
6992015092,node,Shwas Multispeciality Hospital,hospital,,,,,,,18.7463443,73.8601147,Hospital
7011007177,node,,police,,,,,,,18.6478898,73.8425166,Police Station
7042939577,node,Nityanand Rehabilitation and Residential Mental Heal,hospital,,,,,,,18.4565508,73.8515434,Hospital
7042939578,node,Yashda Hospital,hospital,,,,,,,18.5168084,73.859535,Hospital
7042945051,node,Mohite Eye Hospital,hospital,,,,,,,18.5006535,73.936556,Hospital
7042945052,node,Baravkar Hospital,hospital,,,,,,,18.4802234,74.3736099,Hospital
7042981399,node,Joglekar Hospital,hospital,,,,,,,18.5327524,73.8336359,Hospital
7043001890,node,"Rakshak Hospital, Pune",hospital,,,,,,,18.5628712,73.9377429,Hospital
7043003792,node,Parmar Multi Speciality Hospital and Maternity Home,hospital,,,,,,,18.5600564,73.8072065,Hospital
7043015176,node,Chaitanya Centre For Psychological Help,hospital,,,,,,,18.4795175,73.8043727,Hospital
7043164499,node,Mothercare Hospital,hospital,,,,,,,18.4872463,73.8760145,Hospital
7043242982,node,Onkar Hospital,hospital,,,,,,,18.6468218,74.0607716,Hospital
7043399086,node,"Sahyadri Hospital, Bibvewadi",hospital,,,,,,,18.4781739,73.862105,Hospital
7043399088,node,Bhalerao ENT Hospital & Laser Centre,hospital,,,,,,,18.6495394,73.7777303,Hospital
7043448959,node,Siddhi Health Care Center,hospital,,,,,,,18.5857676,73.818174,Hospital
7043489278,node,Argade Infertility and Endoscopic Surgery and Icu Center,hospital,,,,,,,18.5017523,73.8102353,Hospital
7043631548,node,Argade Hospital and Maternity Home,hospital,,,,,,,18.764168,73.8615735,Hospital
7043724865,node,"Jijamata Hospital, Pune",hospital,,,,,,,18.6961373,74.1388334,Hospital
7043763362,node,Shree Balaji Eye Hospital,hospital,,,,,,,18.4910283,73.8581684,Hospital
7044175339,node,Chaitanya Stem Cell Center,hospital,,,,,https://chaitanyastemcell.com/,,18.5000189,73.8503981,Hospital
7044292218,node,Shree Shakti Hospital,hospital,,,,,,,18.5887256,73.8014048,Hospital
7044405028,node,Saiseva Hospital,hospital,,,,,,,18.7614023,73.8627034,Hospital
7044437265,node,"Welfare Medical Foundatios, Mohintara Hospital",hospital,,,,,,,18.5034761,73.9291031,Hospital
7044521929,node,Junnarkar Hospital,hospital,,,,,,,19.2069891,73.8798521,Hospital
7044537482,node,Yashodeep Hospital,hospital,,,,,,,18.1205606,75.0251131,Hospital
7044538571,node,Dr. Mokashi Hospital,hospital,,,,,,,19.2078496,73.8785599,Hospital
7044577805,node,"Pawar Hospital, Pune",hospital,,,,,,,18.4658771,73.8601231,Hospital
7044818181,node,Atole Accident Hospital,hospital,,,,,,,18.1461092,74.5862822,Hospital
7044819851,node,Galaxy Care Laparoscopy Institute Pvt. Ltd.,hospital,,,,,,,18.5110031,73.837105,Hospital
7045274083,node,Punarvasu Chikitsalaya,hospital,,,,,,,18.5284781,73.8423179,Hospital
7045304709,node,Ushakiran General Hospital,hospital,,,,,,,18.5019965,73.9348286,Hospital
7045516002,node,"Sangam Hospital, Pune",hospital,,,,,,,18.4757105,73.8578707,Hospital
7045518177,node,"Zenith Hospital, Pune",hospital,,,,,,,18.5025879,73.9294803,Hospital
7045823776,node,Umarji Hospital,hospital,,,,,,,18.5119352,73.857758,Hospital
7045917548,node,Amrut Hospital,hospital,,,,,,,18.6098278,73.8017106,Hospital
7045980540,node,Latkar Hospital,hospital,,,,,,,18.5609006,73.8132226,Hospital
7046347414,node,Lunkad Hospital,hospital,,,,,,,18.5840808,73.833248,Hospital
7046772780,node,Shashwat Hospital,hospital,,,,,http://shashwathospitalpune.com/shkth/,,18.4948349,73.8135271,Hospital
7046858056,node,Medipoint Hospital,hospital,,,,,https://medipointhospitalpune.in/,,18.5623861,73.933849,Hospital
7046910543,node,Indira Maternity Home,hospital,,,,,,,18.5122188,73.8762961,Hospital
7047404403,node,"Bhoir Hospital, Pune",hospital,,,,,,,18.6142278,73.7647042,Hospital
7047667116,node,"Mayur Hospital, Pune",hospital,,,,,,,18.6661878,73.7959667,Hospital
7047804836,node,Alatkar Hospital,hospital,,,,,,,18.5018572,73.9322779,Hospital
7047913609,node,Pimpri Chinchwad (Pcip) Institute Of Paediatrics,hospital,,,,,,,18.6185477,73.803735,Hospital
7047919868,node,Rode Hospital,hospital,,,,,,,18.6186748,73.8699487,Hospital
7047933155,node,Anmol Jeevan Hospital,hospital,,,,,,,18.6953408,74.1389354,Hospital
7047946884,node,Ranka Hospital,hospital,,,,,,,18.4950117,73.861886,Hospital
7047951531,node,Mohan General Hospital - Daund,hospital,,,,,,,18.4807017,74.3702444,Hospital
7047964541,node,Niramaya Hospital,hospital,,,,,https://niramayahospital.com/,,18.6394848,73.7967941,Hospital
7048045536,node,Diwan Hospital,hospital,,,,,,,18.6579111,73.7762953,Hospital
7048084570,node,Bhide Hospital,hospital,,,,,https://bhidehospital.in/contact-us/,,18.5048666,73.8443399,Hospital
7048167596,node,Poona Laser Center,hospital,,,,,,,18.5123701,73.8381752,Hospital
7048439619,node,Siddhant Maternity Home,hospital,,,,,,,18.4792694,73.8566422,Hospital
7048498777,node,Remedy Hospital,hospital,,,,,,,18.5005568,73.9365077,Hospital
7048498778,node,Shivarkar Hospital,hospital,,,,,,,18.3511753,74.0255946,Hospital
7048504194,node,Amit Hospital,hospital,,,,,,,18.5463494,73.8880362,Hospital
7048628810,node,"Kaushal Hospital, Pune",hospital,,,,,,dr kaushal,18.6186926,73.7992403,Hospital
7048690784,node,Jaykar Accident Fracture Hospital,hospital,,,,,,,18.4556692,74.5807663,Hospital
7048871849,node,"Purandare Hospital, Pune",hospital,,,,,,,18.5022916,73.8586646,Hospital
7048881959,node,Pramodini Urology Foundation,hospital,,,,,,,18.5199125,73.8410217,Hospital
7048928941,node,Harsh Hospital,hospital,,,,,,,18.4802908,73.8662057,Hospital
7048932002,node,Kamat Hospital- Lonavla,hospital,,,,,,,18.749245,73.4050474,Hospital
7049007104,node,Shraddha Hospital,hospital,,,,,,,18.5019482,73.9315805,Hospital
7049042905,node,Chandrika Hospital,hospital,,,,,,,18.3576453,74.6267755,Hospital
7049118700,node,Vighnaharta Multispeciality Hospital,hospital,,,,,,,18.818278,74.3715996,Hospital
7049213871,node,Salunke Hospital,hospital,,,,,,,18.5585931,73.9273694,Hospital
7049224617,node,Anuchandra Accident Hospital,hospital,,,,,https://www.anuchandrahospital.com/,,18.1437324,74.5763446,Hospital
7049267221,node,Moolanis Eye Care Centre,hospital,,,,,,,18.5057737,73.8783494,Hospital
7049292470,node,Gokhale Hospital,hospital,,,,,,,18.502172,73.857062,Hospital
7049383833,node,"Aditya Hospital, Pune",hospital,,,,,,,18.826674,74.3755333,Hospital
7049410558,node,"Sushrut Hospital, Chinchwad",hospital,,,,,,,18.6283685,73.8129256,Hospital
7049415223,node,Dhamdhere Hospital,hospital,,,,,,,18.6701214,74.1014448,Hospital
7049440500,node,Shree Hospital and Maternity Home - Baramati,hospital,,,,,,,18.1635193,74.583993,Hospital
7049507991,node,Wankhede Hospital,hospital,,,,,,,18.4724656,73.8888207,Hospital
7049516396,node,Pune Fertility Center,hospital,,,,,,,18.5287757,73.8479868,Hospital
7049524369,node,Jagtap Hospital,hospital,,,,+912024353046,,,18.4774187,73.8237825,Hospital
7049644686,node,Attharva Accident Hospital,hospital,,,,,,,18.7317589,73.6640784,Hospital
7049658153,node,Joshi Hospital,hospital,,,,,,,18.5171432,73.8332874,Hospital
7049672825,node,Harde Hospital and Maternity Home,hospital,,,,,,,18.826192,74.378401,Hospital
7049723536,node,Dr Patwardhan Hospital,hospital,,,,,,,18.4573697,73.8507923,Hospital
7049765623,node,Sainath Orthopaedic Hospital,hospital,,,,,,,18.6182834,73.8028754,Hospital
7049775522,node,Shri Samarth Hospital,hospital,,,,,,,18.5180616,73.865867,Hospital
7049798376,node,Mai Mangeshkar Hospital,hospital,,,,,,,18.4851843,73.7997318,Hospital
7049807455,node,Kamal Netra Rugnalaya,hospital,,,,,,,18.4949914,73.81219,Hospital
7049816309,node,Ashwini Hospital and Endoscopy Centre,hospital,,,,,,,18.6676197,73.7942453,Hospital
7049846007,node,Shraddha Hospital,hospital,,,,,,,18.5133532,73.6774479,Hospital
7049902721,node,Kulkarni Hospital and Diagnostic Centre,hospital,,,,,,,18.4851967,73.8092832,Hospital
7050060080,node,Khares Eye Institute,hospital,,,,,,,18.5145168,73.8317379,Hospital
7050135506,node,Narwade Hospital,hospital,,,,,,,18.753244,74.2406267,Hospital
7050138276,node,Bhakti Hospital,hospital,,,,,,,18.6713182,74.1036053,Hospital
7050150010,node,Dr. Konde Hospital,hospital,,,,,,,18.8281322,74.3702866,Hospital
7050255935,node,Dr Chavans Fracture and Orthopaedic Center,hospital,,,,,,,18.4785979,73.8238536,Hospital
7050381745,node,"Suraj Hospital, Hadaspur",hospital,,,,,,,18.5052573,73.9541258,Hospital
7050392540,node,Gultekdi Nursing and Maternity Home,hospital,,,,,,,18.4926804,73.8685472,Hospital
7050478355,node,Dr Marathe Hospital,hospital,,,,,,,18.488791,74.0683892,Hospital
7050478360,node,Agarwal Maternity and General Hospital,hospital,,,,,,,18.5588804,73.931217,Hospital
7050589614,node,Ashakiran Hospital,hospital,,,,,,,18.5158253,73.8474959,Hospital
7050627585,node,Sant Dnyaneswar Medical Education Research Centre,hospital,,,,,,,18.5137805,73.8476971,Hospital
7051070000,node,Kohakade Hospital,hospital,,,,,,,18.5628578,73.9320606,Hospital
7051070011,node,"Shrikrishna Hospital, Pune",hospital,,,,,,,18.6683744,74.1473193,Hospital
7051103931,node,Dongre Hospital,hospital,,,,,,,19.0451469,73.8370715,Hospital
7051137462,node,Dr. Karve Childrens Hospital,hospital,,,,,,,18.5259905,73.85012,Hospital
7051137468,node,Yashashree Maternity and Nursing Home,hospital,,,,,,,18.4886651,73.8502412,Hospital
7051137473,node,New Life Children Hospital,hospital,,,,,,,18.6146396,73.7856428,Hospital
7051344983,node,Vinayak Netralaya - Pune,hospital,,,,,,,18.5105851,73.817981,Hospital
7051620185,node,Lonkar Hospital,hospital,,,,,,,18.4557812,74.5802996,Hospital
7051627983,node,Seva Hospital,hospital,,,,,,,18.5748353,73.8277468,Hospital
7051681405,node,Mams Sumatibhai Shah Ayurved Mahavidyalayas,hospital,,,,,,,18.5035837,73.9387286,Hospital
7051681665,node,Sainath Hospital,hospital,,,,,,,18.6545135,73.8484494,Hospital
7051826361,node,"Surya Multispeciality Hospital - Chakan, Pune",hospital,,,,,,,18.7484989,73.8602592,Hospital
7051854546,node,Nimbalkar Hospital,hospital,,,,,,,18.1522721,74.574336,Hospital
7051884591,node,Sanjivani Medical Foundation,hospital,,,,,,,18.7466054,73.4078,Hospital
7051906956,node,Abane Hospital,hospital,,,,,https://www.abanehospital.com/abanehospital,,18.4994516,73.9377093,Hospital
7051920206,node,Dr Kedare Hospital,hospital,,,,,,,18.7542475,73.8590646,Hospital
7051943843,node,Rahel Hospital,hospital,,,,,,,18.5152906,73.8754553,Hospital
7052077119,node,Dr Sonawane Hospital,hospital,,,,,,,18.6472922,74.0590444,Hospital
7052133789,node,Nachiket Hospital Pvt Ltd,hospital,,,,,,,18.5076864,73.831062,Hospital
7052181872,node,"Shivam Hospital, Pune",hospital,,,,,,,18.4904171,74.000239,Hospital
7052228573,node,Dr. Kardile Accident and General Hospital,hospital,,,,,,,18.112179,75.0256002,Hospital
7052233156,node,Omkar Accident Hospital,hospital,,,,,,,18.7522357,73.8592125,Hospital
7052346355,node,Sai Shree Orthopaedic Super Speciality and Joint Replacement Centre,hospital,,,,+91 968 993 0608;+91 968 993 0612;+91 706 215 7062;+91 20 2588 8600;+91 20 6744 8600,https://www.saishreehospital.org,,18.5601581,73.8052712,Hospital
7052469735,node,Disha Netralaya - Pune,hospital,,,,,,,18.6647203,73.7849696,Hospital
7052815781,node,Shahade Hospital,hospital,,,,,,,18.4978682,73.8537562,Hospital
7052817167,node,Shree Ganesh Hospital,hospital,,,,,,,18.4323177,74.4598704,Hospital
7052818652,node,Dada Laser Eye Institute,hospital,,,,,,,18.5109382,73.8799037,Hospital
7052827565,node,Suryakant General Surgical Accident and Maternity,hospital,,,,,,,19.1194152,73.9748251,Hospital
7052957882,node,Thorat Accident and Maternity Hospital,hospital,,,,,,,18.3079752,74.751226,Hospital
7052987873,node,Dr.Prakash Katariya Laser Cure,hospital,,,,,,,18.5223591,73.8441311,Hospital
7053000962,node,"Siddharth Hospital, Pune",hospital,,,,,,,18.4900578,73.8684641,Hospital
7053008550,node,Anjali Hospital,hospital,,,,,,,18.6200124,73.8010407,Hospital
7053195972,node,Dr.Purohit Nursing Home,hospital,,,,,,,18.490344,73.8443121,Hospital
7053694031,node,"Pooja Hospital, Pune",hospital,,,,,,,18.5891781,73.8190953,Hospital
7053694039,node,Sahyadri Hospital Hadapsar,hospital,,,,,,,18.5031602,73.9321491,Hospital
7053694071,node,Siddhi Hospital and Laproscopy Centre Pvt Ltd,hospital,,,,,,,18.464116,73.859008,Hospital
7053702772,node,Nande Hospital,hospital,,,,,,,18.5011902,73.9383772,Hospital
7053702774,node,PBMA's H V Desai Eye Hospital,hospital,,,,,https://www.hvdeh.org/,,18.4722952,73.9237216,Hospital
7053870877,node,"Phoenix Hospital, Pune",hospital,,,,,,,18.6047183,73.7761981,Hospital
7054106775,node,Suraj Hospital,hospital,,,,,,,18.4814034,73.8724713,Hospital
7054152560,node,Patil Hospital General and Eye Hospital,hospital,,,,,,,18.6525408,73.7780609,Hospital
7054210752,node,Moraya Hospital,hospital,,,,,,,18.5821441,73.8283718,Hospital
7054215742,node,Mulay Hospital and Maternity Home,hospital,,,,,,,18.8251251,74.3775011,Hospital
7054231728,node,Sathe Hospital,hospital,,,,,,,18.4658326,74.5844597,Hospital
7054301099,node,Desai Hospital,hospital,,,,,,,18.6337676,73.8493024,Hospital
7054308899,node,"Adhar Hospital, Pune",hospital,,,,,,,18.9826352,74.0836188,Hospital
7054454413,node,Matruchhaya Hospital,hospital,,,,,,,18.8263872,74.3731733,Hospital
7054482424,node,Dr. Phapale Hospital,hospital,,,,,,,19.2618326,73.9831915,Hospital
7054495780,node,"Shri Sai Hospital, Pune",hospital,,,,,,,18.6723003,73.8920917,Hospital
7054524654,node,"Mohintara Hospital, Hadapsar",hospital,,,,,,,18.5008462,73.9305311,Hospital
7054578913,node,Khandelwal Hospital and C. C. Centre,hospital,,,,,,,18.7448439,73.4060861,Hospital
7054683728,node,Pratap Memorial Hospital,hospital,,,,,,,18.7334507,73.6797895,Hospital
7054762489,node,Chinchanikar Hospital,hospital,,,,,,,18.4785438,73.8235485,Hospital
7054774895,node,"Parth Hospital, Pune",hospital,,,,,,,18.4805668,74.3722493,Hospital
7054878680,node,"Chaitanya Hospital, Bhaghirathi Nagar",hospital,,,,,,,18.4778296,73.7977711,Hospital
7054910944,node,Dr Sarawat Memorial Hospital,hospital,yes,,,,,,18.4705427,73.8878018,Hospital
7054956039,node,Matoshri Hospital,hospital,,,,,,,18.7375516,73.6391607,Hospital
7054961563,node,Bobade Accident Hospital,hospital,,,,,,,18.1453426,74.5823119,Hospital
7055027667,node,"Anand Hospital, Bhosari",hospital,,,,,,,18.621807,73.8514093,Hospital
7055034827,node,Chintamani Hospital,hospital,,,,,,,18.3514712,74.0271818,Hospital
7055062328,node,Pawna Hospital,hospital,,,,,,,18.7029494,73.6854187,Hospital
7055062380,node,Vinod Memorial Multispeciality Hospital,hospital,,,,,,,18.5732119,73.8774723,Hospital
7055117973,node,Rama Madhav Hospital,hospital,,,,,,,18.145811,74.5836282,Hospital
7055235910,node,Dhanashree Hospital,hospital,,,,,,,18.6591036,73.7978435,Hospital
7055245140,node,Medlife Multispeciality Hospital and Icu,hospital,,,,,,,18.6191718,73.7912714,Hospital
7055280594,node,Om Hospital,hospital,,,,,,,18.5292449,73.830716,Hospital
7055319028,node,Bagade Hospital For Women and Maternity Home,hospital,,,,,,,18.5964845,73.8300374,Hospital
7055436592,node,Bharatiya Sanskriti Darshan Trust,hospital,,,,,,,18.5819248,74.0024284,Hospital
7055451090,node,Ruby Ailcare Superspeciality Cardiac Care Centre,hospital,,,,,,Ruby Ailcare Services Pvt Ltd,18.6214797,73.8208455,Hospital
7055478555,node,Matoshree Madanbai Dhariwal Hospital,hospital,,,,,,,18.8256779,74.3746613,Hospital
7055494791,node,Pune Adventist Hospital;advantist hospital,hospital,,,,,,,18.491944,73.8710202,Hospital
7055682925,node,Mahajan Hospital,hospital,,,,,,,18.4840672,73.857003,Hospital
7055817022,node,Om Prasuti Graha,hospital,,,,,,,18.5470843,73.8885243,Hospital
7059172384,node,Parmar Hospital,hospital,,,,,,,18.7470772,73.4085202,Hospital
7059664354,node,"Shreenath Hospital, Pune",hospital,,,,,,,18.5211129,73.906766,Hospital
7062490981,node,Subodh Hospital,hospital,,,,,,,18.5035234,73.8137605,Hospital
7062490984,node,"Pai Hospital, Pune",hospital,,,,,,,18.4689649,73.8572026,Hospital
7062497086,node,Chinmay Institute Of Paediatrics,hospital,,,,,,,18.5083289,73.8457009,Hospital
7062497106,node,Patil Hospital - Pune,hospital,,,,,,,18.4797674,73.8251685,Hospital
7062497119,node,Paras Polyclinic and General Hospital,hospital,,,,,,,18.6436605,73.7710127,Hospital
7062592060,node,Shree.J.Hospital,hospital,,,,,,,18.4653028,73.864194,Hospital
7063077061,node,Bansal Hospital,hospital,,,,,,,18.6786782,73.7327309,Hospital
7063077064,node,Pataskar Hospital,hospital,,,,,,,18.6460596,73.8499998,Hospital
7063077065,node,Darekar Hospital,hospital,,,,,,,18.6413795,74.0502669,Hospital
7063077070,node,Paranjpe Eye Clinic and Eye Surgery Centre,hospital,,,,,,,18.5183547,73.8404001,Hospital
7063805492,node,Ushakiran Eye Hospital,hospital,,,,,,,18.6133992,73.7664382,Hospital
7063805562,node,Aai Maternity Hospital and Nursing Home,hospital,,,,,,,18.6175138,73.8492092,Hospital
7063805569,node,K. K. Hospital - Pune,hospital,,,,,,,18.5626296,73.9381478,Hospital
7063808901,node,Ace Hospital,hospital,,,,,,,18.504933,73.8303593,Hospital
7063899542,node,Dhulabapu Kokare Memorial Hospital,hospital,,,,,,,18.1543697,74.5851074,Hospital
7063909902,node,Jeewan Jyot Multispeciality Medical Care Center,hospital,,,,,,,18.5569451,73.9074788,Hospital
7064314446,node,Devganga Hospital,hospital,,,,,,,19.0008578,73.9449419,Hospital
7064364271,node,Pooja Hospital,hospital,,,,,,,18.5023551,73.9288205,Hospital
7064378705,node,Dr. Mainkar Hospital,hospital,,,,,,,18.3424837,74.0294194,Hospital
7064413733,node,Dr Manohar Dole General Hospital,hospital,,,,,,,19.1201324,73.9728577,Hospital
7064475588,node,Chandra Hospital,hospital,,,,,,,18.4522084,73.890656,Hospital
7064660059,node,Dalvi Hospital,hospital,,,,,,,18.3457705,74.0291901,Hospital
7064755544,node,Vaibhavi Hospital,hospital,,,,,,,18.4994249,73.9469039,Hospital
7064910708,node,Burande Hospital,hospital,,,,,,,18.1479647,73.8437174,Hospital
7064929849,node,"Ankur Hospital, Shivaji Nagar",hospital,,,,,,,18.6062334,73.7729748,Hospital
7064947798,node,Saidham Hospital,hospital,,,,,,,18.6195467,73.8433908,Hospital
7064962003,node,Bhosale Hospital,hospital,,,,,,,19.1175684,73.9759295,Hospital
7065561512,node,Global Hospital & Research Institute,hospital,,,,,,,18.5013237,73.8410144,Hospital
7065820589,node,"Lokmanya Hospital, Pune",hospital,,,,,,,18.5089079,73.834105,Hospital
7065820604,node,Sai Sneh Hospital and Diagnostic Centre Pvt Ltd,hospital,,,,,,,18.4465478,73.8597831,Hospital
7065820605,node,Bhagawati Netralaya,hospital,,,,,,,18.7552529,73.8611611,Hospital
7065875973,node,Dr Khade Hospital,hospital,,,,,,,18.7538351,73.8603021,Hospital
7066374662,node,Niramay Medical Foundation and Research Centre Pvt. Ltd.,hospital,,,,,,,18.1560658,74.5852254,Hospital
7066374747,node,"Kabre Orthopedic, Spine and Dental Centre",hospital,,,,,,,18.6490413,73.8076058,Hospital
7066374756,node,"Chavan hospital, Pune",hospital,,,,,https://www.chavanhospital.com/,,18.6332402,73.8167819,Hospital
7066505688,node,Padam.Dr.D.Y.Patil Hospital and Research Centre,hospital,,,,,,,18.6240215,73.8212612,Hospital
7066505707,node,Lohade Hospital,hospital,,,,,,,18.6405777,73.7945558,Hospital
7066505782,node,"Lodha Hospital, Pune",hospital,,,,,,,18.4833651,73.8004071,Hospital
7066505797,node,"Anand Hospital, Chakan",hospital,,,,,,,18.7613744,73.8622025,Hospital
7066954920,node,"Adarsh Hospital, Pune",hospital,,,,,,,18.4541274,73.8881166,Hospital
7067050976,node,Bhandare Maternity and Accident Hospital,hospital,,,,,,,18.1433883,74.5749593,Hospital
7067113523,node,Shraddha Hospital,hospital,,,,,,,18.7456936,73.4131403,Hospital
7067218016,node,Shripal Hospital,hospital,,,,,,,18.1481253,74.5729362,Hospital
7067231714,node,Shriniwas Hospital,hospital,,,,,,,18.6672779,73.7846866,Hospital
7067540920,node,Sushrut Hospital,hospital,,,,,,,18.8512377,73.8869727,Hospital
7067940419,node,Phadatare Hospital,hospital,,,,,,,19.1825396,74.0994197,Hospital
7068071309,node,Dr. Gaikar Hospital,hospital,,,,,,,19.2609018,73.9847672,Hospital
7068078353,node,Thorat Hospital,hospital,,,,,,,18.4775294,74.3738063,Hospital
7068097000,node,Dhanwantari Hospital,hospital,,,,,,,18.5194471,73.8658999,Hospital
7068155283,node,Pungliya Hospital,hospital,,,,,,,18.5226796,73.8508487,Hospital
7068194960,node,B.J.Medical College and Sassoon Hospital,hospital,,,,,https://www.bjmcpune.org/,,18.526235,73.871161,Hospital
7068194981,node,Varma Ortho - Surgical Centre,hospital,,,,,,,18.6570509,73.769787,Hospital
7068429388,node,Karne Hospital Pvt Ltd,hospital,,,,,,,18.4954696,73.8583709,Hospital
7069569120,node,Vibhute Hospital,hospital,,,,,,,18.5040492,73.8518391,Hospital
7069569148,node,Divekar Hospital,hospital,,,,,,,18.4477424,74.4104882,Hospital
7069577087,node,Mankikar Hospital For Children and Lab,hospital,,,,,,,18.6186189,73.8495646,Hospital
7069577098,node,Maval Hospital,hospital,,,,,,,18.741703,73.6338449,Hospital
7069577128,node,Unique Childrens Hospital,hospital,,,,,,,18.6388704,73.7943419,Hospital
7069577129,node,Dr Ghatkar Hospital,hospital,,,,,,,18.7528198,73.8634624,Hospital
7069813988,node,Yash Hospital - V.K. Medical Foundation,hospital,,,,,,,18.5103392,73.9380687,Hospital
7069813996,node,"Surya Hospital, Shikrapur",hospital,,,,,,,18.6977634,74.141289,Hospital
7069814050,node,"Chetana Hospital, Pune",hospital,,,,,,,18.6596112,73.7970825,Hospital
7069814051,node,Kulkarni Endo Surgery Institute and Reconstructive Urology Centre,hospital,,,,,,,18.5097841,73.8029893,Hospital
7070050993,node,Om Shree Swami Samarth Hospital,hospital,,,,,,,18.6345339,73.7791827,Hospital
7070130323,node,Vinnayak Hospital,hospital,,,,,,,18.4854879,73.8717458,Hospital
7070131414,node,Dr Makan Surgical Maternity and Accident Hospital,hospital,,,,,,,18.5756743,73.8196734,Hospital
7070136872,node,Naigaonkar Hospital,hospital,,,,,,,18.152585,74.5747541,Hospital
7070155499,node,Mangal Moorti Hospital,hospital,,,,,,,18.7551564,73.8587887,Hospital
7070157913,node,Dr. Wetal Hospital,hospital,,,,,,,19.2644456,73.9824291,Hospital
7070279104,node,"Global Multi Speciality Hospital, Pune",hospital,,,,,,,18.6026821,73.7772542,Hospital
7070722452,node,Shah Hospital,hospital,,,,,,,18.5486475,73.8893055,Hospital
7070857461,node,Navjeewan Hospital,hospital,,,,,,,18.4984609,73.9543189,Hospital
7070859090,node,Prathmesh Hospital,hospital,,,,,,,18.5518547,73.9368054,Hospital
7070859128,node,Devkate Hospital,hospital,,,,,,,18.1456377,74.5825338,Hospital
7072638950,node,Pune City Eye Hospital,hospital,,,,,,,18.5298629,73.8760869,Hospital
7072671011,node,Talesara Hospital,hospital,,,,,,,18.5498719,73.8887711,Hospital
7072947989,node,Borse Nursing Home,hospital,,,,,,,18.5093803,73.7901476,Hospital
7073048621,node,"Shree Krupa Hospital, Pune",hospital,,,,,,,18.6243518,73.7864814,Hospital
7073438384,node,"Saraswati Hospital, Pune",hospital,,,,,,,18.7474753,73.406235,Hospital
7073438467,node,Khanaware Hospital,hospital,,,,,,,18.3034603,74.7536105,Hospital
7073537756,node,Magar Accident and Eye Hospital.,hospital,,,,,,,18.1209749,75.0242172,Hospital
7073537781,node,Deodhar Eye Hospital,hospital,,,,,,,18.5114494,73.836472,Hospital
7073537787,node,"Om Hospital, Bavdhan",hospital,,,,,,,18.5164841,73.7818475,Hospital
7073895615,node,"Sushrut Hospital, Indapur",hospital,,,,,,,18.1150122,75.0269477,Hospital
7073895620,node,Godbole Hospital,hospital,,,,,,,18.5112078,73.8513154,Hospital
7073916601,node,Sanjeevani Hospital,hospital,,,,,,,18.4626294,73.7748331,Hospital
7073923896,node,Om General Hospital and Maternity Home,hospital,,,,,,,18.4762765,74.3785505,Hospital
7073944656,node,Kataria Hospital,hospital,,,,,,,18.5456309,73.8862083,Hospital
7073944670,node,"Ashwini Hospital, Pune",hospital,,,,,,,18.6436421,73.7732088,Hospital
7073944683,node,Sevadham Hopital,hospital,,,,,,,18.7327978,73.6712413,Hospital
7073949807,node,Dr.Pawar Eye Hospital,hospital,,,,,,,18.5092716,73.8449264,Hospital
7073949844,node,National Institute Of Ophthalmology,hospital,,,,,,,18.5596864,73.8148253,Hospital
7073949908,node,Nm Wadia Institute Of Cardiology,hospital,,,,,,,18.5307444,73.8771894,Hospital
7073961726,node,"Gaikwad Hospital, Pune",hospital,,,,,,,18.45672,74.581017,Hospital
7074576486,node,Bhakti Hospital,hospital,,,,,,,18.5851041,73.819735,Hospital
7074576498,node,"Pritam Hospital, Pune",hospital,,,,,,,18.617531,73.8500802,Hospital
7074576500,node,"Gade Hospital, Pune",hospital,,,,,,,18.9984308,73.9458619,Hospital
7074576510,node,Sane Guruji Arogya Kendra,hospital,,,,,,,18.503632,73.9381224,Hospital
7076447152,node,Badade Hospital,hospital,,,,,,,18.6573737,73.7682514,Hospital
7076529383,node,Bhandari Maternity and Nursing Home,hospital,,,,,,,18.4777164,73.8234164,Hospital
7076609422,node,"Samarth Hospital, Pune",hospital,,,,,,,18.5195234,73.862059,Hospital
7076609427,node,Amai Charitable Trust Institute Of Urology,hospital,,,,,,,18.5550536,73.8162401,Hospital
7076609433,node,Z Y - Vision,hospital,,,,,,,18.5247371,73.8408494,Hospital
7079392093,node,"Shreeyash Hospital, Pune",hospital,,,,,,,18.5155666,73.8418673,Hospital
7079392109,node,Dr. Todkar Hospital,hospital,,,,,,,18.5229518,73.8639473,Hospital
7079392124,node,Khenat Hospital and Maternity Home,hospital,,,,,,,18.4891281,73.8138248,Hospital
7079411416,node,Manoj Clinic / Gore Hospital,hospital,,,,,,,18.5117788,73.8487867,Hospital
7079665725,node,"Om Hospital, Pune",hospital,,,,,,,18.6167297,73.8737755,Hospital
7079665745,node,Pharande Eye Hospital,hospital,,,,,,,18.4777316,73.8239729,Hospital
7080205212,node,Vishwaniranjan Eye Hospital,hospital,,,,,,,18.5113846,73.8458276,Hospital
7080229621,node,Yogeshwari Hospital and I C U,hospital,,,,,,,18.4605338,74.5823917,Hospital
7080229635,node,Dhanvantary Hospital,hospital,,,,,,,18.5728934,73.8249265,Hospital
7080269598,node,Shree Nursing and Maternity Home,hospital,,,,,,,18.4845772,73.8159759,Hospital
7080269599,node,Nisargopchar Gramsudhar Trust,hospital,,,,,,,18.4928788,74.13087,Hospital
7080269651,node,Burute Hospital,hospital,,,,,,,18.6188706,73.8497047,Hospital
7080269671,node,"Ram Krishna Hospital, Pune",hospital,,,,,,,18.5092455,73.8483354,Hospital
7080269673,node,Shatayu Hospital,hospital,,,,,,,18.4664871,73.857691,Hospital
7081227365,node,Sanjeevan Maternity and Surgical Hospital,hospital,,,,,,,18.5593966,73.8025528,Hospital
7081375496,node,Serene Hospital Pvt Ltd,hospital,,,,,,,18.5697941,73.8818973,Hospital
7082352451,node,Rural Hospital,hospital,,,,,,,18.7330277,73.6759593,Hospital
7082370202,node,The Bombay Mothers and Children Welfare Society,hospital,,,,,,,18.8563651,73.8820079,Hospital
7082518997,node,Polaris Health Care,hospital,,,,,,,18.5994905,73.7636078,Hospital
7082519014,node,Deshpande Hospital,hospital,,,,,,,18.5049909,73.9022358,Hospital
7082650584,node,Wafgaonkar Hospital,hospital,,,,,,,18.8560269,73.8815707,Hospital
7082733165,node,Pyramid Multispeciality Hospital ( Kulkarni Medical Foundation ),hospital,,,,,,,18.4593838,74.5812289,Hospital
7082738900,node,Ameya Netralaya (Eye Hospital),hospital,,,,,,,18.6598933,73.7774138,Hospital
7082738906,node,"Chaitanya Hospital, Poona",hospital,,,,,,,18.6456161,74.0625782,Hospital
7083237473,node,Leela Gulab Hospital,hospital,,,,,,,18.3345236,74.3769184,Hospital
7083324260,node,Centre For Laproscopy Surgery,hospital,,,,,,,18.5207937,73.8452496,Hospital
7083553571,node,PCMC Police Station,police,,,,,,,18.639873,73.7950186,Police Station
7085732096,node,Bhosale Hospital,hospital,,,,,,,18.8920708,74.0816595,Hospital
7085878707,node,Kawedia Hospital,hospital,,,,,,,18.5070645,73.8782608,Hospital
7086092367,node,Chaitanya Hospital,hospital,,,,,,,18.6295821,73.7806525,Hospital
7086092368,node,Ashirwad Hospital,hospital,,,,,,,18.5934583,73.7387454,Hospital
7086283492,node,Yashdeep Eye Hospital,hospital,,,,,,,18.151591,74.5731287,Hospital
7086516363,node,Prem Clinic and Hospital,hospital,,,,,,,18.6335515,73.8057742,Hospital
7086516364,node,Om Shakti Chaya Hospital - Rsby,hospital,,,,,,,18.4685007,73.920515,Hospital
7086532369,node,Ambekar Hospital,hospital,,,,,http://punedialysis.com/,,18.5054055,73.817541,Hospital
7086734180,node,Core Hospital,hospital,,,,,,,18.756893,73.8593043,Hospital
7086795229,node,Kamaladevi Maternity Hospital & Research Home,hospital,,,,,,,18.467118,73.8190001,Hospital
7087131469,node,Langhe Hospital,hospital,,,,,,,18.8293266,74.1361526,Hospital
7087491716,node,Dr. Gujarathi Hospital,hospital,,,,,,,18.99908,73.943802,Hospital
7087491750,node,Harijivan Hospital,hospital,,,,,,,18.5001435,73.8542376,Hospital
7087636855,node,Nityaseva Eye Hsopital and Eye Bank,hospital,,,,,,,18.575223,73.8173626,Hospital
7087636861,node,Dugad Hospital Pvt Ltd,hospital,,,,,,,18.4909481,73.8580129,Hospital
7157923284,node,Dhanvantari Hospital,hospital,,,,,,,18.5004494,73.9360535,Hospital
7210920527,node,Agrawal Hospital,hospital,,,,,,,18.4891931,73.8140419,Hospital
7213397284,node,Inaam General Hospital,hospital,,,,,,,18.5618595,73.892592,Hospital
7213418416,node,Aditya Eye Hospital & Lasik Centre,hospital,,,,,,,18.560232,73.8953506,Hospital
7213421048,node,Sahyadri Super Speciality Hospital,hospital,,,,,,,18.5543086,73.8971383,Hospital
7213434440,node,Rutu Anand Hospital,hospital,,,,,,,18.56295,73.8942307,Hospital
7213437174,node,Freedom Fighter Gangaram Karne Hospital,hospital,,,,,,,18.5565024,73.8972835,Hospital
7213442686,node,Chatrapati Shivray Hospital Pune,hospital,no,,,,,,18.5623853,73.8965795,Hospital
7213470815,node,Shree Hospital,hospital,,,,,https://www.oncosurgeonpune.in/,,18.5533588,73.8989792,Hospital
7213492164,node,Neney's Hospital,hospital,,,,,,,18.5536181,73.899622,Hospital
7225067114,node,SDH Manchar,hospital,,,,,,,19.0004996,73.9432995,Hospital
7225067173,node,"Rural Hospital, Narayangaon",hospital,,,,,,,19.121284,73.972737,Hospital
7225067220,node,Government Hospital Dimbhe,hospital,,,,,,,19.0837227,73.7451693,Hospital
7225067237,node,Rural Hospital Junnar,hospital,,,,,,,19.202773,73.877824,Hospital
7225067241,node,Rural Hospital Godegaon,hospital,,,,,,,19.0430101,73.8391504,Hospital
7226627567,node,PMC ARMED FORCE MEDICAL COLLEGE(AFMC),hospital,,,,,,,18.503916,73.890117,Hospital
7226627607,node,Rural Hospital Velhe,hospital,,,,,,,18.298535,73.638354,Hospital
7226627619,node,Bharati Vidyapeeth Dental College and Hospital,hospital,,,,,,,18.457239,73.855026,Hospital
7226627621,node,Rural Hospital Jejuri,hospital,,,,,,,18.2755356,74.163285,Hospital
7226627639,node,"Rural Hospital, Supa",hospital,,,,,,,18.3325127,74.3736146,Hospital
7226627646,node,Arvind Ganpat Bartakke Dawakhana Atulnagar,hospital,,,,,,,18.48356,73.792632,Hospital
7226627660,node,Murlidhar Pandurang Laigude Hospital,hospital,,,,,,,18.4623918,73.804957,Hospital
7226627670,node,"Rural Hospital, Saswad",hospital,,,,,,,18.3471592,74.0307032,Hospital
7226627678,node,"Government Hospital, Lasurne",hospital,,,,,,,18.088994,74.7585812,Hospital
7226627681,node,"Rural Hospital, Nimgaon Ketki",hospital,,,,,,,18.08329,74.909647,Hospital
7226627696,node,SDH Daund,hospital,,,,,,,18.4723803,74.5720001,Hospital
7226627711,node,"Government Hospital, Kurkumbh",hospital,,,,,,,18.3925773,74.5391703,Hospital
7226627720,node,Late Anandibai Narhar Gadgil Hospital,hospital,,,,,,Public,18.5024088,73.8386813,Hospital
7226627729,node,"Rural Hospital, Rui",hospital,,,,,,,18.18129,74.611755,Hospital
7226727301,node,"Rural Hospital, Shirur",hospital,,,,,,,18.825503,74.373057,Hospital
7226727307,node,"Rural Hospital, Nhavare",hospital,,,,,,,18.661899,74.3718586,Hospital
7226727325,node,PCMC-Yashwantrao Chavan Memorial Hospital,hospital,,,,,,,18.6218172,73.8211251,Hospital
7226727329,node,Takawe Rural hospital,hospital,,,,,,,18.8053663,73.6047018,Hospital
7226727336,node,"Rural Hospital, Chandoli",hospital,,,,,,,18.845824,73.878716,Hospital
7226727348,node,"Rural Hospital, Shikrapur",hospital,,,,,,,18.6900735,74.1397732,Hospital
7226727370,node,Sutika Seva Mandir,hospital,,,,,,,18.513913,73.846551,Hospital
7226727373,node,PCMC-Akurdi Hospital,hospital,,,,,,,18.649885,73.781999,Hospital
7226727379,node,"Rural Hospital, Alandi",hospital,,,,,,,18.675174,73.89796,Hospital
7226727387,node,PMC Sangamnerkar Hospital (N. G. O.),hospital,,,,,,,18.561134,73.921412,Hospital
7226727390,node,Chris Rock Edward Paul Hospital,hospital,,,,,,,18.5770661,73.8990724,Hospital
7226727415,node,Rural Hospital Kale Colony,hospital,,,,,,,18.6837237,73.5101049,Hospital
7226727431,node,"Rural Hospital, Chakan",hospital,,,,,,,18.755879,73.859711,Hospital
7226727437,node,"PCMC-Talera Hospital, Chinchwad",hospital,yes,,,,,,18.626544,73.784354,Hospital
7226727441,node,Sasoon Hospital,hospital,,,,,,,18.521872,73.873118,Hospital
7226727467,node,PCMC-Bhosari Hospital,hospital,,,,,,,18.620365,73.847955,Hospital
7466308062,node,Dr Bhore's Mother & Child Clinic,hospital,,,,,,,18.5977182,73.9028326,Hospital
7466371303,node,CT Nursing Home,hospital,yes,,,,,,18.596865,73.9001514,Hospital
7614911547,node,"FPA , Kothrud",hospital,,,,,,,18.506552,73.7886402,Hospital
7621410003,node,Colony Nursing Home,hospital,,,,,,,18.5030769,73.8446917,Hospital
7632134931,node,Khed Police Station,police,,,,,,Police,18.8499104,73.8867176,Police Station
7649461712,node,Akshara Maternity Hospital,hospital,,,,,,,18.4857137,73.9545579,Hospital
7649461713,node,Sathe Hospital,hospital,,,,,,,18.6040867,73.9153855,Hospital
7649461714,node,Gupte Hospital Extension Clinic,hospital,,,,,,,18.557773,73.793639,Hospital
7649461715,node,Shree Ganesh Hospital,hospital,,,,,,,18.509568,73.69005,Hospital
7649461716,node,Hinjawadi Hospital,hospital,,,,,,,18.5950742,73.7350569,Hospital
7649461717,node,Gauri Hospital,hospital,,,,,,,18.624263,73.85793,Hospital
7649461718,node,Mahesh Smruti Multispeciality Hospital,hospital,,,,,,,18.4968106,73.9615264,Hospital
7649461719,node,Lotus Hospital,hospital,,,,,,,18.515216,73.964247,Hospital
7649461721,node,Bora Hospital,hospital,,,,,,,18.5828476,73.8122787,Hospital
7649461724,node,Shivam Hospital,hospital,,,,,,,18.500617,73.9364994,Hospital
7649461725,node,ESIC Hospital,hospital,,,,,,,18.6445126,73.7958922,Hospital
7649461728,node,Saijyoti Hospital & ICU,hospital,,,,,,,18.6138321,73.7632889,Hospital
7649461729,node,Kamal Hospital,hospital,,,,,,,18.494483,73.902522,Hospital
7649461730,node,Manas Hospital,hospital,,,,,,,18.449772,73.837835,Hospital
7649461731,node,Prime Multispeciality Hospital,hospital,,,,,,,18.5535131,73.7537866,Hospital
7649461732,node,Goodwill Icon Hospital,hospital,,,,,,,18.5537182,73.9395977,Hospital
7649461733,node,Shreenath Hospital,hospital,,,,,,,18.4323612,73.9789156,Hospital
7649461734,node,Orchid Speciality Hospital,hospital,yes,,,,,Orchid Cure and Care Pvt. Ltd.,18.6005779,73.9096039,Hospital
7649461740,node,Golden Care Hospital,hospital,yes,,,+91 84484 44867;+91 77750 02255,,,18.6020756,73.7476511,Hospital
7649461741,node,Shree Sai Prasad Hospital,hospital,,,,,,,18.4495732,73.8484382,Hospital
7649461745,node,Petals Hospital,hospital,,,,,,,18.5492968,73.8888427,Hospital
7649461746,node,Gangotri Hospital,hospital,,,,,,,18.6724303,73.8260381,Hospital
7649461747,node,Dr. Agarwals Eye Hospital,hospital,,,,,,,18.5535506,73.80838,Hospital
7649461748,node,Fursungi Old ZP Hospital,hospital,,,,,,,18.4719058,73.977854,Hospital
7649461749,node,Shwas Multispeciality Hospital,hospital,,,,,,,18.4468202,73.8373703,Hospital
7649461750,node,Mauli Hospital,hospital,,,,,,,18.6245425,73.8577616,Hospital
7649461752,node,Londhe Hospital,hospital,,,,,,,18.4768406,73.9257973,Hospital
7649461753,node,Snehbandh Multispeciality Hospital,hospital,,,,,,,18.5806656,73.8307214,Hospital
7649461754,node,N. M. Wadia Hospital,hospital,,,,,,,18.530716,73.876952,Hospital
7649461756,node,Mahalunge Hospital,hospital,,,,,,,18.7554213,73.80879,Hospital
7649461757,node,Shahu Hospital,hospital,,,,,,,18.4820937,73.8993556,Hospital
7649461761,node,Mayureshwar Multispeciality Hospital,hospital,,,,,,,18.4488442,73.832632,Hospital
7649461763,node,Dr. Shraddha Angal,hospital,,,,,,,18.540958,73.829755,Hospital
7649461764,node,Nanal Hospital,hospital,,,,,,,18.6248618,73.8026145,Hospital
7649461768,node,Ayushree Hospital,hospital,,,,,,,18.6130394,73.7141648,Hospital
7649461770,node,Omkar Children Hospital,hospital,,,,,,,18.4890478,73.9498267,Hospital
7649461772,node,Giridhar Hospital,hospital,,,,,,,18.448229,73.83316,Hospital
7649461774,node,Noble Hospital,hospital,,,,,,,18.5035846,73.9273481,Hospital
7649461775,node,Global chemist,hospital,,,,,,,18.6143742,73.7657379,Hospital
7649461776,node,Vighnaharta Hospital,hospital,,,,,,,18.4849699,73.9553255,Hospital
7649461777,node,PCIP Hospital,hospital,,,,,,,18.624903,73.803616,Hospital
7649461779,node,New Command Hospital,hospital,,,,,,,18.4956457,73.884521,Hospital
7649461780,node,Sushrusha Hospital,hospital,,,,,,,18.483917,73.939737,Hospital
7649461781,node,Aditya Hospital,hospital,,,,,,,18.586342,73.813735,Hospital
7649461782,node,Public Civil Hospital,hospital,,,,,,,18.473903,73.9761783,Hospital
7649461783,node,Serene Hospital,hospital,,,,,,,18.569842,73.8823303,Hospital
7649461784,node,Sakhalkar Hospital,hospital,,,,,,,18.747103,73.4084439,Hospital
7649461785,node,Sanjeevani Hospital,hospital,,,,,,,18.5914168,73.7395295,Hospital
7649461787,node,Chaitanya General Hospital,hospital,,,,,,,18.519983,73.9067768,Hospital
7649461788,node,Dharmadhikari Hospital,hospital,,,,,,,18.5015481,73.9357865,Hospital
7649461789,node,Dinkar Hospital,hospital,,,,,,,18.4869268,73.9421209,Hospital
7649461791,node,Pagare Hospital,hospital,,,,,,,18.5889738,73.8165592,Hospital
7649461792,node,Shree Hospital,hospital,,,,,,,18.5515015,73.9411724,Hospital
7649461796,node,Dr. Babasaheb Ambedkar Cantonment General Hospital,hospital,,,,,,,18.5687508,73.8486366,Hospital
7649461798,node,Tongaonkar Hospital,hospital,,,,,,,18.653062,73.781126,Hospital
7649461799,node,Varad Hospital & Critical Care,hospital,,,,,,,18.6636382,73.735329,Hospital
7649461801,node,Harpale Hospital,hospital,,,,,,,18.486701,73.9520187,Hospital
7649461802,node,Life Care Multispecality Hospital,hospital,,,,,,,18.4879916,73.9389363,Hospital
7649461803,node,Sadhana Hospital,hospital,,,,,,,18.488725,73.949843,Hospital
7649461804,node,Bhakare Super Speciality Hospital,hospital,,,,,,,18.448115,73.849133,Hospital
7649461805,node,Kasturba General Hospital,hospital,,,,,,,18.5725401,73.8815063,Hospital
7649461806,node,Shree Sai Hospital,hospital,,,,,,,18.5102804,73.689908,Hospital
7649461807,node,Sudarshan Hospital,hospital,,,,,,,18.588825,73.817373,Hospital
7649461808,node,Niga Hospital,hospital,,,,,,,18.4897147,73.9500252,Hospital
7649461810,node,Vinayak Hospital,hospital,,,,,,,18.5684211,73.8797365,Hospital
7649461816,node,Shree Anand Memorial Hospital,hospital,,,,,,,18.6158378,73.7703502,Hospital
7649461817,node,Aadhar Hospital,hospital,,,,,,,18.4756335,73.9316237,Hospital
7649461818,node,Max Neuro Hospital,hospital,,,,,,,18.5984676,73.8285109,Hospital
7649461820,node,Mauli Lahan Mulanche Hospital,hospital,,,,,,,18.696125,74.139691,Hospital
7649461821,node,Deogiri Hospital,hospital,,,,,,,18.479672,73.956002,Hospital
7649461823,node,"Manipal Hospital, Pune",hospital,,,,,,,18.5409242,73.935679,Hospital
7649461825,node,Ayodhya Trust General Hospital,hospital,,,,,,,18.49253,73.9037686,Hospital
7651453308,node,Chordiya Nursing Home,hospital,,,,,,,18.4581135,73.8781846,Hospital
7651453309,node,Anup Hospital,hospital,,,,,,,18.498738,73.838315,Hospital
7651453312,node,Apex Superspeciality Hospital,hospital,,,,,,,18.5075984,73.8439447,Hospital
7651453318,node,Date Hospital,hospital,,,,,,,18.51024,73.8522294,Hospital
7651453320,node,Morya General Hospital,hospital,,,,,,,18.5147901,73.8484343,Hospital
7651453323,node,Suman Hospital,hospital,,,,,,,18.492348,73.853457,Hospital
7651453325,node,Lifeline Hospital,hospital,,,,,,,18.4723283,73.8923643,Hospital
7651453326,node,Sabane Hospital,hospital,,,,,,,18.5107027,73.8434338,Hospital
7651453329,node,Kamat Hospital,hospital,,,,,,,18.512445,73.869389,Hospital
7651453330,node,Bindu Madhav Thakarey Hospital,hospital,,,,,,,18.496127,73.817109,Hospital
7651453334,node,National Hospital,hospital,yes,,,,,,18.4714238,73.8887261,Hospital
7651453335,node,Meenatai Thakre Maternity Home,hospital,,,,,,,18.47396,73.889134,Hospital
7651453338,node,Bhagirathi Children's Hospital,hospital,,,,,,,18.4947224,73.8229041,Hospital
7651453339,node,Vishranti Hospital,hospital,,,,,,,18.5086317,73.8744506,Hospital
7651453340,node,Matru Seva Hospital;Pacharne Hospital,hospital,,,,,,,18.516314,73.871996,Hospital
7651453344,node,Shraddha Hospital,hospital,,,,,,,18.4909252,73.845933,Hospital
7651453349,node,Purohit Hospital,hospital,,,,,,,18.4975587,73.8513176,Hospital
7651453350,node,Prerna Hospital,hospital,,,,,,,18.4553105,73.8690108,Hospital
7651453353,node,Bapat Hospital,hospital,,,,,,,18.530365,73.842063,Hospital
7651453355,node,Shivneri Hospital,hospital,,,,,,,18.449571,73.85723,Hospital
7651453361,node,New Pune Hospital,hospital,,,,,,,18.470806,73.888399,Hospital
7651453365,node,Kothari Orthopaedic Hospital,hospital,,,,,,,18.4891725,73.8571698,Hospital
7651453367,node,Kalyani Hospital,hospital,,,,,,,18.5046645,73.8592129,Hospital
7651453368,node,Kumbhare Hospital,hospital,,,,,,,18.5218011,73.8622355,Hospital
7651453369,node,योगेश हॉस्पिटल,hospital,,,,,,,18.510438,73.847875,Hospital
7651453370,node,Gokhale Hospital,hospital,,,,,,,18.502188,73.857108,Hospital
7651453375,node,Sai Samarth Hospital,hospital,,,,,,,18.5231039,73.8681573,Hospital
7651453377,node,Dr. Baba Saheb Ambedkar Hospital;dr baba saheb ambedkar hospital,hospital,,,,,,,18.4962994,73.8702072,Hospital
7651453378,node,Todkar Hospital,hospital,,,,,,,18.5107128,73.8660862,Hospital
7651453379,node,Shaishav Children's Hospital,hospital,,,,,,,18.5137927,73.8476204,Hospital
7651453383,node,Suyash Hospital,hospital,,,,,,,18.5001862,73.8124022,Hospital
7651453384,node,Moraya Nursing Home,hospital,,,,,,,18.4472895,73.8662836,Hospital
7651453385,node,Swanand Maternity Hospital,hospital,,,,,,,18.5297435,73.8339823,Hospital
7651453386,node,City Hospital,hospital,,,,,,,18.5071504,73.7997343,Hospital
7651453389,node,Parasnis Hospital,hospital,,,,,,,18.474694,73.858715,Hospital
7651453390,node,Shintre Hospital,hospital,,,,,https://www.shintrehospital.in/,,18.5122403,73.8499324,Hospital
7651453392,node,Alliance Munot Hospital;munot hospital,hospital,,,,,,,18.5025447,73.8686993,Hospital
7651453393,node,Kalavati Mavale Hospital,hospital,,,,,,,18.5150421,73.8464127,Hospital
7651453397,node,Jeevandhara Multispeciality Hospital,hospital,,,,,,,18.4491259,73.8577679,Hospital
7651453399,node,ASG Eye Hospital,hospital,,,,,,,18.528932,73.8436351,Hospital
7651453401,node,Rode Hospital,hospital,,,,,,,18.5091812,73.8149589,Hospital
7651453402,node,Mantri Hospital,hospital,,,,,,,18.505204,73.834167,Hospital
7651453403,node,Kering Hospital;kering clinic,hospital,,,,,,,18.5029885,73.8682087,Hospital
7651453404,node,Siddhivinayak Hospital,hospital,,,,,,,18.4559009,73.8709944,Hospital
7651453409,node,Kirad Hospital,hospital,,,,,,,18.5143478,73.868913,Hospital
7651453412,node,Chajed Hospital,hospital,,,,,,,18.50451,73.8628189,Hospital
7651453413,node,KEM Hospital,hospital,,,,,,,18.5200596,73.8669776,Hospital
7651453415,node,Hope Hospital,hospital,,,,,,,18.5126915,73.869516,Hospital
7651453417,node,David Sassoon Hospital,hospital,,,,,,,18.525279,73.870499,Hospital
7651453418,node,MJM Hospital,hospital,,,,,,,18.5245059,73.8438216,Hospital
7651453422,node,Chavan Hospital,hospital,,,,,,,18.502202,73.8584592,Hospital
8204734780,node,dental health care,hospital,,,,,,dr. junid tamboli,18.5062183,73.8625941,Hospital
8257047090,node,ARCUS HOSPITAL,hospital,,,,02041295055,https://www.arcushospital.com,,18.4889132,73.8990842,Hospital
8257587510,node,Sai Allergy asthma Eye Children Hospital,hospital,,,,,https://www.allergyasthmaindia.com/saieyecentre,,18.4852917,73.8514295,Hospital
8257680507,node,Sathe Multispeciality Hospital,hospital,,,,,https://www.sathehospital.in/,,18.5067869,73.8037337,Hospital
8266093820,node,"Facethetics - Dental, Facial Cosmetics(BOTOX), & Hair Transplant Clinique",hospital,,,,,https://www.facetheticspune.in/,,18.5136297,73.8285827,Hospital
8266823683,node,DR PATIL'S FACE DENTAL HOSPITAL,hospital,,,,,https://www.facendental.in/facendental,,18.6284608,73.7801267,Hospital
8272614789,node,,hospital,,,,,,,18.5759709,73.8258994,Hospital
8273719055,node,Shree Hospital,hospital,,,,,https://www.shreehospital.com/kharadi,,18.5664237,73.8144112,Hospital
8422532155,node,Rakshak Hospital,hospital,,,,,,,18.6971813,74.1397945,Hospital
8552556595,node,Karan Hospital,hospital,yes,,,,,karann,18.5836745,73.8846483,Hospital
8585616661,node,Life Republic Fire Station,fire_station,,,,,,,18.622011,73.7160677,Fire Station
8792514482,node,Desai Hospital Bhosari,hospital,,,,,,,18.6883618,73.8051864,Hospital
8792514483,node,"SAMARTH HOSPITAL General,Surgical Accident & Maternity hospital",hospital,,,,,,,18.6973265,73.7907283,Hospital
8792514484,node,Choudhary multispeciality Hospital,hospital,,,,,,,18.6815519,73.8254687,Hospital
8806123923,node,Ordnance Factory Hospital,hospital,,,,,,,18.5607785,73.8444489,Hospital
8810721819,node,Kute Hospital,hospital,,,,,,,19.260746,73.9822169,Hospital
8811048175,node,Morya Multispeciality Hospital,hospital,,,,,,,18.4643898,73.8153134,Hospital
8811112959,node,Baramati Hospital,hospital,,,,,,,18.1407754,74.5795266,Hospital
8811131780,node,Mehta Hospital,hospital,,,,,,,18.1633034,74.5876947,Hospital
8811161914,node,Apex Hospital,hospital,,,,,,,18.8464245,73.8919066,Hospital
8811509996,node,"Shingote Multispeciality Hospital ,Prasutigruah",hospital,,,,,,,19.206163,73.8697163,Hospital
8813247692,node,GetWell Multispeciality Hospital,hospital,,,,,,,18.9978336,73.9434479,Hospital
8813266506,node,Indrayani Hospital,hospital,,,,,,,18.7422418,73.6803903,Hospital
8813296677,node,Bhimashankar Hospital and Research Centre,hospital,,,,,,,19.0062215,73.9225629,Hospital
8813297961,node,Dr. Mate Hospital,hospital,,,,,,,19.1169247,73.9752576,Hospital
8813306832,node,Shlok Hospital,hospital,,,,,,,18.3479815,73.8497289,Hospital
8813308596,node,Om Chaitanya Hospital,hospital,,,,,,,19.1844257,74.0991408,Hospital
8813394447,node,Matoshri Ramabai Ambedkar Prasutigriha,hospital,,,,,,,18.502785,73.8500051,Hospital
8813476678,node,Savitribai Phule Meternity Home,hospital,,,,,,,18.5048618,73.8611993,Hospital
8813532472,node,Premchand Oswal Hospital,hospital,,,,,,,18.4677248,73.8683031,Hospital
8813545344,node,"Janata Hospital ,Pune",hospital,,,,,,,18.4993855,73.8470078,Hospital
8813559775,node,"Government Hospital, Dhankawadi",hospital,,,,,,,18.4652208,73.8495579,Hospital
8813588472,node,Vasant More Hospital,hospital,,,,,,,18.4533972,73.8698521,Hospital
8813604430,node,Brahm Chaitanya Hospital,hospital,,,,,,,18.6342441,73.7885624,Hospital
8813631718,node,Hazrat Maulana Yunus Sahab Rahmatullah Alaih Dawakhana,hospital,,,,,,,18.4482157,73.856594,Hospital
8813660507,node,G B Indumati Manilal Khanna Hospital,hospital,,,,,,,18.4925761,73.8665946,Hospital
8813690298,node,"VishwaRaj Hospital ,Pune",hospital,,,,,,,18.4896852,74.0224054,Hospital
8813697799,node,"Langhe Hospital ,Shikrapur",hospital,,,,,,,18.6941035,74.1394302,Hospital
8813705904,node,Varadvinayak Children and Eye Hospital,hospital,,,,,,,18.4934295,73.9315228,Hospital
8813785008,node,Ojas Multispeciality Hospital,hospital,yes,,,,,,18.6432539,73.7546177,Hospital
8813801075,node,Rising Medicare Hospital,hospital,,,,,,,18.5537402,73.9393307,Hospital
8813823813,node,Om Hospital,hospital,,,,,,,18.6241345,73.8545347,Hospital
8814055556,node,Late Pruthak Barate Hospital,hospital,,,,,,,18.4753187,73.7975854,Hospital
8814079665,node,Sanjeevan Hospital,hospital,,,,,,,18.6240914,73.8538715,Hospital
8814103200,node,Apollo Spectra Hospitals,hospital,,,,,,,18.5029796,73.8520221,Hospital
8814211464,node,Shree Hospital,hospital,,,,,,,19.1803243,74.0924674,Hospital
8814221505,node,Maulinath Multispeciality Hospital,hospital,,,,,,,18.6918512,74.1323398,Hospital
8814252813,node,Siddhivinayak Hospital,hospital,,,,,,,18.256667,73.8871068,Hospital
8814464678,node,Life Line Hospital,hospital,,,,,,,18.6342365,73.8492487,Hospital
8814493799,node,Mahalaxmi Hospital,hospital,,,,,,,18.4595771,74.5829598,Hospital
8814550418,node,Jeevanjyoti Hospital,hospital,,,,,,,18.6048925,73.7785403,Hospital
8814558320,node,Sparsh Hospital,hospital,,,,,,,18.7040018,73.6845571,Hospital
8816133538,node,Unique Neonatal & Pediatric Intensive Care Unit Pvt Ltd,hospital,,,,,,,19.1819202,74.0967026,Hospital
8816294508,node,"Government Hospital, Nirgudsar",hospital,,,,,,,18.9826859,74.0435734,Hospital
9128842332,node,city hospiyal,hospital,,,,,,aditi,18.4713114,73.8878684,Hospital
9143796444,node,Om Hospital in Pune,hospital,,,,,,,18.4747094,73.8844764,Hospital
9168965822,node,Sai Shradha Health Care Centre,hospital,yes,,,,,,18.6001094,73.9096618,Hospital
9180373001,node,Chellaram Hospital,hospital,,,,,,,18.5196786,73.769934,Hospital
9198957609,node,Om Childrens Clinic,hospital,,,,,,,18.597536,73.9088733,Hospital
9215613545,node,Thite Multispeciality Hospital,hospital,,,,,,,18.5629303,73.9400147,Hospital
9215757550,node,Metropolis Healthcare Ltd,hospital,,,,,,,18.5078453,73.8265103,Hospital
9215836851,node,Shree laxmi Hospital,hospital,,,,,,,18.5503243,73.9372721,Hospital
9295472627,node,Joshi Hospital,hospital,,,,,https://www.drabhijeetjoshi.co.in/,Novosalus,18.5178773,73.842284,Hospital
9296005824,node,Ruby Hall,hospital,,,,,https://www.cardiologyindia.in/,Novosalus,18.5334658,73.8769727,Hospital
9403075422,node,Benecare Superspeciality Hospital,hospital,,,,,,,18.5639725,73.777019,Hospital
9469034214,node,Tirupati Hospital,hospital,,,,,,,18.5167814,73.774807,Hospital
9536733743,node,Patil Eye Hospital,hospital,yes,,,,https://www.patileyehospital.com/,novosalus,18.646076,73.8499688,Hospital
9732585256,node,Symbiosis University Hospital & Research Centre,hospital,yes,,,,,,18.5389496,73.7279701,Hospital
9816866773,node,"Rural Police Station, Supe",police,,,,,,Vadgaon Nimbalkar,18.3331184,74.3706366,Police Station
9816909943,node,Pushp Clinic,hospital,yes,,,,,Dr Lonkar,18.3392273,74.3807974,Hospital
9944255766,node,Vardan Clinic,hospital,,,,,,Jyoti,18.6727318,73.7323569,Hospital
9952192183,node,Saswad police station,police,,,,,,,18.3463353,74.0298813,Police Station
9954213614,node,Mule Hospital and Chikitsalay diagnostics,hospital,,,,,,,18.5867313,73.7809817,Hospital
9981925165,node,Little miracle childrens hospital,hospital,,,,+91 77579 33138,,,18.5945809,73.7687807,Hospital
10010729790,node,Manipal Hospital,hospital,,,,,,Novosalus,18.5663598,73.7695757,Hospital
10054125792,node,Koregaon Police Chowki,police,,,,,,,18.5393504,73.8997958,Police Station
10108645141,node,Aashirwad Hospital,hospital,yes,,,,,,18.479729,73.8282621,Hospital
10109217027,node,Care lifeline hospital,hospital,,,,,,,18.611843,73.7836895,Hospital
10109217028,node,साईकृपा रुग्णालय,hospital,,,,,,,18.611978,73.7838011,Hospital
10172902304,node,Modern Hospital,hospital,,,,,,,18.5157161,73.8688388,Hospital
10172907598,node,Saswad ST stand,hospital,,,,,,,18.3500076,74.0292615,Hospital
10172907600,node,Sant Dnyaneshwar Palkhi tal 1,hospital,,,,,,,18.3498876,74.0262279,Hospital
10172907601,node,Sant Dnyaneshwar Palkhi tal 2,hospital,,,,,,,18.350887,74.0259639,Hospital
10172907602,node,Sport Ground,hospital,,,,,,,18.3469456,74.0273196,Hospital
10172907604,node,Dhanvantari Hospital,hospital,,,,,,,18.3511289,74.028383,Hospital
10172907609,node,Waghire college Ground,hospital,,,,,,,18.354553,74.0251132,Hospital
10172914027,node,mothercare hospital,hospital,,,,,,,18.4873135,73.8761077,Hospital
10172914028,node,metro advanced homeopathy clinic,hospital,,,,,,,18.4864264,73.8740424,Hospital
10172914029,node,suraj hospital,hospital,,,,,,,18.4814426,73.872471,Hospital
10172914030,node,anvi ENT and thyroid clinic,hospital,,,,,,,18.4840027,73.8716266,Hospital
10172914032,node,sharda clinic,hospital,,,,,,,18.5012435,73.8663445,Hospital
10172914040,node,immunology and rheumatology clinic,hospital,,,,,,,18.4958983,73.8886709,Hospital
10172914042,node,sahyadri hospital,hospital,,,,,,,18.4781663,73.8621023,Hospital
10172914043,node,harsh hospital,hospital,,,,,,,18.4803051,73.8661942,Hospital
10172914044,node,apollo clinic,hospital,,,,,,,18.5644671,73.9139265,Hospital
10172914045,node,bhagali clinic and nursing home,hospital,,,,,,,18.474674,73.8580682,Hospital
10172914046,node,sayar hospital,hospital,,,,,,,18.4734893,73.8626065,Hospital
10172914047,node,isshan orthopedic hospital,hospital,,,,,,,18.4728083,73.8631451,Hospital
10172914048,node,dr kashyab nursing home,hospital,,,,,,,18.4705573,73.8643492,Hospital
10172914049,node,,hospital,,,,,,,18.4705532,73.8632764,Hospital
10172925426,node,Bora Hospital,hospital,,,,,,,18.5104549,73.8639446,Hospital
10172926367,node,kedari Hospital,hospital,,,,,,,18.5152955,73.8754518,Hospital
10172942164,node,Umarji Hospital,hospital,,,,,,,18.5119365,73.857759,Hospital
10172942165,node,Panchsheel Hospital,hospital,,,,,,,18.5140768,73.8692464,Hospital
10172942167,node,Sardar Patel Genral Hospital,hospital,,,,,,,18.5027364,73.8771188,Hospital
10172942168,node,Meera Hospital,hospital,,,,,,,18.5023171,73.8746937,Hospital
10172942169,node,Allice Munot Hospital,hospital,,,,,,,18.5025502,73.8686991,Hospital
10172942170,node,Kering Hospital,hospital,,,,,,,18.5030034,73.8681299,Hospital
10172942172,node,G.M Babubbhai Memo Hospital,hospital,,,,,,,18.508112,73.8751436,Hospital
10172942175,node,Military Hospital,hospital,,,,,,,18.4924252,73.8823382,Hospital
10172942176,node,CHandralok Hospital,hospital,,,,,,,18.4803326,73.8610219,Hospital
10172942177,node,Sangam Hospital,hospital,,,,,,,18.4757475,73.857877,Hospital
10172966014,node,"Centre for Police Research - CPR,",police,,,,,,,18.540655,73.8224604,Police Station
10172977859,node,Oyster and Pearl Hospital,hospital,,,,,,,18.5318931,73.8472769,Hospital
10172977865,node,Ghaisas ENT Hospital,hospital,,,,,,,18.5172397,73.8423562,Hospital
10172977866,node,Phadke Hospital,hospital,,,,,,,18.5183149,73.843879,Hospital
10172977868,node,Seth Tarachand Hospital,hospital,,,,,,,18.5177725,73.864031,Hospital
10172977869,node,Shre Samarth Hospital,hospital,,,,,,,18.5180497,73.8658612,Hospital
10172977877,node,Ruby Hall Clinic,hospital,,,,,,,18.5327841,73.8773654,Hospital
10172977879,node,Red blood hospital,hospital,,,,,,,18.5273893,73.8710163,Hospital
10172977880,node,Nityashraddha super speciality hospital,hospital,,,,,,,18.5278495,73.8760898,Hospital
10172977881,node,N. M. Wadia Institute of Cardiology,hospital,,,,,,,18.5307461,73.8771922,Hospital
10172977882,node,WEST VALLEY MULTISPECIALITY HOSPITAL PVT LTD,hospital,,,,,,,18.5351432,73.8765318,Hospital
10172977883,node,Kawediya Hospital,hospital,,,,,,,18.5242312,73.8627099,Hospital
10172977888,node,Unique Hospital,hospital,,,,,,,18.5221641,73.8676777,Hospital
10172977893,node,Sadhu Vaswani Missions Medical Complex,hospital,,,,,,,18.5347719,73.8874441,Hospital
10172983019,node,school Ground,hospital,,,,,,,18.3540562,74.0328935,Hospital
10172986709,node,Poona Hospital and Research Centre,hospital,,,,,,,18.510644,73.8420437,Hospital
10172986710,node,DEENDAYAL MEMORIAL HOSPITAL,hospital,,,,,,GOVT,18.5249802,73.8411721,Hospital
10172986712,node,KAMLA NEHRU HOSPITAL,hospital,,,,,,GOVT,18.5229428,73.8620344,Hospital
10172986714,node,GLOBAL HOSPITAL & RESEARCH,hospital,,,,,,,18.5012869,73.8410045,Hospital
10172986715,node,RANKA HOSPITAL,hospital,,,,,,,18.4949578,73.8619001,Hospital
10173005946,node,Joshi Hospital,hospital,,,,,,,18.5179034,73.8422853,Hospital
10173005947,node,Prayag Hospital,hospital,,,,,,,18.5174841,73.842789,Hospital
10173007817,node,PUNE ADVENTIST HOSPITAL,hospital,,,,,,,18.491946,73.8709604,Hospital
10173007819,node,HARIJIVAN HOSPITAL,hospital,,,,,,,18.5001316,73.8543108,Hospital
10211451431,node,lokmanya hospital,hospital,no,,,,,all,18.6373267,73.7903342,Hospital
10211453602,node,lokmanya hospital,hospital,,,,,,,18.6337814,73.8032159,Hospital
10219080692,node,hospital26,hospital,,,,,,,18.5583938,73.9309874,Hospital
10219123476,node,UNDRE HP,hospital,,,,,,,18.5814556,73.9856214,Hospital
10219123478,node,PHC,hospital,,,,,,,18.5799148,73.9827951,Hospital
10219123481,node,HOSPITAL 9,hospital,,,,,,,18.5795587,73.9876243,Hospital
10219123490,node,SKINN AND HAIR CLINIC,hospital,,,,,,,18.5777941,73.9951355,Hospital
10219138027,node,Bavdhan Police Chowki,police,,,,+91-020-22934622,,,18.5225916,73.7796133,Police Station
10219159607,node,,hospital,,,,,,,18.5823427,73.9805643,Hospital
10219159608,node,,hospital,,,,,,,18.5813689,73.9831702,Hospital
10219159609,node,,hospital,,,,,,,18.5833077,73.9831235,Hospital
10219159610,node,,hospital,,,,,,,18.5829181,73.9770058,Hospital
10219159611,node,,hospital,,,,,,,18.5813104,73.9913616,Hospital
10219159612,node,,hospital,,,,,,,18.5792033,73.9819282,Hospital
10219159614,node,,hospital,,,,,,,18.5782826,73.9758572,Hospital
10219159615,node,,hospital,,,,,,,18.5738773,73.9652574,Hospital
10219159616,node,shree shidhi hospital,hospital,,,,,,,18.5755248,73.9600792,Hospital
10219198227,node,Public health Care Wagoli,hospital,,,,,,,18.5799268,73.982826,Hospital
10219198228,node,care hospital,hospital,,,,,,,18.581348,73.9851155,Hospital
10219198229,node,Undre Hospital,hospital,,,,,,,18.5814961,73.9855996,Hospital
10219198235,node,Shinde Hospitals,hospital,,,,,,,18.5801148,73.9815294,Hospital
10219198236,node,Pulse Speciality Hospital,hospital,,,,,,,18.5867939,73.9664803,Hospital
10219198237,node,Morya Hospitals,hospital,,,,,,,18.5748109,73.9618613,Hospital
10219198238,node,Siddheswar Hospitals,hospital,,,,,,,18.5733714,73.9557181,Hospital
10219198239,node,Medinova Hospital,hospital,,,,,,,18.5762741,73.9634679,Hospital
10219198240,node,Dhanwatari Hospital,hospital,,,,,,,18.5791205,73.9794326,Hospital
10219198241,node,Sai Hospitals,hospital,,,,,,,18.5818139,73.9885029,Hospital
10219198242,node,Siddheswar Hospital,hospital,,,,,,,18.5733934,73.9557641,Hospital
10219198243,node,Lotus Hospital,hospital,,,,,,,18.578795,73.9792027,Hospital
10219198244,node,Care Hospitals,hospital,,,,,,,18.5748089,73.961192,Hospital
10219198246,node,police station Wagoli;Wagoli police station,police,,,,,,,18.5818249,73.9868542,Police Station
10219198247,node,lonikand Police station,police,,,,,,,18.620529,74.0237993,Police Station
10219198248,node,Unit 6 Police Station,police,,,,,,,18.572673,73.9782357,Police Station
10219216817,node,,hospital,,,,,,,18.5732671,73.975321,Hospital
10219216818,node,,hospital,,,,,,,18.5784537,73.9611375,Hospital
10219216819,node,,hospital,,,,,,,18.5789012,73.9571464,Hospital
10219216821,node,,hospital,,,,,,,18.5764605,73.9703857,Hospital
10219216822,node,,hospital,,,,,,,18.5720966,73.9841075,Hospital
10219216823,node,,hospital,,,,,,,18.567375,73.9569307,Hospital
10219216824,node,,hospital,,,,,,,18.5715041,73.9578748,Hospital
10219216825,node,,hospital,,,,,,,18.5717686,73.9559436,Hospital
10219216826,node,,hospital,,,,,,,18.5651782,73.9581752,Hospital
10219216827,node,,hospital,,,,,,,18.5644662,73.9627028,Hospital
10219216828,node,,hospital,,,,,,,18.5655036,73.9468456,Hospital
10219230625,node,Life Line Hospital,hospital,,,,,,,18.5837117,73.9896156,Hospital
10219230627,node,Care Hospital,hospital,,,,,,,18.5813193,73.9851071,Hospital
10219230629,node,Medinova Hospitals,hospital,,,,,,,18.5762624,73.9634374,Hospital
10219230630,node,Lotus Hospitals,hospital,,,,,,,18.5787686,73.9792657,Hospital
10219230631,node,Shusshrusha Hospital,hospital,,,,,,,18.5846747,73.9915895,Hospital
10219230632,node,Shinde Hospitals,hospital,,,,,,,18.580056,73.9815296,Hospital
10219230635,node,Rainbow Hospitals,hospital,,,,,,,18.5803943,73.9899857,Hospital
10219230636,node,Sai Hospitals,hospital,,,,,,,18.5778028,73.9951077,Hospital
10219230637,node,Unity Hospitals,hospital,,,,,,,18.5807427,73.988689,Hospital
10219230638,node,Morya Hospitals,hospital,,,,,,,18.5748601,73.9618107,Hospital
10219230639,node,Pulse hospitals,hospital,,,,,,,18.5867951,73.9664379,Hospital
10219230641,node,Metro Hospitals,hospital,,,,,,,18.580852,73.9821671,Hospital
10219230642,node,Shinde hospitals,hospital,,,,,,,18.5801484,73.9814572,Hospital
10219230643,node,wagoli police station,police,,,,,,,18.581217,73.9865263,Police Station
10219230644,node,Police Station,police,,,,,,,18.5713171,73.9790844,Police Station
10219230645,node,Chandan nagar police,police,,,,,,,18.5570956,73.9280864,Police Station
10219230646,node,Life line hospital,hospital,,,,,,,18.5844508,73.9891607,Hospital
10219230647,node,imax Eye care hospital,hospital,,,,,,,18.5831658,73.9864644,Hospital
10219240225,node,,hospital,,,,,,,18.5813557,73.9851683,Hospital
10219240226,node,,hospital,,,,,,,18.5813711,73.9851159,Hospital
10219240227,node,,hospital,,,,,,,18.5814429,73.9856121,Hospital
10219240228,node,,hospital,,,,,,,18.5814616,73.9856224,Hospital
10219240229,node,,hospital,,,,,,,18.5815015,73.9855996,Hospital
10219240230,node,,hospital,,,,,,,18.5815238,73.9855901,Hospital
10219240231,node,,hospital,,,,,,,18.5801722,73.9830935,Hospital
10219240232,node,,hospital,,,,,,,18.5799659,73.9828262,Hospital
10219240233,node,,hospital,,,,,,,18.5799266,73.9827946,Hospital
10219240234,node,,hospital,,,,,,,18.5798816,73.9828739,Hospital
10219240235,node,,hospital,,,,,,,18.579814,73.9829543,Hospital
10224833643,node,Shashwat Hospital,hospital,,,,,http://shashwathospitalpune.com/shkth/,,18.4944973,73.8135873,Hospital
10262969902,node,Chavan Hospital,hospital,yes,,,,,,18.459162,73.8254504,Hospital
10290761614,node,Otur Police Station,police,,,,,,Pune Gramin,19.2702595,73.9816636,Police Station
10300636347,node,Lakshya cancer hospital,hospital,,,,+91 80072 41918,,,18.6025763,73.7773987,Hospital
10302381890,node,Wakad Police Station,police,,,,02027261120,,,18.607337,73.7653112,Police Station
10304957656,node,Chinchwad Police Station,police,,,,,,,18.6293245,73.7799961,Police Station
10312951374,node,sai medical,hospital,,,,,,,18.6568824,73.7751023,Hospital
10312986287,node,Accord hospital,hospital,yes,,,6497052331,,Unknown,18.6481462,73.8498404,Hospital
10536394543,node,Global hospital and research center,hospital,,,,,,,18.6464468,73.7571643,Hospital
10564392446,node,Dr Mhaske Hospital and Research Centre Pvt Ltd,hospital,,,,,,,18.500696,73.9415815,Hospital
10566607673,node,Rahatani Fire Station,fire_station,,,,,,Pimpri-Chinchwad Municipal Corporation,18.5962353,73.7817161,Fire Station
10566635071,node,Fire Station Pradhikaran,fire_station,,,,,,Pimpri-Chinchwad Municipal Corporation,18.6592478,73.7717409,Fire Station
10566662372,node,Chikhali Fire Station,fire_station,,,,,,Pimpri-Chinchwad Municipal Corporation,18.6644103,73.8177985,Fire Station
10566692810,node,Main PCMC Fire Station,fire_station,,,,,,Pimpri-Chinchwad Municipal Corporation,18.6227621,73.8180479,Fire Station
10569716766,node,Vaibhav Nursing Home,hospital,,,,,,,18.5875992,73.8871753,Hospital
10579277150,node,Alpha hospital,hospital,,,,,,,18.5984803,73.7640386,Hospital
10589832892,node,Ingale Hospital,hospital,,,,,,,18.6145416,73.7855399,Hospital
10590397253,node,Thergaav Fire Station,fire_station,,,,,,Pimpri-Chinchwad Corporation,18.612189,73.7788059,Fire Station
10593818829,node,Care Hospital,hospital,,,,,,,18.4645854,73.8906932,Hospital
10595648368,node,,hospital,,,,,,,18.5071972,73.7947857,Hospital
10603175290,node,sancheti bhavan,social_facility,,shelter,,,,,18.6137401,73.77632,Emergency Shelter
10603369857,node,Care Hospital,hospital,,,,,,,18.5827149,73.9882918,Hospital
10610500277,node,Vishrantwadi Police Station,police,,,,,,,18.5646718,73.8775269,Police Station
10654184123,node,,hospital,,,,,,,18.6084525,73.7772728,Hospital
10657354394,node,Police Station Ravet,police,,,,,,,18.6418999,73.7554515,Police Station
10679656824,node,Orion hospital,hospital,yes,,,,,,18.6001101,73.7634111,Hospital
10679656826,node,Nakshatra eye hospital,hospital,,,,,,,18.5999218,73.7634297,Hospital
10699280077,node,Arun Hospital,hospital,yes,,,,,,18.8253312,74.3751196,Hospital
10719595734,node,Emcure Pharmaceuticals Limited,hospital,,,,,,,18.5951164,73.7126552,Hospital
10719641531,node,LifeTree Hospital,hospital,,,,,,,18.5915925,73.7435469,Hospital
10722688526,node,Marunji Hospital,hospital,,,,,,,18.6125561,73.7165025,Hospital
10722700408,node,Yashoda Children and Maternity Hospital (Pediatrician and Gynaecologist),hospital,,,,,,,18.611846,73.7171417,Hospital
10723431692,node,Dr. Satra's Dental Clinic,hospital,,,,,,Identifies as women-owned,18.5998927,73.8158263,Hospital
10724934819,node,Khare Dental Clinic,hospital,,,,,,,18.6001927,73.8177383,Hospital
10724936330,node,Ashtavinayak Dental Clinic,hospital,,,,,,,18.5985006,73.8161559,Hospital
10724936331,node,Datacha Dawakhana,hospital,,,,,,,18.5982284,73.816064,Hospital
10724941692,node,SANJIVANI HOSPITAL,hospital,,,,,,,18.5954785,73.8164532,Hospital
10724941693,node,घनवट हॉस्पिटल,hospital,,,,,,,18.595659,73.8163512,Hospital
10724941694,node,Shri Hospital,hospital,,,,,,,18.5969642,73.8152335,Hospital
10724999583,node,,hospital,,,,,,,18.5498595,73.8720836,Hospital
10725036852,node,Late.Mahadu Sakharam Tingare,fire_station,,,,,,Pune Municiple Corporation,18.5969833,73.9065533,Fire Station
10725122651,node,siddhivinayak maternity hospital and infetility center,hospital,,,,,,,18.6713107,73.8913009,Hospital
10725513809,node,Wakad Police Chowky,police,,,,,,,18.5920496,73.75756,Police Station
10725751758,node,Kand Clinic,hospital,,,,,,,18.6033572,73.8244802,Hospital
10725760953,node,PCMC Hospital,hospital,,,,,,,18.6023463,73.8251725,Hospital
10725958858,node,"Ruby Hall Clinic, Hinjawadi, Pune",hospital,,,,,,,18.5924771,73.733877,Hospital
10727125136,node,Chirayu hospital,hospital,yes,,,+91 83800 55444; +91 84469 55444,,,18.5981183,73.7639672,Hospital
10743414164,node,ASG eye hospital,hospital,,,,,,,18.5967134,73.7904165,Hospital
10755920583,node,White Shine Multispeciality Dental Clinic,hospital,yes,,,+919067440494,,Dr Heena Sonawane Sharma,18.5755375,73.9069211,Hospital
10806879301,node,JaiHind Hospital,hospital,,,,,,,18.6237191,73.851652,Hospital
10807210956,node,Sangvi Police Station,police,,,,,,,18.5785932,73.8156391,Police Station
10807258452,node,Avdhoot Hospital,hospital,,,,,,,18.159421,74.5752244,Hospital
10841638594,node,Suyash Hospital,hospital,,,,,,Dr Archana Dhumal,18.487695,74.1333938,Hospital
11059326652,node,Astha Hospital,hospital,,,,,,,18.6392794,73.7911307,Hospital
11059328195,node,Satav pathology Laboratory,hospital,,,,,,Dr. Satav,18.6366048,73.790488,Hospital
11145663294,node,Pharmacy,hospital,,,,,,,18.5348935,73.9448236,Hospital
11268303847,node,,police,,,,,,,18.6967146,73.6584954,Police Station
11292633361,node,Jeevan Uday Multispeciality Hospital,hospital,,,,,,,18.4429741,73.7807861,Hospital
11330878781,node,Vadgaon Budruk Police Chowki,police,,,,,,,18.4689831,73.8327946,Police Station
11465918491,node,Racemous Polyclinics,hospital,,,,,,,18.5208921,73.9329095,Hospital
11508053135,node,Flora Hospital,hospital,,,,,,Dr.Pawar,18.6466536,73.7549099,Hospital
11513329556,node,Highway Police,police,,,,,,,18.2273888,74.8162787,Police Station
11527131195,node,lonkar,hospital,,,,,,lonkar,18.5294468,73.9364213,Hospital
11545961639,node,,police,,,,,,,18.7539017,73.404556,Police Station
11581428805,node,elite hospital,hospital,yes,,,,,,18.5576766,73.7712894,Hospital
11583657115,node,patil hospital,hospital,,,,,,,18.4475111,73.8488292,Hospital
11607884417,node,Prism Dental and Medical Clinic,hospital,,,,,,Dr. Rohan Pulgaonkar,18.5233466,73.9333741,Hospital
11639408071,node,Bhaktisindhant Hospital,hospital,yes,,,,,,18.6674375,73.7836419,Hospital
11690681156,node,Sant Hospital,hospital,,,,,,,18.5426961,73.9244404,Hospital
11697434749,node,The Diagno Hub,hospital,,,,,,,18.6527185,73.8402987,Hospital
11729850453,node,Construction Site,hospital,,,,,,ABC,18.5829125,73.8068621,Hospital
11786140865,node,Kothrud Police Station,police,,,,,,,18.506629,73.8024748,Police Station
11786307337,node,Capital Hospital,hospital,,,,,,,18.5084717,73.793338,Hospital
11819933818,node,Vasundhara Multispeciality Hospital,hospital,,,,,,,18.7101194,73.8487002,Hospital
11819942781,node,Jijau Hospital,hospital,,,,,,,18.679124,73.8488567,Hospital
11909388851,node,Dr. Rajendra Mehata Hospital,hospital,yes,,,,,,18.5376938,73.8515302,Hospital
11935053307,node,PMC Health Center,hospital,no,,,,,Pune Municipal Corporation(PMC),18.5524886,73.9371731,Hospital
11939147052,node,Vighanaharata Hospital,hospital,yes,,,,,,18.4692892,73.8642415,Hospital
11942759805,node,Janta Fire Brigade station,fire_station,,,,,,,18.4996173,73.8484683,Fire Station
11993232411,node,Pulse Multispeciality Hospital,hospital,,,,,,Novosalus Technology,18.4595051,73.8233094,Hospital
12050590767,node,sparsh hospital,hospital,,,,,,,18.604663,73.7867792,Hospital
12085088227,node,,hospital,,,,,,,18.5737851,73.7048284,Hospital
12595620688,node,Align Diagnostic & BoneCare Polyclinic,hospital,,,,,,Nitesh Agrawal,18.5027108,73.817036,Hospital
12695936401,node,Sai General Hospital,hospital,,,,,,,18.5232288,73.6194954,Hospital
12743999956,node,Shreyash Banquets,hospital,,,,,,,18.5818334,73.9889847,Hospital
12942061149,node,Morya Multispeciality Hospital,hospital,,,,,,Novosalus Technology,18.4643737,73.8152989,Hospital
12942088174,node,Dr. Bhupeshkumar Kaware,hospital,,,,,,Novosalus Technology,18.563916,73.9186177,Hospital
12942222173,node,Abane Hospital,hospital,,,,,,Novosalus Technology,18.5011847,73.9383338,Hospital
12994259770,node,CHANDGUDE ACCIDENT HOSPITAL,hospital,yes,,,,,,18.1687072,74.5970768,Hospital
13014836263,node,Usha Urology & Andrology Clinic,hospital,,,,,,Novosalus Technology,18.5958627,73.7891883,Hospital
13014878905,node,Dr. Abhijeet Karad,hospital,,,,,,Novosalus Technology,18.6011876,73.7609645,Hospital
13069733796,node,Tiny Sparkles Dental Clinic | Multispeciality & Pediatric Dental Clinic,hospital,,,,,,,18.521272,73.7741764,Hospital
13144484779,node,Chakan Fire station,fire_station,,,,,,,18.77367,73.8693738,Fire Station
13277174096,node,Bhigwan Medicare Hospital Private Limited,hospital,,,,,,,18.2882571,74.7496653,Hospital
13332950667,node,City Hospital,hospital,,,,,,,18.5195788,73.8800262,Hospital
13347272452,node,city hospital,hospital,,,,,,,18.6161398,73.8296208,Hospital
13351468001,node,Glaze Dental Clinic - Speciality Dental Clinic and Implant Centre,hospital,,,,,,,18.5039723,73.9297032,Hospital
13366468376,node,MyGyne Clinic,hospital,,,,,https://www.mygyne.in/,,18.5082386,73.8221777,Hospital
13371299580,node,Shree Jeevan Hospital,hospital,,,,+91 95112 82020,,,18.7621801,73.5566186,Hospital
13371304699,node,Shree Jivan Hospital,hospital,,,,+91 96374 72820,,,18.7616239,73.5583735,Hospital
13371318498,node,Navajeevan Hospital,hospital,yes,,,,,Dr. Narendra Parmar Memorial Foundation,18.7618778,73.5569343,Hospital
13371332710,node,Rao Hospital,hospital,,,,+91 87668 39177,,,18.7617123,73.5573335,Hospital
13371397339,node,PHC Khadkala,hospital,,,,,,Zilla Parishad Pune,18.7636501,73.5552679,Hospital
13371416055,node,Kesar Ambulance Services,,ambulance_station,,,+91 95953 33451,,,18.7633117,73.5589559,Ambulance Station
13371416056,node,Sanjeevani Hospital,hospital,yes,,,,,,18.7626311,73.5581326,Hospital
13380447645,node,,hospital,,,,,,,18.587546,73.8870768,Hospital
13381078525,node,Samartha Hospital,hospital,,,,,,,18.7277423,73.6791991,Hospital
13381080115,node,Medicover Hospital,hospital,yes,,,,,,18.6344258,73.8461038,Hospital
13383251569,node,Siddhivinayak Hospital,hospital,yes,,,,,,18.7615542,73.5572177,Hospital
13383251593,node,Kamshet Hospital,hospital,,,,,,,18.7619019,73.5611214,Hospital
13383251596,node,Kamshet Hospital,hospital,,,,+91 93731 60505,,,18.7619041,73.5593666,Hospital
13404196986,node,Shivsai Medical & General store,hospital,no,,,,,,18.6580677,73.7215157,Hospital
13431900870,node,Synergy Heart Institute,hospital,yes,,,,,,18.5995293,73.7923998,Hospital
13459854901,node,Shri Sai Hospital (Nimbalkar Hospital),hospital,,,,02117263377,,,18.455791,74.5800677,Hospital
13521133884,node,Dr Abhinav Kesarwani Varicose Veins Specialist,hospital,no,,,+917219344591,www.drabhinav.com,Dr Abhinav Kesarwani,18.6325123,73.8015866,Hospital
13594692099,node,Anuja Multispeciality Hospital,hospital,,,,,https://www.anujahospital.com/,,18.4477588,73.8106351,Hospital
13594714993,node,Silver Birch Multispeciality Hospital,hospital,,,,,https://www.silverbirchhospitalwakad.com/,,18.6106471,73.7654745,Hospital
13616220311,node,ShivajiNagar Police Station,police,,,,,,,18.529982,73.8500128,Police Station
13619797648,node,Morya Medical,hospital,yes,,,,,,18.6273495,73.7820167,Hospital
13619853485,node,Ashwini Hospital And Endoscopy Center,hospital,,,,,,,18.6675733,73.7943345,Hospital
13619854841,node,Neneys Hospital,hospital,,,,,,,18.5536432,73.8996255,Hospital
13624835600,node,Shree Hospital,hospital,,,,,,,18.5536613,73.8992356,Hospital
13626356012,node,Gade Hospital,hospital,,,,,,,18.7877842,73.7737691,Hospital
13626356015,node,Vighnaharta Hospital,hospital,,,,,,,18.787384,73.7739646,Hospital
13629195812,node,Vedika Clinic,hospital,,,,,https://www.drsmitadeo.in/,,18.5591805,73.7924663,Hospital
13629443264,node,Ramwadi Police Station,police,,,,,,,18.5545552,73.9056355,Police Station
13629546213,node,UNIQUE HOSPITAL,hospital,,,,,,,18.734418,73.6903042,Hospital
13634357622,node,Mahalunge Police Station,police,,,,,,,18.7871321,73.7758382,Police Station
13634357624,node,Shree Hospital,hospital,,,,,,,18.7876203,73.7761757,Hospital
13638581251,node,Police Station Pimple Saudagar,police,,,,,,,18.6018193,73.7990918,Police Station
13638836883,node,Anand Hospital,hospital,,,,,,,18.7871881,73.7755177,Hospital
13639040197,node,Marungi Police Station,police,,,,,,,18.7459999,73.788333,Police Station
13640129386,node,Police Station Talegaon Dabhade,police,,,,,,,18.7141622,73.6771428,Police Station
13640134582,node,Police Station,police,,,,,,,18.6863063,73.7211878,Police Station
13644813722,node,Dr. Arundhati kale sidhaye's Vision Eye Center,hospital,,,,,https://visioneyecenterpune.in/,hospital,18.508043,73.8059557,Hospital
13650019585,node,Ruby hall hospital,hospital,,,,,,,18.5327335,73.8773676,Hospital
13666423748,node,Punawale Specialty Clinic,hospital,,,,,https://www.drdeepakkoliortho.com/,,18.6266336,73.7382621,Hospital
13666484240,node,Dr Sunny Dole,hospital,,,,,https://www.drsunnydoleortho.com/,,18.5019186,73.8166849,Hospital
13707525960,node,"Burute Dental - Best Dental Implant Specialist in PCMC | Dr. Mrunal Burute ,Pimpri Chinchwad ,Pune",hospital,,,,,https://burutedental.in/,Dr. Mrunal Burute,18.6469831,73.7888271,Hospital
13716623601,node,Lonavala police station,police,,,,,,,18.747556,73.4071836,Police Station
13718192637,node,Apex Cancer Clinic,hospital,,,,,https://www.oncosurgeonpune.in/,,18.6043539,73.909674,Hospital
13780010174,node,"Healing Hands Clinic - Dhole Patil Road, Pune",hospital,,,,,https://www.healinghandsclinic.co.in/pune-location/piles-fistula-hospital-in-dhole-patil-road/,,18.5326434,73.8768846,Hospital
13784287147,node,"Healing Hands Clinic - Baner, Pune",hospital,,,,,,,18.5680456,73.7685296,Hospital
13784439976,node,"Healing Hands Clinic - Katraj, Pune",hospital,,,,,,,18.4539864,73.8409138,Hospital
13801048824,node,"Healing Hands Clinic, Undri",hospital,,,,,,,18.4633824,73.9087811,Hospital
13851770436,node,,police,,,,,,,18.4574226,73.8436593,Police Station
13906817551,node,Vedant Hospital,hospital,,,,,,,18.5751216,73.6880802,Hospital
13906955646,node,Saishree Vitalife Hospital,hospital,,,,,,,18.5926958,73.7597811,Hospital
13955649584,node,Koregaon Park Police Station,police,,,,,,,18.5357577,73.8953015,Police Station
13964029513,node,Paranjpe Hospital,hospital,,,,,,,18.512019,73.8457646,Hospital
13974155350,node,Sangavi Multispecialist Hospital,hospital,yes,,,,,,18.5808564,73.8157647,Hospital
13982148732,node,Diksha Medical,hospital,yes,,,,,,18.5860613,73.8163282,Hospital
13982148735,node,Arogyam Ayurveda,hospital,,,,,,,18.5861902,73.8163362,Hospital
13982159077,node,Medi-Plus,hospital,,,,,,,18.5858727,73.8161273,Hospital
13982159078,node,Shree New Kohinoor Chemist,hospital,,,,,,,18.585897,73.8161239,Hospital
13992021701,node,Dr. Wavhal's Children Hospital & Dr. Suman's Maternity Home,hospital,,,,,,,18.6938226,74.1392833,Hospital
14017739061,node,Magarpatta City Police Station,police,,,,,,,18.52014,73.93117,Police Station
14070828062,node,Dr. Khushboo Singh Women's Clinic,hospital,,,,,https://www.drkhushboosingh.com/,Khushboo Singh,18.5598189,73.7717933,Hospital
14094165101,node,Care Multispceciality Hospital,hospital,,,,,,,18.5755245,73.9770797,Hospital
14104773224,node,HealthCity,hospital,,,,,,,18.7650297,73.8616136,Hospital
14118078732,node,Reborn Skin and Hair Clinic,hospital,no,,,,,Reborn Skin and hair Clinic,18.561871,73.7850248,Hospital
14122524750,node,Dr. Rakhi K. Dutta,hospital,,,,,https://www.drrakhidutta.com/,,18.5354363,73.8875995,Hospital
14143951386,node,Dr. Dinesh Zirpe | Liver Transplant | Pancreatic & Gall bladder specialist Surgeon,hospital,,,,,https://www.liverspecialistpune.in/#home,,18.5057106,73.9269091,Hospital
14143960891,node,Deshmukh Speciality Clinic,hospital,,,,,https://www.drshaileshdeshmukhortho.in/,,18.5540918,73.7790481,Hospital
14152911975,node,Abane Advanced Eye & Ortho Hospital,hospital,,,,,https://www.abanehospital.com/abanehospital,,18.504423,73.9417629,Hospital
14153069361,node,Dr Sarodes Clinic,hospital,,,,,https://www.drsarodesclinic.in/dramitsarode,,18.4986202,73.850348,Hospital
14160120803,node,,police,,,,,,,18.5718086,73.8373723,Police Station
14170420969,node,Dr. Rahul Pavshere | Oncosurgeon in Yerwada,hospital,,,,,https://www.oncosurgeonpune.in/,,18.5533543,73.8989438,Hospital
14174202080,node,Dr Rahul Chavan | Gynaecologist and Laparoscopic Surgeon Wakad | Ira Women's Clinic,hospital,,,,,https://www.drrahulchavan.in/,,18.6027069,73.764744,Hospital
14174244702,node,Dr. Afshan Maniyar | Gynaecologist | Fertility Treatment | Kondhwa,hospital,,,,,https://www.drafshanmaniyar.com/,,18.4774098,73.8939566,Hospital
106358633,way,Bvmfs Bharti Hospital and Research Center,hospital,,,,,,,18.4594241,73.8568236,Hospital
108099341,way,Rajiv Gandhi Hospital,hospital,,,,,,,18.5455762,73.8837641,Hospital
128968311,way,Dhanvantari Hospital,hospital,,,,,,,18.6587762,73.7977005,Hospital
162972236,way,Inamdar Hospital,hospital,yes,,,,https://www.inamdarhospital.com/,,18.5031739,73.9000186,Hospital
177085054,way,"Dhanwantari Hospital, Nigdi",hospital,yes,,,,,,18.6558664,73.7681295,Hospital
192206270,way,Sahakarnagar Police Station,police,,,,,,,18.4894643,73.849652,Police Station
207872391,way,Deenanath Mangeshkar Hospital,hospital,yes,,,,,,18.5020099,73.8328426,Hospital
215075307,way,KEM Hospital,hospital,yes,,,,http://www.kemhospital.org,,18.5202519,73.8671205,Hospital
217431359,way,Prayag Hospital,hospital,,,,,,,18.5174781,73.8427841,Hospital
217431364,way,Phadke Hospital,hospital,,,,,,,18.51833,73.8438797,Hospital
217773616,way,Poona Hospital and Research Centre,hospital,yes,,,,,,18.5106347,73.8419468,Hospital
218059566,way,Kamla Nehru Hospital,hospital,,,,,,,18.5229409,73.8621247,Hospital
218110050,way,Sancheti Hospital,hospital,yes,,,+91 8888808845,https://www.sanchetihospital.org/,,18.5299514,73.8528812,Hospital
218422372,way,Sahyadri Hospital,hospital,yes,,,,https://www.sahyadrihospital.com/,,18.5130465,73.839332,Hospital
218691368,way,Chavan Nagar - Pune Rural Police Headquarters,police,,,,,,,18.5436346,73.8228324,Police Station
218697330,way,Erandvana Fire Station,fire_station,,,,,,,18.5067169,73.8328039,Fire Station
218733858,way,Deoyani Hospital,hospital,,,,,,,18.4958863,73.8122815,Hospital
218859884,way,Noble Hospital,hospital,yes,,,,,,18.5049366,73.9271433,Hospital
218881239,way,Pune Main Fire Station,fire_station,,,,,,,18.5065191,73.8652262,Fire Station
224969009,way,Ruby Hall Clinic,hospital,yes,,,+912026163391,https://rubyhall.com/,,18.4854318,73.9047103,Hospital
229242164,way,Dr. Chame Hospital,hospital,yes,,,,,,18.6038785,73.7904463,Hospital
229849146,way,Jog Hospital,hospital,,,,,,,18.5094272,73.8211666,Hospital
238842686,way,Deendayal Memorial Hospital,hospital,,,,,,,18.5249981,73.8410861,Hospital
238842692,way,Oyster and Pearl Hospital Tulip,hospital,,,,,https://www.onphospital.com,,18.5319107,73.8472733,Hospital
249252730,way,Navalmal Firodiya Super-Speciality Hospital,hospital,,,,,,,18.5170917,73.8330188,Hospital
255661295,way,"Sanjeevan Hospital, Pune",hospital,,,,020 6725 0000,,,18.510153,73.8371083,Hospital
261258201,way,Aundh Fire Station,fire_station,,,,+912026451707,,Pune Municipal Corporation,18.5605781,73.8142749,Fire Station
261258208,way,Ratna Memorial Hospital,hospital,yes,,,+91 20 4109 7777,https://ratnahospital.in/,Maharashtra Medical Foundation,18.5276817,73.8295241,Hospital
264444880,way,Faraskhana Police Station,police,,,,,,,18.5164428,73.8558419,Police Station
265902954,way,Akurdi Police Chowky,police,,,,,,,18.6507414,73.7670685,Police Station
279403631,way,PMC - Late. Jayabai Nanasaheb Sutar Maternity Home,hospital,,,,,,,18.5036257,73.8076976,Hospital
282054948,way,Deccan Hardikar Hospital,hospital,,,,,,,18.5302227,73.847541,Hospital
290390069,way,Shashwat Hospital,hospital,,,,,,,18.5597267,73.8028513,Hospital
316588298,way,"Silver Jubilee Sub District Hospital, Baramati",hospital,,,,,,,18.1519568,74.5753117,Hospital
331500153,way,Jehangir Hospital,hospital,,,,,https://www.jehangirhospital.com/,,18.5303811,73.8766572,Hospital
342875890,way,Lokmanya Hospital,hospital,,,,,,Dr Patil,18.6561253,73.7731932,Hospital
355277879,way,Ankura Hospital,hospital,yes,,,,https://www.ankurahospitals.com/women-and-childcare-hospital-in-pune/,,18.5653971,73.8047303,Hospital
359292626,way,MOON MULTISPECIALITY HOSPITAL,hospital,,,,,,,18.6813825,73.8262706,Hospital
359295750,way,xyz hospital,hospital,yes,,,,,,18.6653586,73.7246913,Hospital
359483838,way,Morya Hospital,hospital,,,,02067306525,,,18.6274645,73.7819923,Hospital
359533380,way,Dental College - DY Patil Vidyapeeth,hospital,,,,,,,18.6244985,73.8228302,Hospital
359537126,way,Helambe Hospital,hospital,,,,,,,18.5897796,73.7520509,Hospital
359552051,way,Hinjawadi Fire Station - Phase 1,fire_station,,,,,,,18.5848454,73.7350945,Fire Station
359554796,way,,fire_station,,,,,,,18.5789357,73.7406282,Fire Station
359573681,way,Matoshri Jijaai Clinic,hospital,,,,,,,18.594101,73.7391092,Hospital
359699717,way,Dr.Ranjeet Hospital,hospital,,,,,,,18.5905216,73.7388887,Hospital
359746914,way,,hospital,,,,,,,18.5725172,73.8775563,Hospital
359791453,way,Kodre Hospital,hospital,,,,,,,18.5317166,73.9378623,Hospital
359811299,way,Primus Diagnostics - MRI CT-SCAN CENTRE,hospital,,,,,,,18.5491881,73.8923574,Hospital
359926124,way,ADITYA BIRLA MULTISPECIALITY HOSPITAL,hospital,yes,,,,,PUBLIC,18.6081213,73.8008423,Hospital
359998821,way,eshavari clinic,hospital,,,,,,shivanjali,18.5263062,73.8519014,Hospital
360237275,way,skincare clinic,hospital,,,,,,,18.4859046,73.8885861,Hospital
360252547,way,Chandralok Hospital,hospital,,,,,,,18.4803325,73.8610232,Hospital
360254782,way,Annachatre Clinic,hospital,,,,,,,18.4902121,73.8494687,Hospital
360298462,way,Bhalerao Hospital,hospital,yes,,,,,,18.6495039,73.7776817,Hospital
360306433,way,Gold Rush Hospital,hospital,,,,,,,18.550131,73.9372606,Hospital
360474279,way,Dattawadi Police Station,police,,,,,,,18.4929157,73.8481732,Police Station
360517629,way,Joshi Multispeciality Hospital,hospital,yes,,,02039936250,,,18.4468831,73.7999103,Hospital
360519337,way,Bandal complex,hospital,,,,,,,18.5072299,73.7947784,Hospital
360535525,way,Kamat Hospital,hospital,yes,,,,,,18.6297493,73.7802296,Hospital
364850270,way,ithoba Hospital,hospital,yes,,,,,Dr.Patange,18.6597094,73.7286053,Hospital
365655173,way,Sharad Hospital,hospital,yes,,,+91 20 2435 0286,,,18.4684452,73.8189649,Hospital
365655187,way,Sinhagad Road Police Station,police,,,,,,,18.4730707,73.8138595,Police Station
380417656,way,Dalvi Hospital,hospital,,,,,,,18.5331448,73.8487703,Hospital
380417657,way,Dayaram Rajguru Agnishamak Kendra,fire_station,,,,,,,18.5299362,73.8706051,Fire Station
380417659,way,"Inlaks and Budhrani Hospital,Sadhu Vaswani Mission's Medical Complex",hospital,,,,,,,18.5350309,73.8873783,Hospital
380417662,way,Naydu Rugnalay,hospital,,,,,,,18.5313529,73.8690231,Hospital
473830445,way,Dr. Bhausaheb Sardesai Talegaon Rural Hospital and M.I.M.E.R. Medical College,hospital,yes,,,,,,18.7351599,73.6752149,Hospital
515129936,way,Kothrud Fire Station,fire_station,,,,,,,18.4988922,73.8134461,Fire Station
552183184,way,Kondhwa Fire Station,fire_station,,,,,,Municipal Corporation,18.461489,73.8899306,Fire Station
641670813,way,Chaturshringi Police Station,police,,,,020 2565 5335,https://punepolice.gov.in,,18.5461302,73.8257533,Police Station
652021497,way,Jupiter Hospital,hospital,yes,,,+91-20 2799 2799;+91-20 6637 5555,https://www.jupiterhospital.com/pune/,,18.565705,73.7859923,Hospital
652054928,way,Baner Police Station,police,,,,,,,18.5686585,73.7748966,Police Station
706927370,way,Somwar Peth Police Station सोमवार पेठ पोलिस स्टेशन,police,,,,,,,18.5194625,73.8625641,Police Station
752168700,way,Dr Patil Ent Hospital,hospital,,,,,,,18.6280866,73.8034772,Hospital
758253943,way,Shintre Hospital,hospital,,,,,,Private,18.5121535,73.8497781,Hospital
821306773,way,,fire_station,,,,,,,18.5071773,73.7394512,Fire Station
869784184,way,,hospital,,,,,,,18.6621102,74.3719244,Hospital
907030435,way,Shikrapur-Talegoan Dhamdhere Police Staion,police,,,,,,,18.6953473,74.1376597,Police Station
923959268,way,,hospital,,,,,,,18.5073163,74.1097046,Hospital
987620707,way,Ruby Hospital,hospital,,,,,,,18.5899062,73.863388,Hospital
1028611648,way,Bavdhan Police Station,police,,,,+91-8856-062100,,,18.5113127,73.777488,Police Station
1032594150,way,Pashan Police station,police,,,,,,,18.5382156,73.7981062,Police Station
1041721250,way,Kondhwa traffic police chowky,police,,,,,,Pune Traffic Police,18.464748,73.8895195,Police Station
1053895577,way,,hospital,,,,,,,18.624225,73.8214375,Hospital
1086836322,way,Surya Mother and Child Care Super Speciality Hospital,hospital,,,,+91 20-67915400,https://suryahospitals.com/pune,,18.5872647,73.7580719,Hospital
1087903656,way,Khinwsara Patil Hospital,hospital,,,,,,,18.6068834,73.7684591,Hospital
1098988707,way,Hinjawadi police station,police,,,,,,Maharashtra Police,18.5861167,73.7356936,Police Station
1123804654,way,Aditya Birla Memorial Hospital,hospital,yes,,,,https://www.adityabirlahospital.com/,,18.6259753,73.7749966,Hospital
1123876090,way,,hospital,,,,,,,18.5767203,73.8050444,Hospital
1124700055,way,थेरगाव रुग्णालय,hospital,,,,,,PCMC,18.6135085,73.7814727,Hospital
1128949238,way,Global Hospital and Research Center,hospital,,,,,,,18.6464415,73.7571549,Hospital
1151476675,way,Shatayu Hospital Hinjawadi,hospital,yes,,,08390900907,https://www.shatayuhospitals.com/,,18.5958537,73.7408967,Hospital
1153129419,way,Ruby hall Clinic,hospital,yes,,,,,,18.5925514,73.7341234,Hospital
1161996883,way,Khed Police Station,police,,,,,,,18.8541242,73.8813378,Police Station
1206513176,way,Cradle maternity and women care,hospital,,,,,,,18.5907775,73.7849492,Hospital
1213939576,way,Unique Hospital,hospital,,,,,,,18.7343121,73.6902706,Hospital
1222440025,way,,police,,,,,,,18.5865997,73.7369373,Police Station
1232100918,way,Pandit Clinic,hospital,,,,,,,18.4956181,73.8594427,Hospital
1240654815,way,lonkar,hospital,no,,,,,lonkar,18.5295135,73.9363445,Hospital
1242493623,way,,police,,,,,,,18.7538781,73.4045597,Police Station
1271492108,way,,hospital,,,,,,,18.4625338,73.7747535,Hospital
1275546893,way,Pune Municipal Corporation Fire Station Wagholi,fire_station,,,,,,,18.588777,73.9692166,Fire Station
1286673858,way,Bharati Vidyapeeth Police Station,police,,,,,,,18.4590914,73.8576317,Police Station
1338292525,way,Shree Samarth General Hospital,hospital,yes,,,,,,18.661206,73.7321075,Hospital
1346021103,way,Baner Fire Station,fire_station,,,,,,,18.5602624,73.7769622,Fire Station
1351221910,way,Clove:) Dental,hospital,yes,,,,,,18.659612,73.7323125,Hospital
1356854735,way,,police,,,,,,,18.5230529,73.6157401,Police Station
1365282088,way,Shraddha Hospital,hospital,,,,,,,18.5229367,73.6139804,Hospital
1369534369,way,"Rural Hospital, Paud",hospital,,,,,,,18.5229043,73.616363,Hospital
1410470137,way,Chellaram Hospital,hospital,,,,,,,18.5197256,73.7699134,Hospital
1410509613,way,Ruby Hall Clinic Hinjawadi,hospital,,,,,,,18.5925314,73.7341294,Hospital
1410820103,way,Jupiter Hospital,hospital,,,,,,,18.5655042,73.7860137,Hospital
1411753290,way,Yashwantrao Chavan Memorial Hospital,hospital,,,,,,,18.6220146,73.8210657,Hospital
1411851629,way,Life Republic Fire Station,fire_station,,,,,,,18.6218064,73.7159837,Fire Station
1412445622,way,PBMA H V Desai Eye Hospital,hospital,,,,,,,18.4726519,73.9239903,Hospital
1412654212,way,Thergaon Hospital,hospital,,,,,,,18.6133389,73.7816035,Hospital
1412791747,way,Asian Eye Hospital,hospital,,,,,,,18.5315759,73.8758238,Hospital
1428211327,way,FIRST AID CENTER,hospital,,,,,,School,18.6085492,73.7480085,Hospital
1430470190,way,Kharadi Police Station,police,,,,,,Police,18.5490279,73.9474895,Police Station
1454583043,way,hospital,hospital,,,,,,,18.6570196,73.7226986,Hospital
1458957942,way,Riddhi hospital,hospital,,,,,,,18.6610544,73.8885229,Hospital
1459187088,way,,hospital,,,,,,,18.639993,73.8452946,Hospital
1466751926,way,Maharshi Nagar Police Chowki,police,,,,+91 20 24261871,,,18.4933317,73.8711087,Police Station
1487975650,way,Morya Medical,hospital,yes,,,,,,18.6270869,73.7820315,Hospital
1531107141,way,Unity Hospital,hospital,,,,,,,18.5640862,73.8126748,Hospital
1533440293,way,Anjali,hospital,,,,,,,18.6200398,73.801125,Hospital
1534206097,way,,hospital,,,,,,,18.7062376,74.1391915,Hospital
1550971040,way,Clinic,hospital,,,,,,,18.4927219,73.8396966,Hospital
1550971041,way,,hospital,,,,,,,18.4925024,73.8396282,Hospital
1550971042,way,,hospital,,,,,,,18.4928026,73.8397815,Hospital
1550971043,way,,hospital,,,,,,,18.4929803,73.839826,Hospital
1550971044,way,,hospital,,,,,,,18.4931274,73.8399115,Hospital
1550971045,way,,hospital,,,,,,,18.4931587,73.8399385,Hospital
1550971046,way,,hospital,,,,,,,18.4934859,73.840141,Hospital
1550971047,way,,hospital,,,,,,,18.4935753,73.8403617,Hospital
1550975455,way,Parvati0 police station,police,,,,,,,18.4956471,73.842194,Police Station
1557337223,way,EKANSHI MULTISPECIALITY HOSPITAL,hospital,,,,,https://www.ekanshihospital.com/,,18.4727449,73.9316539,Hospital
1558111967,way,,hospital,,,,,,,18.4756188,73.9316165,Hospital
3148227,relation,Military Hospital Cardio-Thoracic Center,hospital,,,,,,,18.4924665,73.8824204,Hospital
5354797,relation,Aundh Chest Hospital,hospital,,,,,,,18.5762117,73.806359,Hospital
5364499,relation,Vinayak Hospital warje pune,hospital,,,,,,,18.4857183,73.7967635,Hospital
5664301,relation,Seth Tarachand Hospital,hospital,,,,,,,18.5177546,73.8638844,Hospital
